total_return,annualized_return,annualized_volatility,sharpe_rf0,max_drawdown,trade_count,trade_action_count,avg_exposure,latest_momentum,latest_exposure,max_drawdown_integral,max_drawdown_episode_integral,full_history_drawdown_integral,worst_drawdown_episode_integral,latest_holding_code,latest_holding_theme,latest_holding_name,latest_portfolio,strategy,treasury_code,risk_cap,ratio_cut,breadth_cut,short_ratio_cut,annualized_diff,sharpe_diff,max_drawdown_integral_diff,is_valid_change
20.27869110743695,0.24154368903445378,0.21061989460832706,1.146822760896511,-0.21671694704101574,900,1630,0.8194491994177584,0.026011560693641522,0.8,214.18920188892386,39.000853215913864,214.18920188892386,39.000853215913864,159985,豆粕,豆粕ETF,豆粕 / 豆粕ETF (159985) 80%,regime_mix_rm511580_rm513650_volume_guard_ag28_co27_vr91_vs90_vb01_vg30_cap08_hi04_dd02_rm06_vm16_oh25_ohh32__proxy_hybrid_breadth_blend_vr91_vs90_vb-1__stressbond_511260_vr900_vb-10_cap15_vsna,511260,0.15000000000000002,0.9,-0.03,,0.0003443084750414105,0.001986565442013921,-0.22577696096143995,True
20.268786187675577,0.24150278800610225,0.21286485576904893,1.1345357463240644,-0.23451877525439802,870,1552,0.8194491994177584,0.026011560693641522,0.8,218.44109815234737,41.69620097124929,218.44109815234737,41.69620097124929,159985,豆粕,豆粕ETF,豆粕 / 豆粕ETF (159985) 80%,regime_mix_rm511580_rm513650_volume_guard_ag28_co27_vr91_vs90_vb01_vg30_cap08_hi04_dd02_rm06_vm16_oh25_ohh32__proxy_hybrid_breadth_blend_vr91_vs90_vb-1__stressbond_511260_vr900_vb-10_cap15_vs90,511260,0.15000000000000002,0.9,-0.03,0.9,0.00030340744668988506,-0.010300449130432598,4.026119302462064,False
20.268786187675577,0.24150278800610225,0.21286485576904893,1.1345357463240644,-0.23451877525439802,870,1552,0.8194491994177584,0.026011560693641522,0.8,218.44109815234737,41.69620097124929,218.44109815234737,41.69620097124929,159985,豆粕,豆粕ETF,豆粕 / 豆粕ETF (159985) 80%,regime_mix_rm511580_rm513650_volume_guard_ag28_co27_vr91_vs90_vb01_vg30_cap08_hi04_dd02_rm06_vm16_oh25_ohh32__proxy_hybrid_breadth_blend_vr91_vs90_vb-1__stressbond_511260_vr900_vb-05_cap15_vs90,511260,0.15000000000000002,0.9,-0.024999999999999998,0.9,0.00030340744668988506,-0.010300449130432598,4.026119302462064,False
20.26028368811913,0.24146766396191777,0.21220834917062176,1.1378801300969108,-0.2345187752543979,883,1587,0.8194491994177584,0.026011560693641522,0.8,218.65390858233945,41.696200971249304,218.65390858233945,41.696200971249304,159985,豆粕,豆粕ETF,豆粕 / 豆粕ETF (159985) 80%,regime_mix_rm511580_rm513650_volume_guard_ag28_co27_vr91_vs90_vb01_vg30_cap08_hi04_dd02_rm06_vm16_oh25_ohh32__proxy_hybrid_breadth_blend_vr91_vs90_vb-1__stressbond_511260_vr900_vb-15_cap15_vs95,511260,0.15000000000000002,0.9,-0.034999999999999996,0.95,0.00026828340250539817,-0.006956065357586194,4.238929732454153,False
20.195444277603094,0.24119938055941237,0.21068462153544756,1.144836195454497,-0.21800756192770088,900,1630,0.8194491994177584,0.026011560693641522,0.8,214.4149788498853,39.235787952184474,214.4149788498853,39.235787952184474,159985,豆粕,豆粕ETF,豆粕 / 豆粕ETF (159985) 80%,regime_mix_rm511580_rm513650_volume_guard_ag28_co27_vr91_vs90_vb01_vg30_cap08_hi04_dd02_rm06_vm16_oh25_ohh32__proxy_hybrid_breadth_blend_vr91_vs90_vb-1__stressbond_511260_vr90_vb-1_cap20,511260,0.2,0.9,-0.03,,0.0,0.0,0.0,False
20.195444277603094,0.24119938055941237,0.21068462153544756,1.144836195454497,-0.21800756192770088,900,1630,0.8194491994177584,0.026011560693641522,0.8,214.4149788498853,39.235787952184474,214.4149788498853,39.235787952184474,159985,豆粕,豆粕ETF,豆粕 / 豆粕ETF (159985) 80%,regime_mix_rm511580_rm513650_volume_guard_ag28_co27_vr91_vs90_vb01_vg30_cap08_hi04_dd02_rm06_vm16_oh25_ohh32__proxy_hybrid_breadth_blend_vr91_vs90_vb-1__stressbond_511260_vr900_vb-10_cap20_vsna,511260,0.2,0.9,-0.03,,0.0,0.0,0.0,False
20.194829741257934,0.24119683417085502,0.212870136104976,1.133070324396795,-0.23451877525439802,872,1558,0.8194491994177584,0.026011560693641522,0.8,218.5209636892302,41.69620097124929,218.5209636892302,41.69620097124929,159985,豆粕,豆粕ETF,豆粕 / 豆粕ETF (159985) 80%,regime_mix_rm511580_rm513650_volume_guard_ag28_co27_vr91_vs90_vb01_vg30_cap08_hi04_dd02_rm06_vm16_oh25_ohh32__proxy_hybrid_breadth_blend_vr91_vs90_vb-1__stressbond_511260_vr900_vb-15_cap15_vs90,511260,0.15000000000000002,0.9,-0.034999999999999996,0.9,-2.546388557345125e-06,-0.011765871057701993,4.105984839344899,False
20.193249282183277,0.24119028507641982,0.2122485953551335,1.1363575088582387,-0.23421214399797918,883,1587,0.8194491994177584,0.026011560693641522,0.8,218.53165807491143,41.59543618802022,218.53165807491143,41.59543618802022,159985,豆粕,豆粕ETF,豆粕 / 豆粕ETF (159985) 80%,regime_mix_rm511580_rm513650_volume_guard_ag28_co27_vr91_vs90_vb01_vg30_cap08_hi04_dd02_rm06_vm16_oh25_ohh32__proxy_hybrid_breadth_blend_vr91_vs90_vb-1__stressbond_511260_vr900_vb-15_cap20_vs95,511260,0.2,0.9,-0.034999999999999996,0.95,-9.095482992549364e-06,-0.008478686596258278,4.116679225026132,False
20.19168898262373,0.24118381907362996,0.21286062841598816,1.1330597906640139,-0.23729356749815012,871,1555,0.8194491994177584,0.026011560693641522,0.8,218.98195325175402,42.23705607065587,218.98195325175402,42.23705607065587,159985,豆粕,豆粕ETF,豆粕 / 豆粕ETF (159985) 80%,regime_mix_rm511580_rm513650_volume_guard_ag28_co27_vr91_vs90_vb01_vg30_cap08_hi04_dd02_rm06_vm16_oh25_ohh32__proxy_hybrid_breadth_blend_vr91_vs90_vb-1__stressbond_511260_vr905_vb-10_cap15_vs90,511260,0.15000000000000002,0.905,-0.03,0.9,-1.5561485782411566e-05,-0.011776404790483141,4.56697440186872,False
20.19168898262373,0.24118381907362996,0.21286062841598816,1.1330597906640139,-0.23729356749815012,871,1555,0.8194491994177584,0.026011560693641522,0.8,218.98195325175402,42.23705607065587,218.98195325175402,42.23705607065587,159985,豆粕,豆粕ETF,豆粕 / 豆粕ETF (159985) 80%,regime_mix_rm511580_rm513650_volume_guard_ag28_co27_vr91_vs90_vb01_vg30_cap08_hi04_dd02_rm06_vm16_oh25_ohh32__proxy_hybrid_breadth_blend_vr91_vs90_vb-1__stressbond_511260_vr905_vb-05_cap15_vs90,511260,0.15000000000000002,0.905,-0.024999999999999998,0.9,-1.5561485782411566e-05,-0.011776404790483141,4.56697440186872,False
20.168049617536123,0.24108580154279702,0.2128699517639597,1.1325497072039759,-0.23510019099223245,873,1554,0.8194491994177584,0.026011560693641522,0.8,218.6899592618979,41.888433240766915,218.6899592618979,41.888433240766915,159985,豆粕,豆粕ETF,豆粕 / 豆粕ETF (159985) 80%,regime_mix_rm511580_rm513650_volume_guard_ag28_co27_vr91_vs90_vb01_vg30_cap08_hi04_dd02_rm06_vm16_oh25_ohh32__proxy_hybrid_breadth_blend_vr91_vs90_vb-1__stressbond_511260_vr890_vb-10_cap15_vs90,511260,0.15000000000000002,0.89,-0.03,0.9,-0.00011357901661535053,-0.012286488250521144,4.27498041201261,False
20.168049617536123,0.24108580154279702,0.2128699517639597,1.1325497072039759,-0.23510019099223245,873,1554,0.8194491994177584,0.026011560693641522,0.8,218.6899592618979,41.888433240766915,218.6899592618979,41.888433240766915,159985,豆粕,豆粕ETF,豆粕 / 豆粕ETF (159985) 80%,regime_mix_rm511580_rm513650_volume_guard_ag28_co27_vr91_vs90_vb01_vg30_cap08_hi04_dd02_rm06_vm16_oh25_ohh32__proxy_hybrid_breadth_blend_vr91_vs90_vb-1__stressbond_511260_vr890_vb-05_cap15_vs90,511260,0.15000000000000002,0.89,-0.024999999999999998,0.9,-0.00011357901661535053,-0.012286488250521144,4.27498041201261,False
20.168049617536123,0.24108580154279702,0.2128699517639597,1.1325497072039759,-0.23510019099223245,873,1554,0.8194491994177584,0.026011560693641522,0.8,218.6899592618979,41.888433240766915,218.6899592618979,41.888433240766915,159985,豆粕,豆粕ETF,豆粕 / 豆粕ETF (159985) 80%,regime_mix_rm511580_rm513650_volume_guard_ag28_co27_vr91_vs90_vb01_vg30_cap08_hi04_dd02_rm06_vm16_oh25_ohh32__proxy_hybrid_breadth_blend_vr91_vs90_vb-1__stressbond_511260_vr895_vb-10_cap15_vs90,511260,0.15000000000000002,0.895,-0.03,0.9,-0.00011357901661535053,-0.012286488250521144,4.27498041201261,False
20.168049617536123,0.24108580154279702,0.2128699517639597,1.1325497072039759,-0.23510019099223245,873,1554,0.8194491994177584,0.026011560693641522,0.8,218.6899592618979,41.888433240766915,218.6899592618979,41.888433240766915,159985,豆粕,豆粕ETF,豆粕 / 豆粕ETF (159985) 80%,regime_mix_rm511580_rm513650_volume_guard_ag28_co27_vr91_vs90_vb01_vg30_cap08_hi04_dd02_rm06_vm16_oh25_ohh32__proxy_hybrid_breadth_blend_vr91_vs90_vb-1__stressbond_511260_vr895_vb-05_cap15_vs90,511260,0.15000000000000002,0.895,-0.024999999999999998,0.9,-0.00011357901661535053,-0.012286488250521144,4.27498041201261,False
20.163353318590936,0.24106631684420066,0.21288679987126488,1.1323685498113376,-0.23421214399797885,870,1552,0.8194491994177584,0.026011560693641522,0.8,218.4074216937054,41.595436188020216,218.4074216937054,41.595436188020216,159985,豆粕,豆粕ETF,豆粕 / 豆粕ETF (159985) 80%,regime_mix_rm511580_rm513650_volume_guard_ag28_co27_vr91_vs90_vb01_vg30_cap08_hi04_dd02_rm06_vm16_oh25_ohh32__proxy_hybrid_breadth_blend_vr91_vs90_vb-1__stressbond_511260_vr900_vb-10_cap20_vs90,511260,0.2,0.9,-0.03,0.9,-0.000133063715211712,-0.012467645643159386,3.9924428438201005,False
20.163353318590936,0.24106631684420066,0.21288679987126488,1.1323685498113376,-0.23421214399797885,870,1552,0.8194491994177584,0.026011560693641522,0.8,218.4074216937054,41.595436188020216,218.4074216937054,41.595436188020216,159985,豆粕,豆粕ETF,豆粕 / 豆粕ETF (159985) 80%,regime_mix_rm511580_rm513650_volume_guard_ag28_co27_vr91_vs90_vb01_vg30_cap08_hi04_dd02_rm06_vm16_oh25_ohh32__proxy_hybrid_breadth_blend_vr91_vs90_vb-1__stressbond_511260_vr900_vb-05_cap20_vs90,511260,0.2,0.9,-0.024999999999999998,0.9,-0.000133063715211712,-0.012467645643159386,3.9924428438201005,False
20.15958738885527,0.24105068929580797,0.21221345981067521,1.135887843828849,-0.23510019099223367,886,1589,0.8194491994177584,0.026011560693641522,0.8,218.9020904597765,41.888433240767164,218.9020904597765,41.888433240767164,159985,豆粕,豆粕ETF,豆粕 / 豆粕ETF (159985) 80%,regime_mix_rm511580_rm513650_volume_guard_ag28_co27_vr91_vs90_vb01_vg30_cap08_hi04_dd02_rm06_vm16_oh25_ohh32__proxy_hybrid_breadth_blend_vr91_vs90_vb-1__stressbond_511260_vr890_vb-15_cap15_vs95,511260,0.15000000000000002,0.89,-0.034999999999999996,0.95,-0.00014869126360439466,-0.008948351625647888,4.487111609891201,False
20.15958738885527,0.24105068929580797,0.21221345981067521,1.135887843828849,-0.23510019099223367,886,1589,0.8194491994177584,0.026011560693641522,0.8,218.9020904597765,41.888433240767164,218.9020904597765,41.888433240767164,159985,豆粕,豆粕ETF,豆粕 / 豆粕ETF (159985) 80%,regime_mix_rm511580_rm513650_volume_guard_ag28_co27_vr91_vs90_vb01_vg30_cap08_hi04_dd02_rm06_vm16_oh25_ohh32__proxy_hybrid_breadth_blend_vr91_vs90_vb-1__stressbond_511260_vr895_vb-15_cap15_vs95,511260,0.15000000000000002,0.895,-0.034999999999999996,0.95,-0.00014869126360439466,-0.008948351625647888,4.487111609891201,False
20.127811214092837,0.24091872410902337,0.21225212709677538,1.1350591742205607,-0.23455152948545344,886,1589,0.8194491994177584,0.026011560693641522,0.8,218.681962923352,41.70764624654322,218.681962923352,41.70764624654322,159985,豆粕,豆粕ETF,豆粕 / 豆粕ETF (159985) 80%,regime_mix_rm511580_rm513650_volume_guard_ag28_co27_vr91_vs90_vb01_vg30_cap08_hi04_dd02_rm06_vm16_oh25_ohh32__proxy_hybrid_breadth_blend_vr91_vs90_vb-1__stressbond_511260_vr890_vb-15_cap20_vs95,511260,0.2,0.89,-0.034999999999999996,0.95,-0.0002806564503889941,-0.009777021233936312,4.266984073466688,False
20.127811214092837,0.24091872410902337,0.21225212709677538,1.1350591742205607,-0.23455152948545344,886,1589,0.8194491994177584,0.026011560693641522,0.8,218.681962923352,41.70764624654322,218.681962923352,41.70764624654322,159985,豆粕,豆粕ETF,豆粕 / 豆粕ETF (159985) 80%,regime_mix_rm511580_rm513650_volume_guard_ag28_co27_vr91_vs90_vb01_vg30_cap08_hi04_dd02_rm06_vm16_oh25_ohh32__proxy_hybrid_breadth_blend_vr91_vs90_vb-1__stressbond_511260_vr895_vb-15_cap20_vs95,511260,0.2,0.895,-0.034999999999999996,0.95,-0.0002806564503889941,-0.009777021233936312,4.266984073466688,False
20.125731026037332,0.24091007874030157,0.21229995837953558,1.134762722419468,-0.2339057377649173,883,1587,0.8194491994177584,0.026011560693641522,0.8,218.4176031895998,41.49474560359938,218.4176031895998,41.49474560359938,159985,豆粕,豆粕ETF,豆粕 / 豆粕ETF (159985) 80%,regime_mix_rm511580_rm513650_volume_guard_ag28_co27_vr91_vs90_vb01_vg30_cap08_hi04_dd02_rm06_vm16_oh25_ohh32__proxy_hybrid_breadth_blend_vr91_vs90_vb-1__stressbond_511260_vr900_vb-15_cap25_vs95,511260,0.25,0.9,-0.034999999999999996,0.95,-0.0002893018191107988,-0.010073473035028924,4.002624339714487,False
20.118000620866134,0.24087794384454408,0.21286590758650203,1.131594751717857,-0.23729356749815012,873,1561,0.8194491994177584,0.026011560693641522,0.8,219.06181878863669,42.23705607065587,219.06181878863669,42.23705607065587,159985,豆粕,豆粕ETF,豆粕 / 豆粕ETF (159985) 80%,regime_mix_rm511580_rm513650_volume_guard_ag28_co27_vr91_vs90_vb01_vg30_cap08_hi04_dd02_rm06_vm16_oh25_ohh32__proxy_hybrid_breadth_blend_vr91_vs90_vb-1__stressbond_511260_vr905_vb-15_cap15_vs90,511260,0.15000000000000002,0.905,-0.034999999999999996,0.9,-0.00032143671486828396,-0.013241443736639935,4.646839938751384,False
20.114925869869857,0.24086515922456564,0.21060790510102975,1.1436662793308794,-0.21671694704101574,900,1630,0.8194491994177584,0.026011560693641522,0.8,214.24611243691464,39.000853215913864,214.24611243691464,39.000853215913864,159985,豆粕,豆粕ETF,豆粕 / 豆粕ETF (159985) 80%,regime_mix_rm511580_rm513650_volume_guard_ag28_co27_vr91_vs90_vb01_vg30_cap08_hi04_dd02_rm06_vm16_oh25_ohh32__proxy_hybrid_breadth_blend_vr91_vs90_vb-1__stressbond_511260_vr900_vb-05_cap15_vsna,511260,0.15000000000000002,0.9,-0.024999999999999998,,-0.00033422133484672933,-0.0011699161236176092,-0.16886641297065808,False
20.11424129564415,0.24086231257281687,0.21289073806509304,1.1313893444212275,-0.23421214399797885,872,1558,0.8194491994177584,0.026011560693641522,0.8,218.4636055982075,41.595436188020216,218.4636055982075,41.595436188020216,159985,豆粕,豆粕ETF,豆粕 / 豆粕ETF (159985) 80%,regime_mix_rm511580_rm513650_volume_guard_ag28_co27_vr91_vs90_vb01_vg30_cap08_hi04_dd02_rm06_vm16_oh25_ohh32__proxy_hybrid_breadth_blend_vr91_vs90_vb-1__stressbond_511260_vr900_vb-15_cap20_vs90,511260,0.2,0.9,-0.034999999999999996,0.9,-0.0003370679865954962,-0.01344685103326948,4.048626748322192,False
20.11220517237987,0.24085384529393994,0.2128835112553488,1.1313879777426321,-0.23606292013141195,871,1555,0.8194491994177584,0.026011560693641522,0.8,218.76816994607472,41.95618444038951,218.76816994607472,41.95618444038951,159985,豆粕,豆粕ETF,豆粕 / 豆粕ETF (159985) 80%,regime_mix_rm511580_rm513650_volume_guard_ag28_co27_vr91_vs90_vb01_vg30_cap08_hi04_dd02_rm06_vm16_oh25_ohh32__proxy_hybrid_breadth_blend_vr91_vs90_vb-1__stressbond_511260_vr905_vb-10_cap20_vs90,511260,0.2,0.905,-0.03,0.9,-0.00034553526547242974,-0.013448217711864885,4.35319109618942,False
20.11220517237987,0.24085384529393994,0.2128835112553488,1.1313879777426321,-0.23606292013141195,871,1555,0.8194491994177584,0.026011560693641522,0.8,218.76816994607472,41.95618444038951,218.76816994607472,41.95618444038951,159985,豆粕,豆粕ETF,豆粕 / 豆粕ETF (159985) 80%,regime_mix_rm511580_rm513650_volume_guard_ag28_co27_vr91_vs90_vb01_vg30_cap08_hi04_dd02_rm06_vm16_oh25_ohh32__proxy_hybrid_breadth_blend_vr91_vs90_vb-1__stressbond_511260_vr905_vb-05_cap20_vs90,511260,0.2,0.905,-0.024999999999999998,0.9,-0.00034553526547242974,-0.013448217711864885,4.35319109618942,False
20.11118792664567,0.2408496147631769,0.2107711957720324,1.142706496876722,-0.21929854271150506,900,1630,0.8194491994177584,0.026011560693641522,0.8,214.64442204265248,39.47100788527968,214.64442204265248,39.47100788527968,159985,豆粕,豆粕ETF,豆粕 / 豆粕ETF (159985) 80%,regime_mix_rm511580_rm513650_volume_guard_ag28_co27_vr91_vs90_vb01_vg30_cap08_hi04_dd02_rm06_vm16_oh25_ohh32__proxy_hybrid_breadth_blend_vr91_vs90_vb-1__stressbond_511260_vr900_vb-10_cap25_vsna,511260,0.25,0.9,-0.03,,-0.00034976579623546833,-0.0021296985777750077,0.22944319276717806,False
20.111173454154425,0.24084955457348278,0.2121795165393917,1.135121610708206,-0.23384515195915534,881,1581,0.8194491994177584,0.026011560693641522,0.8,218.71224263481142,41.47473987752472,218.71224263481142,41.47473987752472,159985,豆粕,豆粕ETF,豆粕 / 豆粕ETF (159985) 80%,regime_mix_rm511580_rm513650_volume_guard_ag28_co27_vr91_vs90_vb01_vg30_cap08_hi04_dd02_rm06_vm16_oh25_ohh32__proxy_hybrid_breadth_blend_vr91_vs90_vb-1__stressbond_511260_vr900_vb-10_cap15_vs95,511260,0.15000000000000002,0.9,-0.03,0.95,-0.000349825985929586,-0.009714584746290944,4.297263784926116,False
20.110228132125705,0.24084562298736012,0.2128798016817517,1.131369068764055,-0.23451877525439724,873,1555,0.8194491994177584,0.026011560693641522,0.8,218.5738638994528,41.69620097124911,218.5738638994528,41.69620097124911,159985,豆粕,豆粕ETF,豆粕 / 豆粕ETF (159985) 80%,regime_mix_rm511580_rm513650_volume_guard_ag28_co27_vr91_vs90_vb01_vg30_cap08_hi04_dd02_rm06_vm16_oh25_ohh32__proxy_hybrid_breadth_blend_vr91_vs90_vb-1__stressbond_511260_vr900_vb-20_cap15_vs90,511260,0.15000000000000002,0.9,-0.04,0.9,-0.000353757572052249,-0.013467126690442033,4.158885049567488,False
20.09800755980506,0.24079478299990864,0.21289032117479353,1.1310743563687151,-0.2345515294854531,873,1554,0.8194491994177584,0.026011560693641522,0.8,218.55794005981423,41.70764624654318,218.55794005981423,41.70764624654318,159985,豆粕,豆粕ETF,豆粕 / 豆粕ETF (159985) 80%,regime_mix_rm511580_rm513650_volume_guard_ag28_co27_vr91_vs90_vb01_vg30_cap08_hi04_dd02_rm06_vm16_oh25_ohh32__proxy_hybrid_breadth_blend_vr91_vs90_vb-1__stressbond_511260_vr890_vb-10_cap20_vs90,511260,0.2,0.89,-0.03,0.9,-0.00040459755950372767,-0.01376183908578188,4.142961209928927,False
20.09800755980506,0.24079478299990864,0.21289032117479353,1.1310743563687151,-0.2345515294854531,873,1554,0.8194491994177584,0.026011560693641522,0.8,218.55794005981423,41.70764624654318,218.55794005981423,41.70764624654318,159985,豆粕,豆粕ETF,豆粕 / 豆粕ETF (159985) 80%,regime_mix_rm511580_rm513650_volume_guard_ag28_co27_vr91_vs90_vb01_vg30_cap08_hi04_dd02_rm06_vm16_oh25_ohh32__proxy_hybrid_breadth_blend_vr91_vs90_vb-1__stressbond_511260_vr890_vb-05_cap20_vs90,511260,0.2,0.89,-0.024999999999999998,0.9,-0.00040459755950372767,-0.01376183908578188,4.142961209928927,False
20.09800755980506,0.24079478299990864,0.21289032117479353,1.1310743563687151,-0.2345515294854531,873,1554,0.8194491994177584,0.026011560693641522,0.8,218.55794005981423,41.70764624654318,218.55794005981423,41.70764624654318,159985,豆粕,豆粕ETF,豆粕 / 豆粕ETF (159985) 80%,regime_mix_rm511580_rm513650_volume_guard_ag28_co27_vr91_vs90_vb01_vg30_cap08_hi04_dd02_rm06_vm16_oh25_ohh32__proxy_hybrid_breadth_blend_vr91_vs90_vb-1__stressbond_511260_vr895_vb-10_cap20_vs90,511260,0.2,0.895,-0.03,0.9,-0.00040459755950372767,-0.01376183908578188,4.142961209928927,False
20.09800755980506,0.24079478299990864,0.21289032117479353,1.1310743563687151,-0.2345515294854531,873,1554,0.8194491994177584,0.026011560693641522,0.8,218.55794005981423,41.70764624654318,218.55794005981423,41.70764624654318,159985,豆粕,豆粕ETF,豆粕 / 豆粕ETF (159985) 80%,regime_mix_rm511580_rm513650_volume_guard_ag28_co27_vr91_vs90_vb01_vg30_cap08_hi04_dd02_rm06_vm16_oh25_ohh32__proxy_hybrid_breadth_blend_vr91_vs90_vb-1__stressbond_511260_vr895_vb-05_cap20_vs90,511260,0.2,0.895,-0.024999999999999998,0.9,-0.00040459755950372767,-0.01376183908578188,4.142961209928927,False
20.09540400964346,0.24078394818265103,0.21230176287021468,1.1341589675345665,-0.23400276971219724,886,1589,0.8194491994177584,0.026011560693641522,0.8,218.4683077029718,41.526826927418796,218.4683077029718,41.526826927418796,159985,豆粕,豆粕ETF,豆粕 / 豆粕ETF (159985) 80%,regime_mix_rm511580_rm513650_volume_guard_ag28_co27_vr91_vs90_vb01_vg30_cap08_hi04_dd02_rm06_vm16_oh25_ohh32__proxy_hybrid_breadth_blend_vr91_vs90_vb-1__stressbond_511260_vr890_vb-15_cap25_vs95,511260,0.25,0.89,-0.034999999999999996,0.95,-0.0004154323767613377,-0.010677227919930532,4.053328853086498,False
20.09540400964346,0.24078394818265103,0.21230176287021468,1.1341589675345665,-0.23400276971219724,886,1589,0.8194491994177584,0.026011560693641522,0.8,218.4683077029718,41.526826927418796,218.4683077029718,41.526826927418796,159985,豆粕,豆粕ETF,豆粕 / 豆粕ETF (159985) 80%,regime_mix_rm511580_rm513650_volume_guard_ag28_co27_vr91_vs90_vb01_vg30_cap08_hi04_dd02_rm06_vm16_oh25_ohh32__proxy_hybrid_breadth_blend_vr91_vs90_vb-1__stressbond_511260_vr895_vb-15_cap25_vs95,511260,0.25,0.895,-0.034999999999999996,0.95,-0.0004154323767613377,-0.010677227919930532,4.053328853086498,False
20.094443455271396,0.24077995046898493,0.21287523032357378,1.1310848617896763,-0.23510019099223245,875,1560,0.8194491994177584,0.026011560693641522,0.8,218.76982479878063,41.888433240766915,218.76982479878063,41.888433240766915,159985,豆粕,豆粕ETF,豆粕 / 豆粕ETF (159985) 80%,regime_mix_rm511580_rm513650_volume_guard_ag28_co27_vr91_vs90_vb01_vg30_cap08_hi04_dd02_rm06_vm16_oh25_ohh32__proxy_hybrid_breadth_blend_vr91_vs90_vb-1__stressbond_511260_vr890_vb-15_cap15_vs90,511260,0.15000000000000002,0.89,-0.034999999999999996,0.9,-0.0004194300904274417,-0.01375133366482073,4.354845948895331,False
20.094443455271396,0.24077995046898493,0.21287523032357378,1.1310848617896763,-0.23510019099223245,875,1560,0.8194491994177584,0.026011560693641522,0.8,218.76982479878063,41.888433240766915,218.76982479878063,41.888433240766915,159985,豆粕,豆粕ETF,豆粕 / 豆粕ETF (159985) 80%,regime_mix_rm511580_rm513650_volume_guard_ag28_co27_vr91_vs90_vb01_vg30_cap08_hi04_dd02_rm06_vm16_oh25_ohh32__proxy_hybrid_breadth_blend_vr91_vs90_vb-1__stressbond_511260_vr895_vb-15_cap15_vs90,511260,0.15000000000000002,0.895,-0.034999999999999996,0.9,-0.0004194300904274417,-0.01375133366482073,4.354845948895331,False
20.09379129914238,0.2407772361759113,0.21068967927857224,1.1428050818642974,-0.2189276913062631,902,1633,0.8194491994177584,0.026011560693641522,0.8,215.42579717638267,39.70136174529583,215.42579717638267,39.70136174529583,159985,豆粕,豆粕ETF,豆粕 / 豆粕ETF (159985) 80%,regime_mix_rm511580_rm513650_volume_guard_ag28_co27_vr91_vs90_vb01_vg30_cap08_hi04_dd02_rm06_vm16_oh25_ohh32__proxy_hybrid_breadth_blend_vr91_vs90_vb-1__stressbond_511260_vr900_vb-15_cap15_vsna,511260,0.15000000000000002,0.9,-0.034999999999999996,,-0.0004221443835010774,-0.0020311135901995847,1.0108183264973718,False
20.063211844655537,0.24064987594825116,0.21288744894550216,1.1304089420971737,-0.23606292013141195,873,1561,0.8194491994177584,0.026011560693641522,0.8,218.82435385057676,41.95618444038951,218.82435385057676,41.95618444038951,159985,豆粕,豆粕ETF,豆粕 / 豆粕ETF (159985) 80%,regime_mix_rm511580_rm513650_volume_guard_ag28_co27_vr91_vs90_vb01_vg30_cap08_hi04_dd02_rm06_vm16_oh25_ohh32__proxy_hybrid_breadth_blend_vr91_vs90_vb-1__stressbond_511260_vr905_vb-15_cap20_vs90,511260,0.2,0.905,-0.034999999999999996,0.9,-0.0005495046111612112,-0.01442725335732331,4.409375000691455,False
20.05988980444758,0.24063602965337005,0.21289715998532524,1.130292342415262,-0.2342121439979783,873,1555,0.8194491994177584,0.026011560693641522,0.8,218.49774285607697,41.595436188020045,218.49774285607697,41.595436188020045,159985,豆粕,豆粕ETF,豆粕 / 豆粕ETF (159985) 80%,regime_mix_rm511580_rm513650_volume_guard_ag28_co27_vr91_vs90_vb01_vg30_cap08_hi04_dd02_rm06_vm16_oh25_ohh32__proxy_hybrid_breadth_blend_vr91_vs90_vb-1__stressbond_511260_vr900_vb-20_cap20_vs90,511260,0.2,0.9,-0.04,0.9,-0.0005633509060423147,-0.014543853039235,4.082764006191667,False
20.0580302969426,0.2406282783225564,0.2129153054753193,1.130159608701543,-0.23390573776491652,870,1552,0.8194491994177584,0.026011560693641522,0.8,218.38016031665632,41.49474560359913,218.38016031665632,41.49474560359913,159985,豆粕,豆粕ETF,豆粕 / 豆粕ETF (159985) 80%,regime_mix_rm511580_rm513650_volume_guard_ag28_co27_vr91_vs90_vb01_vg30_cap08_hi04_dd02_rm06_vm16_oh25_ohh32__proxy_hybrid_breadth_blend_vr91_vs90_vb-1__stressbond_511260_vr900_vb-10_cap25_vs90,511260,0.25,0.9,-0.03,0.9,-0.0005711022368559693,-0.014676586752953913,3.965181466771014,False
20.0580302969426,0.2406282783225564,0.2129153054753193,1.130159608701543,-0.23390573776491652,870,1552,0.8194491994177584,0.026011560693641522,0.8,218.38016031665632,41.49474560359913,218.38016031665632,41.49474560359913,159985,豆粕,豆粕ETF,豆粕 / 豆粕ETF (159985) 80%,regime_mix_rm511580_rm513650_volume_guard_ag28_co27_vr91_vs90_vb01_vg30_cap08_hi04_dd02_rm06_vm16_oh25_ohh32__proxy_hybrid_breadth_blend_vr91_vs90_vb-1__stressbond_511260_vr900_vb-05_cap25_vs90,511260,0.25,0.9,-0.024999999999999998,0.9,-0.0005711022368559693,-0.014676586752953913,3.965181466771014,False
20.049047179292096,0.2405908233627745,0.21289425858724842,1.1300954049175331,-0.2345515294854531,875,1560,0.8194491994177584,0.026011560693641522,0.8,218.61412396431626,41.70764624654318,218.61412396431626,41.70764624654318,159985,豆粕,豆粕ETF,豆粕 / 豆粕ETF (159985) 80%,regime_mix_rm511580_rm513650_volume_guard_ag28_co27_vr91_vs90_vb01_vg30_cap08_hi04_dd02_rm06_vm16_oh25_ohh32__proxy_hybrid_breadth_blend_vr91_vs90_vb-1__stressbond_511260_vr890_vb-15_cap20_vs90,511260,0.2,0.89,-0.034999999999999996,0.9,-0.0006085571966378822,-0.014740790536963866,4.199145114430962,False
20.049047179292096,0.2405908233627745,0.21289425858724842,1.1300954049175331,-0.2345515294854531,875,1560,0.8194491994177584,0.026011560693641522,0.8,218.61412396431626,41.70764624654318,218.61412396431626,41.70764624654318,159985,豆粕,豆粕ETF,豆粕 / 豆粕ETF (159985) 80%,regime_mix_rm511580_rm513650_volume_guard_ag28_co27_vr91_vs90_vb01_vg30_cap08_hi04_dd02_rm06_vm16_oh25_ohh32__proxy_hybrid_breadth_blend_vr91_vs90_vb-1__stressbond_511260_vr895_vb-15_cap20_vs90,511260,0.2,0.895,-0.034999999999999996,0.9,-0.0006085571966378822,-0.014740790536963866,4.199145114430962,False
20.046860778311487,0.24058170495266618,0.2107512432779076,1.1415434671264197,-0.21929617659205536,902,1633,0.8194491994177584,0.026011560693641522,0.8,215.33053761362189,39.644391158248034,215.33053761362189,39.644391158248034,159985,豆粕,豆粕ETF,豆粕 / 豆粕ETF (159985) 80%,regime_mix_rm511580_rm513650_volume_guard_ag28_co27_vr91_vs90_vb01_vg30_cap08_hi04_dd02_rm06_vm16_oh25_ohh32__proxy_hybrid_breadth_blend_vr91_vs90_vb-1__stressbond_511260_vr900_vb-15_cap20_vsna,511260,0.2,0.9,-0.034999999999999996,,-0.000617675606746193,-0.0032927283280772546,0.9155587637365841,False
20.042252239082075,0.24056248210410813,0.21067281537338142,1.1418771884628418,-0.21800756192770088,900,1630,0.8194491994177584,0.026011560693641522,0.8,214.46492136013825,39.235787952184474,214.46492136013825,39.235787952184474,159985,豆粕,豆粕ETF,豆粕 / 豆粕ETF (159985) 80%,regime_mix_rm511580_rm513650_volume_guard_ag28_co27_vr91_vs90_vb01_vg30_cap08_hi04_dd02_rm06_vm16_oh25_ohh32__proxy_hybrid_breadth_blend_vr91_vs90_vb-1__stressbond_511260_vr900_vb-05_cap20_vsna,511260,0.2,0.9,-0.024999999999999998,,-0.0006368984553042356,-0.0029590069916551887,0.04994251025294716,False
20.03370568403512,0.24052682289480187,0.2128755719006426,1.1298939598718505,-0.23729356749814956,874,1558,0.8194491994177584,0.026011560693641522,0.8,219.11471899885956,42.23705607065574,219.11471899885956,42.23705607065574,159985,豆粕,豆粕ETF,豆粕 / 豆粕ETF (159985) 80%,regime_mix_rm511580_rm513650_volume_guard_ag28_co27_vr91_vs90_vb01_vg30_cap08_hi04_dd02_rm06_vm16_oh25_ohh32__proxy_hybrid_breadth_blend_vr91_vs90_vb-1__stressbond_511260_vr905_vb-20_cap15_vs90,511260,0.15000000000000002,0.905,-0.04,0.9,-0.0006725576646104958,-0.014942235582646513,4.699740148974257,False
20.033570499864396,0.24052625875111966,0.21291748341472688,1.129668897516582,-0.23390573776491652,872,1558,0.8194491994177584,0.026011560693641522,0.8,218.40819216123094,41.49474560359913,218.40819216123094,41.49474560359913,159985,豆粕,豆粕ETF,豆粕 / 豆粕ETF (159985) 80%,regime_mix_rm511580_rm513650_volume_guard_ag28_co27_vr91_vs90_vb01_vg30_cap08_hi04_dd02_rm06_vm16_oh25_ohh32__proxy_hybrid_breadth_blend_vr91_vs90_vb-1__stressbond_511260_vr900_vb-15_cap25_vs90,511260,0.25,0.9,-0.034999999999999996,0.9,-0.0006731218082927093,-0.015167297937914936,3.9932133113456416,False
20.03258111011748,0.24052212977775134,0.21291342604164568,1.1296710322565822,-0.23483158295225792,871,1555,0.8194491994177584,0.026011560693641522,0.8,218.5606234972205,41.675208784163594,218.5606234972205,41.675208784163594,159985,豆粕,豆粕ETF,豆粕 / 豆粕ETF (159985) 80%,regime_mix_rm511580_rm513650_volume_guard_ag28_co27_vr91_vs90_vb01_vg30_cap08_hi04_dd02_rm06_vm16_oh25_ohh32__proxy_hybrid_breadth_blend_vr91_vs90_vb-1__stressbond_511260_vr905_vb-10_cap25_vs90,511260,0.25,0.905,-0.03,0.9,-0.0006772507816610318,-0.015165163197914833,4.145644647335189,False
20.03258111011748,0.24052212977775134,0.21291342604164568,1.1296710322565822,-0.23483158295225792,871,1555,0.8194491994177584,0.026011560693641522,0.8,218.5606234972205,41.675208784163594,218.5606234972205,41.675208784163594,159985,豆粕,豆粕ETF,豆粕 / 豆粕ETF (159985) 80%,regime_mix_rm511580_rm513650_volume_guard_ag28_co27_vr91_vs90_vb01_vg30_cap08_hi04_dd02_rm06_vm16_oh25_ohh32__proxy_hybrid_breadth_blend_vr91_vs90_vb-1__stressbond_511260_vr905_vb-05_cap25_vs90,511260,0.25,0.905,-0.024999999999999998,0.9,-0.0006772507816610318,-0.015165163197914833,4.145644647335189,False
20.02780046824456,0.24050217640811278,0.21291710455203017,1.1295578009766787,-0.2340027697121969,873,1554,0.8194491994177584,0.026011560693641522,0.8,218.43086228142164,41.526826927418725,218.43086228142164,41.526826927418725,159985,豆粕,豆粕ETF,豆粕 / 豆粕ETF (159985) 80%,regime_mix_rm511580_rm513650_volume_guard_ag28_co27_vr91_vs90_vb01_vg30_cap08_hi04_dd02_rm06_vm16_oh25_ohh32__proxy_hybrid_breadth_blend_vr91_vs90_vb-1__stressbond_511260_vr890_vb-10_cap25_vs90,511260,0.25,0.89,-0.03,0.9,-0.0006972041512995908,-0.015278394477818313,4.015883431536338,False
20.02780046824456,0.24050217640811278,0.21291710455203017,1.1295578009766787,-0.2340027697121969,873,1554,0.8194491994177584,0.026011560693641522,0.8,218.43086228142164,41.526826927418725,218.43086228142164,41.526826927418725,159985,豆粕,豆粕ETF,豆粕 / 豆粕ETF (159985) 80%,regime_mix_rm511580_rm513650_volume_guard_ag28_co27_vr91_vs90_vb01_vg30_cap08_hi04_dd02_rm06_vm16_oh25_ohh32__proxy_hybrid_breadth_blend_vr91_vs90_vb-1__stressbond_511260_vr890_vb-05_cap25_vs90,511260,0.25,0.89,-0.024999999999999998,0.9,-0.0006972041512995908,-0.015278394477818313,4.015883431536338,False
20.02780046824456,0.24050217640811278,0.21291710455203017,1.1295578009766787,-0.2340027697121969,873,1554,0.8194491994177584,0.026011560693641522,0.8,218.43086228142164,41.526826927418725,218.43086228142164,41.526826927418725,159985,豆粕,豆粕ETF,豆粕 / 豆粕ETF (159985) 80%,regime_mix_rm511580_rm513650_volume_guard_ag28_co27_vr91_vs90_vb01_vg30_cap08_hi04_dd02_rm06_vm16_oh25_ohh32__proxy_hybrid_breadth_blend_vr91_vs90_vb-1__stressbond_511260_vr895_vb-10_cap25_vs90,511260,0.25,0.895,-0.03,0.9,-0.0006972041512995908,-0.015278394477818313,4.015883431536338,False
20.02780046824456,0.24050217640811278,0.21291710455203017,1.1295578009766787,-0.2340027697121969,873,1554,0.8194491994177584,0.026011560693641522,0.8,218.43086228142164,41.526826927418725,218.43086228142164,41.526826927418725,159985,豆粕,豆粕ETF,豆粕 / 豆粕ETF (159985) 80%,regime_mix_rm511580_rm513650_volume_guard_ag28_co27_vr91_vs90_vb01_vg30_cap08_hi04_dd02_rm06_vm16_oh25_ohh32__proxy_hybrid_breadth_blend_vr91_vs90_vb-1__stressbond_511260_vr895_vb-05_cap25_vs90,511260,0.25,0.895,-0.024999999999999998,0.9,-0.0006972041512995908,-0.015278394477818313,4.015883431536338,False
20.026684096224805,0.2404975163046008,0.21222109289995866,1.1332404004627932,-0.2338190474779459,881,1581,0.8194491994177584,0.026011560693641522,0.8,218.6722739241975,41.46620149864509,218.6722739241975,41.46620149864509,159985,豆粕,豆粕ETF,豆粕 / 豆粕ETF (159985) 80%,regime_mix_rm511580_rm513650_volume_guard_ag28_co27_vr91_vs90_vb01_vg30_cap08_hi04_dd02_rm06_vm16_oh25_ohh32__proxy_hybrid_breadth_blend_vr91_vs90_vb-1__stressbond_511260_vr900_vb-10_cap20_vs95,511260,0.2,0.9,-0.03,0.95,-0.0007018642548115572,-0.011595794991703823,4.2572950743121964,False
20.015985578939844,0.24045284551635637,0.2121463787610215,1.1334289414726306,-0.2356454878081412,889,1599,0.8194491994177584,0.026011560693641522,0.8,218.92590221742648,41.90723470773683,218.92590221742648,41.90723470773683,159985,豆粕,豆粕ETF,豆粕 / 豆粕ETF (159985) 80%,regime_mix_rm511580_rm513650_volume_guard_ag28_co27_vr91_vs90_vb01_vg30_cap08_hi04_dd02_rm06_vm16_oh25_ohh32__proxy_hybrid_breadth_blend_vr91_vs90_vb-1__stressbond_511260_vr905_vb-15_cap15_vs95,511260,0.15000000000000002,0.905,-0.034999999999999996,0.95,-0.0007465350430559958,-0.011407253981866372,4.5109233675411815,False
20.01118339423166,0.24043278751322816,0.21218462447494932,1.1331301130238767,-0.23442707934270113,884,1583,0.8194491994177584,0.026011560693641522,0.8,218.9605927214232,41.66714035621732,218.9605927214232,41.66714035621732,159985,豆粕,豆粕ETF,豆粕 / 豆粕ETF (159985) 80%,regime_mix_rm511580_rm513650_volume_guard_ag28_co27_vr91_vs90_vb01_vg30_cap08_hi04_dd02_rm06_vm16_oh25_ohh32__proxy_hybrid_breadth_blend_vr91_vs90_vb-1__stressbond_511260_vr890_vb-10_cap15_vs95,511260,0.15000000000000002,0.89,-0.03,0.95,-0.0007665930461842052,-0.011706082430620324,4.54561387153791,False
20.01118339423166,0.24043278751322816,0.21218462447494932,1.1331301130238767,-0.23442707934270113,884,1583,0.8194491994177584,0.026011560693641522,0.8,218.9605927214232,41.66714035621732,218.9605927214232,41.66714035621732,159985,豆粕,豆粕ETF,豆粕 / 豆粕ETF (159985) 80%,regime_mix_rm511580_rm513650_volume_guard_ag28_co27_vr91_vs90_vb01_vg30_cap08_hi04_dd02_rm06_vm16_oh25_ohh32__proxy_hybrid_breadth_blend_vr91_vs90_vb-1__stressbond_511260_vr895_vb-10_cap15_vs95,511260,0.15000000000000002,0.895,-0.03,0.95,-0.0007665930461842052,-0.011706082430620324,4.54561387153791,False
20.01024254958572,0.2404288572476161,0.21288489377970088,1.1293843023752472,-0.23510019099223312,876,1557,0.8194491994177584,0.026011560693641522,0.8,218.8243405519983,41.888433240767014,218.8243405519983,41.888433240767014,159985,豆粕,豆粕ETF,豆粕 / 豆粕ETF (159985) 80%,regime_mix_rm511580_rm513650_volume_guard_ag28_co27_vr91_vs90_vb01_vg30_cap08_hi04_dd02_rm06_vm16_oh25_ohh32__proxy_hybrid_breadth_blend_vr91_vs90_vb-1__stressbond_511260_vr890_vb-20_cap15_vs90,511260,0.15000000000000002,0.89,-0.04,0.9,-0.0007705233117962784,-0.015451893079249768,4.409361702112989,False
20.01024254958572,0.2404288572476161,0.21288489377970088,1.1293843023752472,-0.23510019099223312,876,1557,0.8194491994177584,0.026011560693641522,0.8,218.8243405519983,41.888433240767014,218.8243405519983,41.888433240767014,159985,豆粕,豆粕ETF,豆粕 / 豆粕ETF (159985) 80%,regime_mix_rm511580_rm513650_volume_guard_ag28_co27_vr91_vs90_vb01_vg30_cap08_hi04_dd02_rm06_vm16_oh25_ohh32__proxy_hybrid_breadth_blend_vr91_vs90_vb-1__stressbond_511260_vr895_vb-20_cap15_vs90,511260,0.15000000000000002,0.895,-0.04,0.9,-0.0007705233117962784,-0.015451893079249768,4.409361702112989,False
20.009306085435526,0.24042494511859136,0.21292031788739244,1.129178030091733,-0.23390573776491674,873,1555,0.8194491994177584,0.026011560693641522,0.8,218.421906616695,41.494745603599185,218.421906616695,41.494745603599185,159985,豆粕,豆粕ETF,豆粕 / 豆粕ETF (159985) 80%,regime_mix_rm511580_rm513650_volume_guard_ag28_co27_vr91_vs90_vb01_vg30_cap08_hi04_dd02_rm06_vm16_oh25_ohh32__proxy_hybrid_breadth_blend_vr91_vs90_vb-1__stressbond_511260_vr900_vb-20_cap25_vs90,511260,0.25,0.9,-0.04,0.9,-0.0007744354408210086,-0.015658165362764098,4.006927766809696,False
20.0089917115654,0.24042363176862191,0.21289387034017232,1.1293121374723527,-0.23606292013141061,874,1558,0.8194491994177584,0.026011560693641522,0.8,218.85849110844632,41.95618444038922,218.85849110844632,41.95618444038922,159985,豆粕,豆粕ETF,豆粕 / 豆粕ETF (159985) 80%,regime_mix_rm511580_rm513650_volume_guard_ag28_co27_vr91_vs90_vb01_vg30_cap08_hi04_dd02_rm06_vm16_oh25_ohh32__proxy_hybrid_breadth_blend_vr91_vs90_vb-1__stressbond_511260_vr905_vb-20_cap20_vs90,511260,0.2,0.905,-0.04,0.9,-0.0007757487907904537,-0.01552405798214429,4.4435122585610145,False
20.008150873351344,0.24042011893514137,0.2129156038591691,1.129180363380811,-0.23483158295225792,873,1561,0.8194491994177584,0.026011560693641522,0.8,218.58865534179523,41.675208784163594,218.58865534179523,41.675208784163594,159985,豆粕,豆粕ETF,豆粕 / 豆粕ETF (159985) 80%,regime_mix_rm511580_rm513650_volume_guard_ag28_co27_vr91_vs90_vb01_vg30_cap08_hi04_dd02_rm06_vm16_oh25_ohh32__proxy_hybrid_breadth_blend_vr91_vs90_vb-1__stressbond_511260_vr905_vb-15_cap25_vs90,511260,0.25,0.905,-0.034999999999999996,0.9,-0.0007792616242709993,-0.015655832073685927,4.17367649190993,False
20.003375784397136,0.24040016720631185,0.21291928230675683,1.1290671497753915,-0.2340027697121969,875,1560,0.8194491994177584,0.026011560693641522,0.8,218.45889412599624,41.526826927418725,218.45889412599624,41.526826927418725,159985,豆粕,豆粕ETF,豆粕 / 豆粕ETF (159985) 80%,regime_mix_rm511580_rm513650_volume_guard_ag28_co27_vr91_vs90_vb01_vg30_cap08_hi04_dd02_rm06_vm16_oh25_ohh32__proxy_hybrid_breadth_blend_vr91_vs90_vb-1__stressbond_511260_vr890_vb-15_cap25_vs90,511260,0.25,0.89,-0.034999999999999996,0.9,-0.0007992133531005141,-0.01576904567910553,4.043915276110937,False
20.003375784397136,0.24040016720631185,0.21291928230675683,1.1290671497753915,-0.2340027697121969,875,1560,0.8194491994177584,0.026011560693641522,0.8,218.45889412599624,41.526826927418725,218.45889412599624,41.526826927418725,159985,豆粕,豆粕ETF,豆粕 / 豆粕ETF (159985) 80%,regime_mix_rm511580_rm513650_volume_guard_ag28_co27_vr91_vs90_vb01_vg30_cap08_hi04_dd02_rm06_vm16_oh25_ohh32__proxy_hybrid_breadth_blend_vr91_vs90_vb-1__stressbond_511260_vr895_vb-15_cap25_vs90,511260,0.25,0.895,-0.034999999999999996,0.9,-0.0007992133531005141,-0.01576904567910553,4.043915276110937,False
19.998782257035327,0.24038097011723325,0.21083336074925654,1.140146745576558,-0.21966643584705858,902,1633,0.8194491994177584,0.026011560693641522,0.8,215.24019288251554,39.58774384598515,215.24019288251554,39.58774384598515,159985,豆粕,豆粕ETF,豆粕 / 豆粕ETF (159985) 80%,regime_mix_rm511580_rm513650_volume_guard_ag28_co27_vr91_vs90_vb01_vg30_cap08_hi04_dd02_rm06_vm16_oh25_ohh32__proxy_hybrid_breadth_blend_vr91_vs90_vb-1__stressbond_511260_vr900_vb-15_cap25_vsna,511260,0.25,0.9,-0.034999999999999996,,-0.0008184104421791183,-0.004689449877939067,0.8252140326302424,False
19.99486350835437,0.24036458995193977,0.21290067960858755,1.1289986973918726,-0.234551529485453,876,1557,0.8194491994177584,0.026011560693641522,0.8,218.64825205372932,41.70764624654319,218.64825205372932,41.70764624654319,159985,豆粕,豆粕ETF,豆粕 / 豆粕ETF (159985) 80%,regime_mix_rm511580_rm513650_volume_guard_ag28_co27_vr91_vs90_vb01_vg30_cap08_hi04_dd02_rm06_vm16_oh25_ohh32__proxy_hybrid_breadth_blend_vr91_vs90_vb-1__stressbond_511260_vr890_vb-20_cap20_vs90,511260,0.2,0.89,-0.04,0.9,-0.0008347906074726019,-0.015837498062624356,4.233273203844021,False
19.99486350835437,0.24036458995193977,0.21290067960858755,1.1289986973918726,-0.234551529485453,876,1557,0.8194491994177584,0.026011560693641522,0.8,218.64825205372932,41.70764624654319,218.64825205372932,41.70764624654319,159985,豆粕,豆粕ETF,豆粕 / 豆粕ETF (159985) 80%,regime_mix_rm511580_rm513650_volume_guard_ag28_co27_vr91_vs90_vb01_vg30_cap08_hi04_dd02_rm06_vm16_oh25_ohh32__proxy_hybrid_breadth_blend_vr91_vs90_vb-1__stressbond_511260_vr895_vb-20_cap20_vs90,511260,0.2,0.895,-0.04,0.9,-0.0008347906074726019,-0.015837498062624356,4.233273203844021,False
19.984167342805694,0.24031986607259803,0.2121886449586016,1.132576468073892,-0.2345384071923614,889,1599,0.8194491994177584,0.026011560693641522,0.8,218.6456298017365,41.65093912856952,218.6456298017365,41.65093912856952,159985,豆粕,豆粕ETF,豆粕 / 豆粕ETF (159985) 80%,regime_mix_rm511580_rm513650_volume_guard_ag28_co27_vr91_vs90_vb01_vg30_cap08_hi04_dd02_rm06_vm16_oh25_ohh32__proxy_hybrid_breadth_blend_vr91_vs90_vb-1__stressbond_511260_vr905_vb-15_cap20_vs95,511260,0.2,0.905,-0.034999999999999996,0.95,-0.0008795144868143367,-0.012259727380605101,4.230650951851203,False
19.983915783109197,0.2403188139710386,0.21291843821695464,1.1286895394477963,-0.2348315829522578,874,1558,0.8194491994177584,0.026011560693641522,0.8,218.6023697972596,41.675208784163615,218.6023697972596,41.675208784163615,159985,豆粕,豆粕ETF,豆粕 / 豆粕ETF (159985) 80%,regime_mix_rm511580_rm513650_volume_guard_ag28_co27_vr91_vs90_vb01_vg30_cap08_hi04_dd02_rm06_vm16_oh25_ohh32__proxy_hybrid_breadth_blend_vr91_vs90_vb-1__stressbond_511260_vr905_vb-20_cap25_vs90,511260,0.25,0.905,-0.04,0.9,-0.0008805665883737657,-0.016146656006700733,4.187390947374297,False
19.97914620271753,0.24029886387166477,0.21292211659061983,1.128576343873575,-0.23400276971219647,876,1557,0.8194491994177584,0.026011560693641522,0.8,218.47260629254436,41.526826927418696,218.47260629254436,41.526826927418696,159985,豆粕,豆粕ETF,豆粕 / 豆粕ETF (159985) 80%,regime_mix_rm511580_rm513650_volume_guard_ag28_co27_vr91_vs90_vb01_vg30_cap08_hi04_dd02_rm06_vm16_oh25_ohh32__proxy_hybrid_breadth_blend_vr91_vs90_vb-1__stressbond_511260_vr890_vb-20_cap25_vs90,511260,0.25,0.89,-0.04,0.9,-0.000900516687747599,-0.016259851580922025,4.057627442659054,False
19.97914620271753,0.24029886387166477,0.21292211659061983,1.128576343873575,-0.23400276971219647,876,1557,0.8194491994177584,0.026011560693641522,0.8,218.47260629254436,41.526826927418696,218.47260629254436,41.526826927418696,159985,豆粕,豆粕ETF,豆粕 / 豆粕ETF (159985) 80%,regime_mix_rm511580_rm513650_volume_guard_ag28_co27_vr91_vs90_vb01_vg30_cap08_hi04_dd02_rm06_vm16_oh25_ohh32__proxy_hybrid_breadth_blend_vr91_vs90_vb-1__stressbond_511260_vr895_vb-20_cap25_vs90,511260,0.25,0.895,-0.04,0.9,-0.000900516687747599,-0.016259851580922025,4.057627442659054,False
19.96849786081818,0.24025430900098077,0.21075964822813958,1.139944534073782,-0.21929854271150506,900,1630,0.8194491994177584,0.026011560693641522,0.8,214.68738400166689,39.47100788527968,214.68738400166689,39.47100788527968,159985,豆粕,豆粕ETF,豆粕 / 豆粕ETF (159985) 80%,regime_mix_rm511580_rm513650_volume_guard_ag28_co27_vr91_vs90_vb01_vg30_cap08_hi04_dd02_rm06_vm16_oh25_ohh32__proxy_hybrid_breadth_blend_vr91_vs90_vb-1__stressbond_511260_vr900_vb-05_cap25_vsna,511260,0.25,0.9,-0.024999999999999998,,-0.0009450715584315983,-0.004891661380715062,0.27240515178158375,False
19.961760328883496,0.2402261069086118,0.21222462262250813,1.1319426744177132,-0.23415860717979609,884,1583,0.8194491994177584,0.026011560693641522,0.8,218.82263604747925,41.578468832009456,218.82263604747925,41.578468832009456,159985,豆粕,豆粕ETF,豆粕 / 豆粕ETF (159985) 80%,regime_mix_rm511580_rm513650_volume_guard_ag28_co27_vr91_vs90_vb01_vg30_cap08_hi04_dd02_rm06_vm16_oh25_ohh32__proxy_hybrid_breadth_blend_vr91_vs90_vb-1__stressbond_511260_vr890_vb-10_cap20_vs95,511260,0.2,0.89,-0.03,0.95,-0.0009732736508005768,-0.012893521036783762,4.407657197593949,False
19.961760328883496,0.2402261069086118,0.21222462262250813,1.1319426744177132,-0.23415860717979609,884,1583,0.8194491994177584,0.026011560693641522,0.8,218.82263604747925,41.578468832009456,218.82263604747925,41.578468832009456,159985,豆粕,豆粕ETF,豆粕 / 豆粕ETF (159985) 80%,regime_mix_rm511580_rm513650_volume_guard_ag28_co27_vr91_vs90_vb01_vg30_cap08_hi04_dd02_rm06_vm16_oh25_ohh32__proxy_hybrid_breadth_blend_vr91_vs90_vb-1__stressbond_511260_vr895_vb-10_cap20_vs95,511260,0.2,0.895,-0.03,0.95,-0.0009732736508005768,-0.012893521036783762,4.407657197593949,False
19.95166588837506,0.24018383763489148,0.21224275399307443,1.1316468200498793,-0.2334313322422935,889,1599,0.8194491994177584,0.026011560693641522,0.8,218.3735161497245,41.394677019240106,218.3735161497245,41.394677019240106,159985,豆粕,豆粕ETF,豆粕 / 豆粕ETF (159985) 80%,regime_mix_rm511580_rm513650_volume_guard_ag28_co27_vr91_vs90_vb01_vg30_cap08_hi04_dd02_rm06_vm16_oh25_ohh32__proxy_hybrid_breadth_blend_vr91_vs90_vb-1__stressbond_511260_vr905_vb-15_cap25_vs95,511260,0.25,0.905,-0.034999999999999996,0.95,-0.0010155429245208847,-0.013189375404617731,3.9585372998392074,False
19.94869746732864,0.2401714041227161,0.21216761251079969,1.1319890028478827,-0.23384515195915534,881,1581,0.8194491994177584,0.026011560693641522,0.8,218.7531047720109,41.47473987752472,218.7531047720109,41.47473987752472,159985,豆粕,豆粕ETF,豆粕 / 豆粕ETF (159985) 80%,regime_mix_rm511580_rm513650_volume_guard_ag28_co27_vr91_vs90_vb01_vg30_cap08_hi04_dd02_rm06_vm16_oh25_ohh32__proxy_hybrid_breadth_blend_vr91_vs90_vb-1__stressbond_511260_vr900_vb-05_cap15_vs95,511260,0.15000000000000002,0.9,-0.024999999999999998,0.95,-0.0010279764366962763,-0.012847192606614266,4.338125922125585,False
19.941808242596977,0.2401425416435694,0.2122744061265414,1.1312835401382078,-0.2337933817694401,881,1581,0.8194491994177584,0.026011560693641522,0.8,218.64091033242778,41.45780740452966,218.64091033242778,41.45780740452966,159985,豆粕,豆粕ETF,豆粕 / 豆粕ETF (159985) 80%,regime_mix_rm511580_rm513650_volume_guard_ag28_co27_vr91_vs90_vb01_vg30_cap08_hi04_dd02_rm06_vm16_oh25_ohh32__proxy_hybrid_breadth_blend_vr91_vs90_vb-1__stressbond_511260_vr900_vb-10_cap25_vs95,511260,0.25,0.9,-0.03,0.95,-0.0010568389158429614,-0.013552655316289242,4.225931482542478,False
19.91174525632166,0.24001648910114604,0.21227620956214358,1.1306801152904586,-0.23389042794750314,884,1583,0.8194491994177584,0.026011560693641522,0.8,218.69161952431745,41.48989340686666,218.69161952431745,41.48989340686666,159985,豆粕,豆粕ETF,豆粕 / 豆粕ETF (159985) 80%,regime_mix_rm511580_rm513650_volume_guard_ag28_co27_vr91_vs90_vb01_vg30_cap08_hi04_dd02_rm06_vm16_oh25_ohh32__proxy_hybrid_breadth_blend_vr91_vs90_vb-1__stressbond_511260_vr890_vb-10_cap25_vs95,511260,0.25,0.89,-0.03,0.95,-0.001182891458266333,-0.014156080164038354,4.276640674432144,False
19.91174525632166,0.24001648910114604,0.21227620956214358,1.1306801152904586,-0.23389042794750314,884,1583,0.8194491994177584,0.026011560693641522,0.8,218.69161952431745,41.48989340686666,218.69161952431745,41.48989340686666,159985,豆粕,豆粕ETF,豆粕 / 豆粕ETF (159985) 80%,regime_mix_rm511580_rm513650_volume_guard_ag28_co27_vr91_vs90_vb01_vg30_cap08_hi04_dd02_rm06_vm16_oh25_ohh32__proxy_hybrid_breadth_blend_vr91_vs90_vb-1__stressbond_511260_vr895_vb-10_cap25_vs95,511260,0.25,0.895,-0.03,0.95,-0.001182891458266333,-0.014156080164038354,4.276640674432144,False
19.874711787560145,0.2398609779979286,0.21220936961135667,1.1303034283416113,-0.2338190474779459,881,1581,0.8194491994177584,0.026011560693641522,0.8,218.71274325954442,41.46620149864509,218.71274325954442,41.46620149864509,159985,豆粕,豆粕ETF,豆粕 / 豆粕ETF (159985) 80%,regime_mix_rm511580_rm513650_volume_guard_ag28_co27_vr91_vs90_vb01_vg30_cap08_hi04_dd02_rm06_vm16_oh25_ohh32__proxy_hybrid_breadth_blend_vr91_vs90_vb-1__stressbond_511260_vr900_vb-05_cap20_vs95,511260,0.2,0.9,-0.024999999999999998,0.95,-0.0013384025614837647,-0.014532767112885647,4.297764409659123,False
19.868588743947164,0.23983524139183365,0.21211752927490643,1.1306714829824591,-0.23497285601967743,887,1593,0.8194491994177584,0.026011560693641522,0.8,218.98442197953625,41.68595932365003,218.98442197953625,41.68595932365003,159985,豆粕,豆粕ETF,豆粕 / 豆粕ETF (159985) 80%,regime_mix_rm511580_rm513650_volume_guard_ag28_co27_vr91_vs90_vb01_vg30_cap08_hi04_dd02_rm06_vm16_oh25_ohh32__proxy_hybrid_breadth_blend_vr91_vs90_vb-1__stressbond_511260_vr905_vb-10_cap15_vs95,511260,0.15000000000000002,0.905,-0.03,0.95,-0.0013641391675787151,-0.014164712472037877,4.569443129650949,False
19.849476951727684,0.2397548648344494,0.21217271702875665,1.1299985605687202,-0.23442707934270113,884,1583,0.8194491994177584,0.026011560693641522,0.8,219.0014548586227,41.66714035621732,219.0014548586227,41.66714035621732,159985,豆粕,豆粕ETF,豆粕 / 豆粕ETF (159985) 80%,regime_mix_rm511580_rm513650_volume_guard_ag28_co27_vr91_vs90_vb01_vg30_cap08_hi04_dd02_rm06_vm16_oh25_ohh32__proxy_hybrid_breadth_blend_vr91_vs90_vb-1__stressbond_511260_vr890_vb-05_cap15_vs95,511260,0.15000000000000002,0.89,-0.024999999999999998,0.95,-0.001444515724962958,-0.01483763488577683,4.586476008737407,False
19.849476951727684,0.2397548648344494,0.21217271702875665,1.1299985605687202,-0.23442707934270113,884,1583,0.8194491994177584,0.026011560693641522,0.8,219.0014548586227,41.66714035621732,219.0014548586227,41.66714035621732,159985,豆粕,豆粕ETF,豆粕 / 豆粕ETF (159985) 80%,regime_mix_rm511580_rm513650_volume_guard_ag28_co27_vr91_vs90_vb01_vg30_cap08_hi04_dd02_rm06_vm16_oh25_ohh32__proxy_hybrid_breadth_blend_vr91_vs90_vb-1__stressbond_511260_vr895_vb-05_cap15_vs95,511260,0.15000000000000002,0.895,-0.024999999999999998,0.95,-0.001444515724962958,-0.01483763488577683,4.586476008737407,False
19.81924540520665,0.23962758312403398,0.21216112662343525,1.1294603631576152,-0.23414547815072884,887,1593,0.8194491994177584,0.026011560693641522,0.8,218.78627414195842,41.52173293013023,218.78627414195842,41.52173293013023,159985,豆粕,豆粕ETF,豆粕 / 豆粕ETF (159985) 80%,regime_mix_rm511580_rm513650_volume_guard_ag28_co27_vr91_vs90_vb01_vg30_cap08_hi04_dd02_rm06_vm16_oh25_ohh32__proxy_hybrid_breadth_blend_vr91_vs90_vb-1__stressbond_511260_vr905_vb-10_cap20_vs95,511260,0.2,0.905,-0.03,0.95,-0.001571797435378386,-0.015375832296881775,4.371295292073114,False
19.81025726276645,0.23958970787064104,0.21221289726392234,1.129006346738064,-0.23415860717979609,884,1583,0.8194491994177584,0.026011560693641522,0.8,218.8631053828258,41.578468832009456,218.8631053828258,41.578468832009456,159985,豆粕,豆粕ETF,豆粕 / 豆粕ETF (159985) 80%,regime_mix_rm511580_rm513650_volume_guard_ag28_co27_vr91_vs90_vb01_vg30_cap08_hi04_dd02_rm06_vm16_oh25_ohh32__proxy_hybrid_breadth_blend_vr91_vs90_vb-1__stressbond_511260_vr890_vb-05_cap20_vs95,511260,0.2,0.89,-0.024999999999999998,0.95,-0.0016096726887713242,-0.015829848716433004,4.448126532940506,False
19.81025726276645,0.23958970787064104,0.21221289726392234,1.129006346738064,-0.23415860717979609,884,1583,0.8194491994177584,0.026011560693641522,0.8,218.8631053828258,41.578468832009456,218.8631053828258,41.578468832009456,159985,豆粕,豆粕ETF,豆粕 / 豆粕ETF (159985) 80%,regime_mix_rm511580_rm513650_volume_guard_ag28_co27_vr91_vs90_vb01_vg30_cap08_hi04_dd02_rm06_vm16_oh25_ohh32__proxy_hybrid_breadth_blend_vr91_vs90_vb-1__stressbond_511260_vr895_vb-05_cap20_vs95,511260,0.2,0.895,-0.024999999999999998,0.95,-0.0016096726887713242,-0.015829848716433004,4.448126532940506,False
19.800263010416394,0.23954757510435143,0.21226293781545963,1.1285416925333094,-0.2337933817694401,881,1581,0.8194491994177584,0.026011560693641522,0.8,218.68014795443204,41.45780740452966,218.68014795443204,41.45780740452966,159985,豆粕,豆粕ETF,豆粕 / 豆粕ETF (159985) 80%,regime_mix_rm511580_rm513650_volume_guard_ag28_co27_vr91_vs90_vb01_vg30_cap08_hi04_dd02_rm06_vm16_oh25_ohh32__proxy_hybrid_breadth_blend_vr91_vs90_vb-1__stressbond_511260_vr900_vb-05_cap25_vs95,511260,0.25,0.9,-0.024999999999999998,0.95,-0.0016518054550609396,-0.016294502921187615,4.265169104546743,False
19.770403219219773,0.23942158303646455,0.21226474036513024,1.1279385479878574,-0.23389042794750314,884,1583,0.8194491994177584,0.026011560693641522,0.8,218.73085714632182,41.48989340686666,218.73085714632182,41.48989340686666,159985,豆粕,豆粕ETF,豆粕 / 豆粕ETF (159985) 80%,regime_mix_rm511580_rm513650_volume_guard_ag28_co27_vr91_vs90_vb01_vg30_cap08_hi04_dd02_rm06_vm16_oh25_ohh32__proxy_hybrid_breadth_blend_vr91_vs90_vb-1__stressbond_511260_vr890_vb-05_cap25_vs95,511260,0.25,0.89,-0.024999999999999998,0.95,-0.0017777975229478216,-0.016897647466639576,4.315878296436523,False
19.770403219219773,0.23942158303646455,0.21226474036513024,1.1279385479878574,-0.23389042794750314,884,1583,0.8194491994177584,0.026011560693641522,0.8,218.73085714632182,41.48989340686666,218.73085714632182,41.48989340686666,159985,豆粕,豆粕ETF,豆粕 / 豆粕ETF (159985) 80%,regime_mix_rm511580_rm513650_volume_guard_ag28_co27_vr91_vs90_vb01_vg30_cap08_hi04_dd02_rm06_vm16_oh25_ohh32__proxy_hybrid_breadth_blend_vr91_vs90_vb-1__stressbond_511260_vr895_vb-05_cap25_vs95,511260,0.25,0.895,-0.024999999999999998,0.95,-0.0017777975229478216,-0.016897647466639576,4.315878296436523,False
19.769258533895652,0.23941674973830596,0.21221718734900602,1.1281685179653633,-0.23331890667012378,887,1593,0.8194491994177584,0.026011560693641522,0.8,218.59680861641425,41.357724144031984,218.59680861641425,41.357724144031984,159985,豆粕,豆粕ETF,豆粕 / 豆粕ETF (159985) 80%,regime_mix_rm511580_rm513650_volume_guard_ag28_co27_vr91_vs90_vb01_vg30_cap08_hi04_dd02_rm06_vm16_oh25_ohh32__proxy_hybrid_breadth_blend_vr91_vs90_vb-1__stressbond_511260_vr905_vb-10_cap25_vs95,511260,0.25,0.905,-0.03,0.95,-0.0017826308211064124,-0.01666767748913367,4.181829766528949,False
19.70797973956398,0.2391576452846127,0.21210561257885133,1.1275403907367356,-0.23497285601967743,887,1593,0.8194491994177584,0.026011560693641522,0.8,219.02528411673552,41.68595932365003,219.02528411673552,41.68595932365003,159985,豆粕,豆粕ETF,豆粕 / 豆粕ETF (159985) 80%,regime_mix_rm511580_rm513650_volume_guard_ag28_co27_vr91_vs90_vb01_vg30_cap08_hi04_dd02_rm06_vm16_oh25_ohh32__proxy_hybrid_breadth_blend_vr91_vs90_vb-1__stressbond_511260_vr905_vb-05_cap15_vs95,511260,0.15000000000000002,0.905,-0.024999999999999998,0.95,-0.002041735274799672,-0.017295804717761376,4.610305266850219,False
19.66877237891283,0.2389914912074489,0.2121493926059011,1.126524513088807,-0.23414547815072884,887,1593,0.8194491994177584,0.026011560693641522,0.8,218.8267434773052,41.52173293013023,218.8267434773052,41.52173293013023,159985,豆粕,豆粕ETF,豆粕 / 豆粕ETF (159985) 80%,regime_mix_rm511580_rm513650_volume_guard_ag28_co27_vr91_vs90_vb01_vg30_cap08_hi04_dd02_rm06_vm16_oh25_ohh32__proxy_hybrid_breadth_blend_vr91_vs90_vb-1__stressbond_511260_vr905_vb-05_cap20_vs95,511260,0.2,0.905,-0.024999999999999998,0.95,-0.002207889351963477,-0.01831168236568992,4.411764627419899,False
19.62887956149067,0.2388221314025274,0.21220571014621833,1.125427450740931,-0.23331890667012378,887,1593,0.8194491994177584,0.026011560693641522,0.8,218.63604623841863,41.357724144031984,218.63604623841863,41.357724144031984,159985,豆粕,豆粕ETF,豆粕 / 豆粕ETF (159985) 80%,regime_mix_rm511580_rm513650_volume_guard_ag28_co27_vr91_vs90_vb01_vg30_cap08_hi04_dd02_rm06_vm16_oh25_ohh32__proxy_hybrid_breadth_blend_vr91_vs90_vb-1__stressbond_511260_vr905_vb-05_cap25_vs95,511260,0.25,0.905,-0.024999999999999998,0.95,-0.002377249156884975,-0.019408744713566017,4.221067388533328,False
19.468287192346555,0.2381372642554529,0.2127562131039895,1.1192964039976487,-0.2339057377649174,883,1583,0.8194491994177584,0.026011560693641522,0.8,218.84311782788353,41.494745603599334,218.84311782788353,41.494745603599334,159985,豆粕,豆粕ETF,豆粕 / 豆粕ETF (159985) 80%,regime_mix_rm511580_rm513650_volume_guard_ag28_co27_vr91_vs90_vb01_vg30_cap08_hi04_dd02_rm06_vm16_oh25_ohh32__proxy_hybrid_breadth_blend_vr91_vs90_vb-1__stressbond_511260_vr900_vb-20_cap25_vs95,511260,0.25,0.9,-0.04,0.95,-0.0030621163039594723,-0.02553979145684826,4.4281389779982305,False
19.462129997225297,0.2381109068206615,0.21272014372502068,1.119362288173625,-0.23421214399797896,883,1583,0.8194491994177584,0.026011560693641522,0.8,218.9980254492207,41.595436188020194,218.9980254492207,41.595436188020194,159985,豆粕,豆粕ETF,豆粕 / 豆粕ETF (159985) 80%,regime_mix_rm511580_rm513650_volume_guard_ag28_co27_vr91_vs90_vb01_vg30_cap08_hi04_dd02_rm06_vm16_oh25_ohh32__proxy_hybrid_breadth_blend_vr91_vs90_vb-1__stressbond_511260_vr900_vb-20_cap20_vs95,511260,0.2,0.9,-0.04,0.95,-0.0030884737387508743,-0.025473907280872066,4.583046599335404,False
19.455468317019722,0.23808238150780836,0.2126925803661748,1.1193732338848965,-0.2345187752543979,883,1583,0.8194491994177584,0.026011560693641522,0.8,219.15850826026795,41.69620097124921,219.15850826026795,41.69620097124921,159985,豆粕,豆粕ETF,豆粕 / 豆粕ETF (159985) 80%,regime_mix_rm511580_rm513650_volume_guard_ag28_co27_vr91_vs90_vb01_vg30_cap08_hi04_dd02_rm06_vm16_oh25_ohh32__proxy_hybrid_breadth_blend_vr91_vs90_vb-1__stressbond_511260_vr900_vb-20_cap15_vs95,511260,0.15000000000000002,0.9,-0.04,0.95,-0.003116999051604008,-0.025462961569600484,4.743529410382649,False
19.438903968614724,0.23801141553662664,0.21275800937050302,1.1186954429628386,-0.23400276971219758,886,1585,0.8194491994177584,0.026011560693641522,0.8,218.89382005233972,41.526826927418846,218.89382005233972,41.526826927418846,159985,豆粕,豆粕ETF,豆粕 / 豆粕ETF (159985) 80%,regime_mix_rm511580_rm513650_volume_guard_ag28_co27_vr91_vs90_vb01_vg30_cap08_hi04_dd02_rm06_vm16_oh25_ohh32__proxy_hybrid_breadth_blend_vr91_vs90_vb-1__stressbond_511260_vr890_vb-20_cap25_vs95,511260,0.25,0.89,-0.04,0.95,-0.0031879650227857326,-0.02614075249165837,4.478841202454419,False
19.438903968614724,0.23801141553662664,0.21275800937050302,1.1186954429628386,-0.23400276971219758,886,1585,0.8194491994177584,0.026011560693641522,0.8,218.89382005233972,41.526826927418846,218.89382005233972,41.526826927418846,159985,豆粕,豆粕ETF,豆粕 / 豆粕ETF (159985) 80%,regime_mix_rm511580_rm513650_volume_guard_ag28_co27_vr91_vs90_vb01_vg30_cap08_hi04_dd02_rm06_vm16_oh25_ohh32__proxy_hybrid_breadth_blend_vr91_vs90_vb-1__stressbond_511260_vr895_vb-20_cap25_vs95,511260,0.25,0.895,-0.04,0.95,-0.0031879650227857326,-0.02614075249165837,4.478841202454419,False
19.40741722188168,0.2378763706606879,0.21143085447474483,1.1250787934979563,-0.21966643584705925,899,1619,0.8194491994177584,0.026011560693641522,0.8,216.13608689579655,39.58774384598533,216.13608689579655,39.58774384598533,159985,豆粕,豆粕ETF,豆粕 / 豆粕ETF (159985) 80%,regime_mix_rm511580_rm513650_volume_guard_ag28_co27_vr91_vs90_vb01_vg30_cap08_hi04_dd02_rm06_vm16_oh25_ohh32__proxy_hybrid_breadth_blend_vr91_vs90_vb-1__stressbond_511260_vr900_vb-20_cap25_vsna,511260,0.25,0.9,-0.04,,-0.0033230098987244716,-0.019757401956540743,1.7211080459112509,False
19.39894939484558,0.23784001959277856,0.21272365719059305,1.1180703770041058,-0.23455152948545266,886,1585,0.8194491994177584,0.026011560693641522,0.8,219.14832112920422,41.707646246543106,219.14832112920422,41.707646246543106,159985,豆粕,豆粕ETF,豆粕 / 豆粕ETF (159985) 80%,regime_mix_rm511580_rm513650_volume_guard_ag28_co27_vr91_vs90_vb01_vg30_cap08_hi04_dd02_rm06_vm16_oh25_ohh32__proxy_hybrid_breadth_blend_vr91_vs90_vb-1__stressbond_511260_vr890_vb-20_cap20_vs95,511260,0.2,0.89,-0.04,0.95,-0.0033593609666338065,-0.026765818450391166,4.733342279318919,False
19.39894939484558,0.23784001959277856,0.21272365719059305,1.1180703770041058,-0.23455152948545266,886,1585,0.8194491994177584,0.026011560693641522,0.8,219.14832112920422,41.707646246543106,219.14832112920422,41.707646246543106,159985,豆粕,豆粕ETF,豆粕 / 豆粕ETF (159985) 80%,regime_mix_rm511580_rm513650_volume_guard_ag28_co27_vr91_vs90_vb01_vg30_cap08_hi04_dd02_rm06_vm16_oh25_ohh32__proxy_hybrid_breadth_blend_vr91_vs90_vb-1__stressbond_511260_vr895_vb-20_cap20_vs95,511260,0.2,0.895,-0.04,0.95,-0.0033593609666338065,-0.026765818450391166,4.733342279318919,False
19.39074413354477,0.23780478229979507,0.21136664703786817,1.1250818690291768,-0.21929617659205503,899,1619,0.8194491994177584,0.026011560693641522,0.8,216.30865745403963,39.64439115824788,216.30865745403963,39.64439115824788,159985,豆粕,豆粕ETF,豆粕 / 豆粕ETF (159985) 80%,regime_mix_rm511580_rm513650_volume_guard_ag28_co27_vr91_vs90_vb01_vg30_cap08_hi04_dd02_rm06_vm16_oh25_ohh32__proxy_hybrid_breadth_blend_vr91_vs90_vb-1__stressbond_511260_vr900_vb-20_cap20_vsna,511260,0.2,0.9,-0.04,,-0.0033945982596172986,-0.019754326425320157,1.8936786041543314,False
19.373080645616845,0.23772888215091448,0.21131947001620527,1.1249738707592063,-0.21892769130626233,899,1619,0.8194491994177584,0.026011560693641522,0.8,216.48480604981336,39.701361745295685,216.48480604981336,39.701361745295685,159985,豆粕,豆粕ETF,豆粕 / 豆粕ETF (159985) 80%,regime_mix_rm511580_rm513650_volume_guard_ag28_co27_vr91_vs90_vb01_vg30_cap08_hi04_dd02_rm06_vm16_oh25_ohh32__proxy_hybrid_breadth_blend_vr91_vs90_vb-1__stressbond_511260_vr900_vb-20_cap15_vsna,511260,0.15000000000000002,0.9,-0.04,,-0.0034704984084978907,-0.0198623246952907,2.0698271999280564,False
19.36920329238806,0.2377122129485758,0.21269994203415354,1.1175941595245287,-0.23080440049743844,889,1595,0.8194491994177584,0.026011560693641522,0.8,218.27496037238217,40.86684977644275,218.27496037238217,40.86684977644275,159985,豆粕,豆粕ETF,豆粕 / 豆粕ETF (159985) 80%,regime_mix_rm511580_rm513650_volume_guard_ag28_co27_vr91_vs90_vb01_vg30_cap08_hi04_dd02_rm06_vm16_oh25_ohh32__proxy_hybrid_breadth_blend_vr91_vs90_vb-1__stressbond_511260_vr905_vb-20_cap25_vs95,511260,0.25,0.905,-0.04,0.95,-0.0034871676108365612,-0.027242035929968322,3.8599815224968665,False
19.35858391089177,0.23766654386448338,0.21269766168622692,1.1173914277209627,-0.23510019099223256,886,1585,0.8194491994177584,0.026011560693641522,0.8,219.4083056806998,41.88843324076695,219.4083056806998,41.88843324076695,159985,豆粕,豆粕ETF,豆粕 / 豆粕ETF (159985) 80%,regime_mix_rm511580_rm513650_volume_guard_ag28_co27_vr91_vs90_vb01_vg30_cap08_hi04_dd02_rm06_vm16_oh25_ohh32__proxy_hybrid_breadth_blend_vr91_vs90_vb-1__stressbond_511260_vr890_vb-20_cap15_vs95,511260,0.15000000000000002,0.89,-0.04,0.95,-0.003532836694928987,-0.027444767733534325,4.99332683081451,False
19.35858391089177,0.23766654386448338,0.21269766168622692,1.1173914277209627,-0.23510019099223256,886,1585,0.8194491994177584,0.026011560693641522,0.8,219.4083056806998,41.88843324076695,219.4083056806998,41.88843324076695,159985,豆粕,豆粕ETF,豆粕 / 豆粕ETF (159985) 80%,regime_mix_rm511580_rm513650_volume_guard_ag28_co27_vr91_vs90_vb01_vg30_cap08_hi04_dd02_rm06_vm16_oh25_ohh32__proxy_hybrid_breadth_blend_vr91_vs90_vb-1__stressbond_511260_vr895_vb-20_cap15_vs95,511260,0.15000000000000002,0.895,-0.04,0.95,-0.003532836694928987,-0.027444767733534325,4.99332683081451,False
19.334335751223325,0.23756218062678713,0.2126608222553636,1.117094244757137,-0.2317397540126156,889,1595,0.8194491994177584,0.026011560693641522,0.8,218.5485265580205,41.083711683373245,218.5485265580205,41.083711683373245,159985,豆粕,豆粕ETF,豆粕 / 豆粕ETF (159985) 80%,regime_mix_rm511580_rm513650_volume_guard_ag28_co27_vr91_vs90_vb01_vg30_cap08_hi04_dd02_rm06_vm16_oh25_ohh32__proxy_hybrid_breadth_blend_vr91_vs90_vb-1__stressbond_511260_vr905_vb-20_cap20_vs95,511260,0.2,0.905,-0.04,0.95,-0.0036371999326252347,-0.027741950697359963,4.133547708135211,False
19.298985890137505,0.23740982867911886,0.21263088580161454,1.1165350122306463,-0.23267554078896446,889,1595,0.8194491994177584,0.026011560693641522,0.8,218.8306667714203,41.30739958380184,218.8306667714203,41.30739958380184,159985,豆粕,豆粕ETF,豆粕 / 豆粕ETF (159985) 80%,regime_mix_rm511580_rm513650_volume_guard_ag28_co27_vr91_vs90_vb01_vg30_cap08_hi04_dd02_rm06_vm16_oh25_ohh32__proxy_hybrid_breadth_blend_vr91_vs90_vb-1__stressbond_511260_vr905_vb-20_cap15_vs95,511260,0.15000000000000002,0.905,-0.04,0.95,-0.003789551880293507,-0.028301183223850668,4.41568792153501,False
19.004041836290632,0.23612897170394254,0.21112165158850393,1.1184498128319886,-0.23546204449186825,897,1618,0.8194491994177584,0.026011560693641522,0.8,218.89788364345821,41.80576511326791,218.89788364345821,41.80576511326791,159985,豆粕,豆粕ETF,豆粕 / 豆粕ETF (159985) 80%,regime_mix_rm511580_rm513650_volume_guard_ag28_co27_vr91_vs90_vb01_vg30_cap08_hi04_dd02_rm06_vm16_oh25_ohh32__proxy_hybrid_breadth_blend_vr91_vs90_vb-1__stressbond_511260_vr895_vb-10_cap25_vsna,511260,0.25,0.895,-0.03,,-0.005070408855469832,-0.026386382622508364,4.482904793572914,False
18.981524988519155,0.23603046788194115,0.21104720640694627,1.11837759854931,-0.23549211480541843,897,1618,0.8194491994177584,0.026011560693641522,0.8,219.00857961021524,41.802689876725225,219.00857961021524,41.802689876725225,159985,豆粕,豆粕ETF,豆粕 / 豆粕ETF (159985) 80%,regime_mix_rm511580_rm513650_volume_guard_ag28_co27_vr91_vs90_vb01_vg30_cap08_hi04_dd02_rm06_vm16_oh25_ohh32__proxy_hybrid_breadth_blend_vr91_vs90_vb-1__stressbond_511260_vr895_vb-10_cap20_vsna,511260,0.2,0.895,-0.03,,-0.005168912677471216,-0.026458596905186926,4.5936007603299345,False
18.957889485137727,0.2359269592843949,0.2109928079856183,1.118175361221204,-0.23552350159770075,897,1618,0.8194491994177584,0.026011560693641522,0.8,219.12188022466935,41.80003874563549,219.12188022466935,41.80003874563549,159985,豆粕,豆粕ETF,豆粕 / 豆粕ETF (159985) 80%,regime_mix_rm511580_rm513650_volume_guard_ag28_co27_vr91_vs90_vb01_vg30_cap08_hi04_dd02_rm06_vm16_oh25_ohh32__proxy_hybrid_breadth_blend_vr91_vs90_vb-1__stressbond_511260_vr895_vb-10_cap15_vsna,511260,0.15000000000000002,0.895,-0.03,,-0.00527242127501748,-0.026660834233293018,4.706901374784053,False
18.89753112143483,0.23566210995261283,0.211183685771642,1.115910583204045,-0.23582232083447585,899,1621,0.8194491994177584,0.026011560693641522,0.8,219.49330725221557,41.92328600744275,219.49330725221557,41.92328600744275,159985,豆粕,豆粕ETF,豆粕 / 豆粕ETF (159985) 80%,regime_mix_rm511580_rm513650_volume_guard_ag28_co27_vr91_vs90_vb01_vg30_cap08_hi04_dd02_rm06_vm16_oh25_ohh32__proxy_hybrid_breadth_blend_vr91_vs90_vb-1__stressbond_511260_vr895_vb-15_cap25_vsna,511260,0.25,0.895,-0.034999999999999996,,-0.005537270606799538,-0.028925612250451982,5.078328402330271,False
18.868834947111502,0.23553593070129542,0.21111008670783513,1.1157019277210773,-0.23546204449186825,897,1618,0.8194491994177584,0.026011560693641522,0.8,218.9408456024729,41.80576511326791,218.9408456024729,41.80576511326791,159985,豆粕,豆粕ETF,豆粕 / 豆粕ETF (159985) 80%,regime_mix_rm511580_rm513650_volume_guard_ag28_co27_vr91_vs90_vb01_vg30_cap08_hi04_dd02_rm06_vm16_oh25_ohh32__proxy_hybrid_breadth_blend_vr91_vs90_vb-1__stressbond_511260_vr895_vb-05_cap25_vsna,511260,0.25,0.895,-0.024999999999999998,,-0.0056634498581169535,-0.02913426773341965,4.5258667525876035,False
18.84145126017007,0.23541536455433376,0.211113673547847,1.1151118759769911,-0.2367519173609336,899,1621,0.8194491994177584,0.026011560693641522,0.8,219.926550910707,42.21365725078354,219.926550910707,42.21365725078354,159985,豆粕,豆粕ETF,豆粕 / 豆粕ETF (159985) 80%,regime_mix_rm511580_rm513650_volume_guard_ag28_co27_vr91_vs90_vb01_vg30_cap08_hi04_dd02_rm06_vm16_oh25_ohh32__proxy_hybrid_breadth_blend_vr91_vs90_vb-1__stressbond_511260_vr895_vb-15_cap20_vsna,511260,0.2,0.895,-0.034999999999999996,,-0.005784016005078607,-0.029724319477505867,5.511572060821692,False
18.83710666420094,0.23539622175836628,0.21103537772716358,1.115434882499642,-0.23549211480541843,897,1618,0.8194491994177584,0.026011560693641522,0.8,219.05852212046838,41.802689876725225,219.05852212046838,41.802689876725225,159985,豆粕,豆粕ETF,豆粕 / 豆粕ETF (159985) 80%,regime_mix_rm511580_rm513650_volume_guard_ag28_co27_vr91_vs90_vb01_vg30_cap08_hi04_dd02_rm06_vm16_oh25_ohh32__proxy_hybrid_breadth_blend_vr91_vs90_vb-1__stressbond_511260_vr895_vb-05_cap20_vsna,511260,0.2,0.895,-0.024999999999999998,,-0.005803158801046093,-0.02940131295485493,4.643543270583081,False
18.80428941188276,0.23525149913577037,0.2109807900863388,1.1150375303813176,-0.23552350159770075,897,1618,0.8194491994177584,0.026011560693641522,0.8,219.17879077266025,41.80003874563549,219.17879077266025,41.80003874563549,159985,豆粕,豆粕ETF,豆粕 / 豆粕ETF (159985) 80%,regime_mix_rm511580_rm513650_volume_guard_ag28_co27_vr91_vs90_vb01_vg30_cap08_hi04_dd02_rm06_vm16_oh25_ohh32__proxy_hybrid_breadth_blend_vr91_vs90_vb-1__stressbond_511260_vr895_vb-05_cap15_vsna,511260,0.15000000000000002,0.895,-0.024999999999999998,,-0.0059478814236419986,-0.02979866507317941,4.7638119227749485,False
18.78446669700023,0.23516397385000332,0.2110624148947147,1.1141916194188877,-0.23768116609506917,899,1621,0.8194491994177584,0.026011560693641522,0.8,220.36194988285462,42.50394415809023,220.36194988285462,42.50394415809023,159985,豆粕,豆粕ETF,豆粕 / 豆粕ETF (159985) 80%,regime_mix_rm511580_rm513650_volume_guard_ag28_co27_vr91_vs90_vb01_vg30_cap08_hi04_dd02_rm06_vm16_oh25_ohh32__proxy_hybrid_breadth_blend_vr91_vs90_vb-1__stressbond_511260_vr895_vb-15_cap15_vsna,511260,0.15000000000000002,0.895,-0.034999999999999996,,-0.0060354067094090524,-0.030644576035609328,5.946971032969316,False
18.721698823581992,0.2348862898127697,0.21145362298834555,1.110817050534602,-0.23374916914591015,894,1609,0.8194491994177584,0.026011560693641522,0.8,218.98453308756922,41.443469096225556,218.98453308756922,41.443469096225556,159985,豆粕,豆粕ETF,豆粕 / 豆粕ETF (159985) 80%,regime_mix_rm511580_rm513650_volume_guard_ag28_co27_vr91_vs90_vb01_vg30_cap08_hi04_dd02_rm06_vm16_oh25_ohh32__proxy_hybrid_breadth_blend_vr91_vs90_vb-1__stressbond_511260_vr890_vb-10_cap25_vsna,511260,0.25,0.89,-0.03,,-0.006313090746642658,-0.034019144919894995,4.569554237683917,False
18.70958094875287,0.23483258597175127,0.21013446064373215,1.1175348643547478,-0.22277002817129965,905,1641,0.8194491994177584,0.026011560693641522,0.8,218.51756123110468,40.149778207853856,218.51756123110468,40.149778207853856,159985,豆粕,豆粕ETF,豆粕 / 豆粕ETF (159985) 80%,regime_mix_rm511580_rm513650_volume_guard_ag28_co27_vr91_vs90_vb01_vg30_cap08_hi04_dd02_rm06_vm16_oh25_ohh32__proxy_hybrid_breadth_blend_vr91_vs90_vb-1__stressbond_511260_vr905_vb-10_cap25_vsna,511260,0.25,0.905,-0.03,,-0.006366794587661095,-0.027301331099749193,4.102582381219378,False
18.681774612503563,0.23470923813826672,0.21138575458333997,1.110336117970198,-0.233664907610043,894,1609,0.8194491994177584,0.026011560693641522,0.8,219.02738361939493,41.41621114623402,219.02738361939493,41.41621114623402,159985,豆粕,豆粕ETF,豆粕 / 豆粕ETF (159985) 80%,regime_mix_rm511580_rm513650_volume_guard_ag28_co27_vr91_vs90_vb01_vg30_cap08_hi04_dd02_rm06_vm16_oh25_ohh32__proxy_hybrid_breadth_blend_vr91_vs90_vb-1__stressbond_511260_vr890_vb-10_cap20_vsna,511260,0.2,0.89,-0.03,,-0.00649014242114565,-0.03450007748429895,4.612404769509624,False
18.675044459151458,0.2346793590984637,0.2100322343655613,1.1173492478778475,-0.22256188970272783,905,1641,0.8194491994177584,0.026011560693641522,0.8,218.56754842966475,40.12015935623593,218.56754842966475,40.12015935623593,159985,豆粕,豆粕ETF,豆粕 / 豆粕ETF (159985) 80%,regime_mix_rm511580_rm513650_volume_guard_ag28_co27_vr91_vs90_vb01_vg30_cap08_hi04_dd02_rm06_vm16_oh25_ohh32__proxy_hybrid_breadth_blend_vr91_vs90_vb-1__stressbond_511260_vr905_vb-10_cap20_vsna,511260,0.2,0.905,-0.03,,-0.006520021460948655,-0.02748694757664949,4.152569579779453,False
18.640919830731338,0.23452771383695237,0.2113359498116124,1.1097388496657261,-0.2335819483461662,894,1609,0.8194491994177584,0.026011560693641522,0.8,219.07341628632958,41.38937429677975,219.07341628632958,41.38937429677975,159985,豆粕,豆粕ETF,豆粕 / 豆粕ETF (159985) 80%,regime_mix_rm511580_rm513650_volume_guard_ag28_co27_vr91_vs90_vb01_vg30_cap08_hi04_dd02_rm06_vm16_oh25_ohh32__proxy_hybrid_breadth_blend_vr91_vs90_vb-1__stressbond_511260_vr890_vb-10_cap15_vsna,511260,0.15000000000000002,0.89,-0.03,,-0.006671666722460001,-0.035097345788770884,4.658437436444274,False
18.63911767291725,0.23451969848531484,0.2099559015015974,1.116995029946946,-0.22235754702370325,905,1641,0.8194491994177584,0.026011560693641522,0.8,218.6234167011463,40.09132863275623,218.6234167011463,40.09132863275623,159985,豆粕,豆粕ETF,豆粕 / 豆粕ETF (159985) 80%,regime_mix_rm511580_rm513650_volume_guard_ag28_co27_vr91_vs90_vb01_vg30_cap08_hi04_dd02_rm06_vm16_oh25_ohh32__proxy_hybrid_breadth_blend_vr91_vs90_vb-1__stressbond_511260_vr905_vb-10_cap15_vsna,511260,0.15000000000000002,0.905,-0.03,,-0.006679682074097526,-0.027841165507551002,4.20843785126101,False
18.61669143272261,0.23441989739810087,0.2115155528990194,1.108286810048509,-0.2341102526537604,896,1612,0.8194491994177584,0.026011560693641522,0.8,219.6037585622207,41.561160716631775,219.6037585622207,41.561160716631775,159985,豆粕,豆粕ETF,豆粕 / 豆粕ETF (159985) 80%,regime_mix_rm511580_rm513650_volume_guard_ag28_co27_vr91_vs90_vb01_vg30_cap08_hi04_dd02_rm06_vm16_oh25_ohh32__proxy_hybrid_breadth_blend_vr91_vs90_vb-1__stressbond_511260_vr890_vb-15_cap25_vsna,511260,0.25,0.89,-0.034999999999999996,,-0.006779483161311495,-0.036549385405987955,5.188779712335389,False
18.60463807902978,0.23436621383997314,0.21019677690664412,1.1149848122745647,-0.2231362854245843,907,1644,0.8194491994177584,0.026011560693641522,0.8,219.17766984830575,40.26619430884851,219.17766984830575,40.26619430884851,159985,豆粕,豆粕ETF,豆粕 / 豆粕ETF (159985) 80%,regime_mix_rm511580_rm513650_volume_guard_ag28_co27_vr91_vs90_vb01_vg30_cap08_hi04_dd02_rm06_vm16_oh25_ohh32__proxy_hybrid_breadth_blend_vr91_vs90_vb-1__stressbond_511260_vr905_vb-15_cap25_vsna,511260,0.25,0.905,-0.034999999999999996,,-0.006833166719439232,-0.0298513831799323,4.762690998420453,False
18.59836660419107,0.2343382696410874,0.2117265087724795,1.1067970231961195,-0.23582232083447585,898,1613,0.8194491994177584,0.026011560693641522,0.8,219.78314900352427,41.92328600744274,219.78314900352427,41.92328600744274,159985,豆粕,豆粕ETF,豆粕 / 豆粕ETF (159985) 80%,regime_mix_rm511580_rm513650_volume_guard_ag28_co27_vr91_vs90_vb01_vg30_cap08_hi04_dd02_rm06_vm16_oh25_ohh32__proxy_hybrid_breadth_blend_vr91_vs90_vb-1__stressbond_511260_vr895_vb-20_cap25_vsna,511260,0.25,0.895,-0.04,,-0.006861110918324975,-0.038039172258377496,5.368170153638971,False
18.58840028476229,0.23429384499493122,0.21144206713516753,1.108075834527078,-0.23374916914591015,894,1609,0.8194491994177584,0.026011560693641522,0.8,219.03674303545154,41.443469096225556,219.03674303545154,41.443469096225556,159985,豆粕,豆粕ETF,豆粕 / 豆粕ETF (159985) 80%,regime_mix_rm511580_rm513650_volume_guard_ag28_co27_vr91_vs90_vb01_vg30_cap08_hi04_dd02_rm06_vm16_oh25_ohh32__proxy_hybrid_breadth_blend_vr91_vs90_vb-1__stressbond_511260_vr890_vb-05_cap25_vsna,511260,0.25,0.89,-0.024999999999999998,,-0.006905535564481147,-0.03676036092741897,4.621764185566235,False
18.57636431438898,0.234240166918684,0.2101228291896228,1.1147773320113483,-0.22277002817129965,905,1641,0.8194491994177584,0.026011560693641522,0.8,218.81715432925802,40.149778207853856,218.81715432925802,40.149778207853856,159985,豆粕,豆粕ETF,豆粕 / 豆粕ETF (159985) 80%,regime_mix_rm511580_rm513650_volume_guard_ag28_co27_vr91_vs90_vb01_vg30_cap08_hi04_dd02_rm06_vm16_oh25_ohh32__proxy_hybrid_breadth_blend_vr91_vs90_vb-1__stressbond_511260_vr905_vb-05_cap25_vsna,511260,0.25,0.905,-0.024999999999999998,,-0.006959213640728379,-0.030058863443148676,4.4021754793727155,False
18.54380218286763,0.23409479231290842,0.2114521055279764,1.107081869572286,-0.23492772114862137,896,1612,0.8194491994177584,0.026011560693641522,0.8,219.99331457718876,41.827815383432345,219.99331457718876,41.827815383432345,159985,豆粕,豆粕ETF,豆粕 / 豆粕ETF (159985) 80%,regime_mix_rm511580_rm513650_volume_guard_ag28_co27_vr91_vs90_vb01_vg30_cap08_hi04_dd02_rm06_vm16_oh25_ohh32__proxy_hybrid_breadth_blend_vr91_vs90_vb-1__stressbond_511260_vr890_vb-15_cap20_vsna,511260,0.2,0.89,-0.034999999999999996,,-0.007104588246503951,-0.03775432588221106,5.578335727303454,False
18.539522761817548,0.23407566997924478,0.2113739344326179,1.107400827862547,-0.233664907610043,894,1609,0.8194491994177584,0.026011560693641522,0.8,219.083307045735,41.41621114623402,219.083307045735,41.41621114623402,159985,豆粕,豆粕ETF,豆粕 / 豆粕ETF (159985) 80%,regime_mix_rm511580_rm513650_volume_guard_ag28_co27_vr91_vs90_vb01_vg30_cap08_hi04_dd02_rm06_vm16_oh25_ohh32__proxy_hybrid_breadth_blend_vr91_vs90_vb-1__stressbond_511260_vr890_vb-05_cap20_vsna,511260,0.2,0.89,-0.024999999999999998,,-0.007123710580167586,-0.0374353675919501,4.6683281958497105,False
18.537119208981103,0.23406492814223423,0.21009900981968171,1.1140696395624203,-0.22384299946899067,907,1644,0.8194491994177584,0.026011560693641522,0.8,219.6132130345,40.527305241353176,219.6132130345,40.527305241353176,159985,豆粕,豆粕ETF,豆粕 / 豆粕ETF (159985) 80%,regime_mix_rm511580_rm513650_volume_guard_ag28_co27_vr91_vs90_vb01_vg30_cap08_hi04_dd02_rm06_vm16_oh25_ohh32__proxy_hybrid_breadth_blend_vr91_vs90_vb-1__stressbond_511260_vr905_vb-15_cap20_vsna,511260,0.2,0.905,-0.034999999999999996,,-0.007134452417178139,-0.030766555892076664,5.198234184614705,False
18.532841251272746,0.2340458062713171,0.21002033490184513,1.1143959292356167,-0.22256188970272783,905,1641,0.8194491994177584,0.026011560693641522,0.8,218.88806099663168,40.12015935623593,218.88806099663168,40.12015935623593,159985,豆粕,豆粕ETF,豆粕 / 豆粕ETF (159985) 80%,regime_mix_rm511580_rm513650_volume_guard_ag28_co27_vr91_vs90_vb01_vg30_cap08_hi04_dd02_rm06_vm16_oh25_ohh32__proxy_hybrid_breadth_blend_vr91_vs90_vb-1__stressbond_511260_vr905_vb-05_cap20_vsna,511260,0.2,0.905,-0.024999999999999998,,-0.007153574288095266,-0.030440266218880296,4.473082146746378,False
18.499835536130888,0.23389814437843182,0.211673156862284,1.1049967215758376,-0.23675191736093304,898,1613,0.8194491994177584,0.026011560693641522,0.8,220.2592739029476,42.2136572507834,220.2592739029476,42.2136572507834,159985,豆粕,豆粕ETF,豆粕 / 豆粕ETF (159985) 80%,regime_mix_rm511580_rm513650_volume_guard_ag28_co27_vr91_vs90_vb01_vg30_cap08_hi04_dd02_rm06_vm16_oh25_ohh32__proxy_hybrid_breadth_blend_vr91_vs90_vb-1__stressbond_511260_vr895_vb-20_cap20_vsna,511260,0.2,0.895,-0.04,,-0.007301236180980553,-0.03983947387865938,5.844295053062297,False
18.48975922193835,0.23385301840547412,0.21132393963950688,1.1066092123987425,-0.2335819483461662,894,1609,0.8194491994177584,0.026011560693641522,0.8,219.1324436720505,41.38937429677975,219.1324436720505,41.38937429677975,159985,豆粕,豆粕ETF,豆粕 / 豆粕ETF (159985) 80%,regime_mix_rm511580_rm513650_volume_guard_ag28_co27_vr91_vs90_vb01_vg30_cap08_hi04_dd02_rm06_vm16_oh25_ohh32__proxy_hybrid_breadth_blend_vr91_vs90_vb-1__stressbond_511260_vr890_vb-05_cap15_vsna,511260,0.15000000000000002,0.89,-0.024999999999999998,,-0.007346362153938246,-0.03822698305575445,4.717464822165198,False
18.48797093390606,0.2338450074343954,0.20994380918021624,1.1138456920806954,-0.22235754702370325,905,1641,0.8194491994177584,0.026011560693641522,0.8,218.9648641437494,40.09132863275623,218.9648641437494,40.09132863275623,159985,豆粕,豆粕ETF,豆粕 / 豆粕ETF (159985) 80%,regime_mix_rm511580_rm513650_volume_guard_ag28_co27_vr91_vs90_vb01_vg30_cap08_hi04_dd02_rm06_vm16_oh25_ohh32__proxy_hybrid_breadth_blend_vr91_vs90_vb-1__stressbond_511260_vr905_vb-05_cap15_vsna,511260,0.15000000000000002,0.905,-0.024999999999999998,,-0.007354373125016966,-0.030990503373801603,4.549885293864094,False
18.47025132987767,0.23376559221080373,0.21140543079152424,1.1057690965438338,-0.23574509269874255,896,1612,0.8194491994177584,0.026011560693641522,0.8,220.3850963431005,42.09443877181333,220.3850963431005,42.09443877181333,159985,豆粕,豆粕ETF,豆粕 / 豆粕ETF (159985) 80%,regime_mix_rm511580_rm513650_volume_guard_ag28_co27_vr91_vs90_vb01_vg30_cap08_hi04_dd02_rm06_vm16_oh25_ohh32__proxy_hybrid_breadth_blend_vr91_vs90_vb-1__stressbond_511260_vr890_vb-15_cap15_vsna,511260,0.15000000000000002,0.89,-0.034999999999999996,,-0.007433788348608639,-0.03906709891066318,5.970117493215213,False
18.46846483179716,0.23375758180735207,0.21002583551467754,1.1129944143991564,-0.22455237121508065,907,1644,0.8194491994177584,0.026011560693641522,0.8,220.05418327829753,40.78875939572278,220.05418327829753,40.78875939572278,159985,豆粕,豆粕ETF,豆粕 / 豆粕ETF (159985) 80%,regime_mix_rm511580_rm513650_volume_guard_ag28_co27_vr91_vs90_vb01_vg30_cap08_hi04_dd02_rm06_vm16_oh25_ohh32__proxy_hybrid_breadth_blend_vr91_vs90_vb-1__stressbond_511260_vr905_vb-15_cap15_vsna,511260,0.15000000000000002,0.905,-0.034999999999999996,,-0.007441798752060302,-0.031841781055340634,5.639204428412228,False
18.400939713726075,0.23345430683425383,0.2116353487363615,1.1030969458938198,-0.23768116609506829,898,1613,0.8194491994177584,0.026011560693641522,0.8,220.73738369322868,42.503944158089965,220.73738369322868,42.503944158089965,159985,豆粕,豆粕ETF,豆粕 / 豆粕ETF (159985) 80%,regime_mix_rm511580_rm513650_volume_guard_ag28_co27_vr91_vs90_vb01_vg30_cap08_hi04_dd02_rm06_vm16_oh25_ohh32__proxy_hybrid_breadth_blend_vr91_vs90_vb-1__stressbond_511260_vr895_vb-20_cap15_vsna,511260,0.15000000000000002,0.895,-0.04,,-0.0077450737251585355,-0.041739249560677205,6.322404843343378,False
18.32174941270141,0.2330973879447784,0.21205750830129266,1.0992178009259268,-0.23411025265376129,895,1604,0.8194491994177584,0.026011560693641522,0.8,219.8936003135296,41.561160716631846,219.8936003135296,41.561160716631846,159985,豆粕,豆粕ETF,豆粕 / 豆粕ETF (159985) 80%,regime_mix_rm511580_rm513650_volume_guard_ag28_co27_vr91_vs90_vb01_vg30_cap08_hi04_dd02_rm06_vm16_oh25_ohh32__proxy_hybrid_breadth_blend_vr91_vs90_vb-1__stressbond_511260_vr890_vb-20_cap25_vsna,511260,0.25,0.89,-0.04,,-0.008101992614633957,-0.045618394528570194,5.478621463644288,False
18.207311164865178,0.23257919393879511,0.2120106733523433,1.0970164391311974,-0.23492772114862193,895,1604,0.8194491994177584,0.026011560693641522,0.8,220.3260375694298,41.82781538343234,220.3260375694298,41.82781538343234,159985,豆粕,豆粕ETF,豆粕 / 豆粕ETF (159985) 80%,regime_mix_rm511580_rm513650_volume_guard_ag28_co27_vr91_vs90_vb01_vg30_cap08_hi04_dd02_rm06_vm16_oh25_ohh32__proxy_hybrid_breadth_blend_vr91_vs90_vb-1__stressbond_511260_vr890_vb-20_cap20_vsna,511260,0.2,0.89,-0.04,,-0.008620186620617254,-0.0478197563232996,5.911058719544485,False
18.092815492435168,0.23205786078175783,0.21197741045249516,1.0947291991462589,-0.23574509269874122,895,1604,0.8194491994177584,0.026011560693641522,0.8,220.76053015347435,42.09443877181299,220.76053015347435,42.09443877181299,159985,豆粕,豆粕ETF,豆粕 / 豆粕ETF (159985) 80%,regime_mix_rm511580_rm513650_volume_guard_ag28_co27_vr91_vs90_vb01_vg30_cap08_hi04_dd02_rm06_vm16_oh25_ohh32__proxy_hybrid_breadth_blend_vr91_vs90_vb-1__stressbond_511260_vr890_vb-20_cap15_vsna,511260,0.15000000000000002,0.89,-0.04,,-0.009141519777654539,-0.050106996308238116,6.345551303589048,False
17.965600230467434,0.23147519335731803,0.2108456246021495,1.097842052895786,-0.21650745439677088,906,1634,0.8194491994177584,0.026011560693641522,0.8,220.08437755202115,38.965602786024405,220.08437755202115,38.965602786024405,159985,豆粕,豆粕ETF,豆粕 / 豆粕ETF (159985) 80%,regime_mix_rm511580_rm513650_volume_guard_ag28_co27_vr91_vs90_vb01_vg30_cap08_hi04_dd02_rm06_vm16_oh25_ohh32__proxy_hybrid_breadth_blend_vr91_vs90_vb-1__stressbond_511260_vr905_vb-20_cap25_vsna,511260,0.25,0.905,-0.04,,-0.009724187202094337,-0.04699414255871104,5.669398702135851,False
17.836070675097517,0.23087818257775972,0.2107667942009861,1.0954200990389193,-0.21677562955099106,906,1634,0.8194491994177584,0.026011560693641522,0.8,220.60260216637568,39.14115227381708,220.60260216637568,39.14115227381708,159985,豆粕,豆粕ETF,豆粕 / 豆粕ETF (159985) 80%,regime_mix_rm511580_rm513650_volume_guard_ag28_co27_vr91_vs90_vb01_vg30_cap08_hi04_dd02_rm06_vm16_oh25_ohh32__proxy_hybrid_breadth_blend_vr91_vs90_vb-1__stressbond_511260_vr905_vb-20_cap20_vsna,511260,0.2,0.905,-0.04,,-0.010321197981652652,-0.04941609641557765,6.187623316490374,False
17.706319110197594,0.23027631144847605,0.2107087083415433,1.092865659236139,-0.21704691441345492,906,1634,0.8194491994177584,0.026011560693641522,0.8,221.12604342660165,39.31719200321655,221.12604342660165,39.31719200321655,159985,豆粕,豆粕ETF,豆粕 / 豆粕ETF (159985) 80%,regime_mix_rm511580_rm513650_volume_guard_ag28_co27_vr91_vs90_vb01_vg30_cap08_hi04_dd02_rm06_vm16_oh25_ohh32__proxy_hybrid_breadth_blend_vr91_vs90_vb-1__stressbond_511260_vr905_vb-20_cap15_vsna,511260,0.15000000000000002,0.905,-0.04,,-0.010923069110936323,-0.05197053621835801,6.711064576716353,False
