date,base_pool,hs300_benchmark
2019-12-05,2.6140636452309853,1.0
2019-12-06,2.610960468459135,1.0060882800608826
2019-12-09,2.6254532238781625,1.002790461694571
2019-12-10,2.623644126049478,1.0035514967021815
2019-12-11,2.623644126049478,1.0050735667174024
2019-12-12,2.6290723552757873,1.0022387438369174
2019-12-13,2.641160979164636,1.0225979263422187
2019-12-16,2.6699586845449357,1.0256904603936567
2019-12-17,2.702870347836707,1.0416685529927536
2019-12-18,2.690528474102293,1.0378028854284562
2019-12-19,2.690528474102293,1.0359989072317837
2019-12-20,2.657616810810522,1.0349680625479711
2019-12-23,2.608249315872865,1.0215670816584057
2019-12-24,2.6675557217288453,1.0269790162484227
2019-12-25,2.6597250643536614,1.028782994445095
2019-12-26,2.6759429001119153,1.036256618402737
2019-12-27,2.6313438517767165,1.0352257737189245
2019-12-30,2.675942900111915,1.0501730216342091
2019-12-31,2.679997359051478,1.0555849562242257
2020-01-02,2.727886844083669,1.0692436482847443
2020-01-03,2.7194474538486357,1.0666665365752124
2020-01-06,2.747817248449143,1.0625431578399616
2020-01-07,2.780239870849723,1.0707899153104632
2020-01-08,2.739711592848998,1.0602237573013826
2020-01-09,2.8207681488504477,1.0715630488233225
2020-01-10,2.8167153210503755,1.0713053376523691
2020-01-13,2.860495263851655,1.0829023403452622
2020-01-14,2.845395427461889,1.078263539268105
2020-01-15,2.8363836833517726,1.0700167817976032
2020-01-16,2.8431794846753156,1.068470514771884
2020-01-17,2.8431794846753156,1.06975907062665
2020-01-20,2.923951629126319,1.0774904057552455
2020-01-21,2.8956813785684674,1.057904356762804
2020-01-22,2.96029909412927,1.0615123131561481
2020-01-23,2.8714497352331665,1.0298138391289071
2020-02-03,2.6348370268605645,0.9429651745176855
2020-02-04,2.6157136192502493,0.9715711144934885
2020-02-05,2.6975709444614946,0.981106427818756
2020-02-06,2.786869844691944,1.0043004332045422
2020-02-07,2.7831490571823423,1.0019810326659637
2020-02-10,2.821253642068177,1.005331277888355
2020-02-11,2.8875492589869673,1.0161551470683885
2020-02-12,2.9834174282760433,1.0233710598550776
2020-02-13,2.952739614103539,1.0179591252650606
2020-02-14,2.9489048873319756,1.0249173268807965
2020-02-17,3.070786807663106,1.0473381987537234
2020-02-18,3.081645759723896,1.0408954194798938
2020-02-19,3.0129101665702027,1.0411531306508472
2020-02-20,3.1045576241084594,1.0646048472075866
2020-02-21,3.16183728506987,1.0682128036009308
2020-02-24,3.215298301967187,1.059708334959476
2020-02-25,3.2611220307363156,1.0576466455918505
2020-02-26,3.096920335980272,1.0488844657794427
2020-02-27,3.1083762681725533,1.0491421769503957
2020-02-28,2.932718641224227,1.0135780353588568
2020-03-02,3.0205474546983906,1.0504307328051614
2020-03-03,3.093101691916177,1.049657599292302
2020-03-04,3.077827115659801,1.0571312232499444
2020-03-05,3.1160135563007407,1.0823869180033558
2020-03-06,3.096920335980271,1.0620277354980547
2020-03-09,2.951811861544697,1.0282675721031882
2020-03-10,3.0510966072111425,1.050946155147068
2020-03-11,2.9747237259292616,1.033679506693205
2020-03-12,2.8995575361716344,1.0174437029231547
2020-03-13,2.829143163678146,1.0022387438369167
2020-03-16,2.828860249361778,0.9602318229715485
2020-03-17,2.8318100514987563,0.9517273543300936
2020-03-18,2.8259104472248007,0.9357492617309964
2020-03-19,2.797962546878004,0.9267293707476353
2020-03-20,2.796563565604565,0.9390995069533878
2020-03-23,2.94540829990491,0.9086895887809127
2020-03-24,2.9053347175932784,0.930595038311933
2020-03-25,2.953995496114546,0.9550775995524851
2020-03-26,2.8767107302278276,0.9491502426205619
2020-03-27,2.9110595150663685,0.9535313325267661
2020-03-30,2.9368211036952743,0.944769152714358
2020-03-31,2.9282339074856387,0.9455422862272174
2020-04-01,2.842361945389286,0.9465731309110302
2020-04-02,2.8309123504431053,0.9594586894586893
2020-04-03,2.793701166868019,0.9527581990139066
2020-04-07,2.7994860747145767,0.9741482262030204
2020-04-08,2.772831555504835,0.9702825586387229
2020-04-09,2.7769058891554677,0.9731173815192077
2020-04-10,2.779733695559903,0.9700248474677695
2020-04-13,2.7599390507288555,0.9646129128777527
2020-04-14,2.7596630568237828,0.98059100547685
2020-04-15,2.7619250757228184,0.9749213597158799
2020-04-16,2.725546536483372,0.9754367820577861
2020-04-17,2.8128767097453715,0.9841989618701942
2020-04-20,2.776254379022597,0.9883223406054451
2020-04-21,2.7480833553896935,0.978013893767318
2020-04-22,2.735406394754887,0.9867760735797264
2020-04-23,2.76357741838779,0.984972095383054
2020-04-24,2.7480833553896935,0.9767253379125522
2020-04-27,2.8382066856448955,0.9811064278187561
2020-04-28,2.859680320150755,0.9872914959216327
2020-04-29,2.9424679251011447,0.9924457193406963
2020-04-30,3.0392873275007535,1.0071352560850275
2020-05-06,3.025255530051535,1.0097123677945592
2020-05-07,2.9929823959183324,1.0079083895978869
2020-05-08,2.995788755408175,1.0187322587779204
2020-05-11,2.9747410592343475,1.0169282805812483
2020-05-12,2.9326456668866907,1.016670569410295
2020-05-13,2.8905502745390352,1.0189899699488738
2020-05-14,2.835826264487082,1.0104855013074185
2020-05-15,2.863889859385519,1.0055889890593082
2020-05-18,2.884937555559347,1.0086815231107462
2020-05-19,2.9382583858663773,1.0161551470683883
2020-05-20,2.9130011504577844,1.0120317683331375
2020-05-21,2.9396615656112997,1.0053312778883547
2020-05-22,2.879249064873434,0.9831681171863814
2020-05-25,2.867226341613332,0.9836835395282881
2020-05-26,2.9216071162290422,0.9955382533921343
2020-05-27,2.877940713731993,0.9908994523149771
2020-05-28,2.945856718775816,0.9921880081697428
2020-05-29,2.9316028472172433,0.9963113869049938
2020-06-01,2.9200462733931967,1.022597926342218
2020-06-02,2.9507248875358187,1.0254327492227029
2020-06-03,2.986981431522554,1.02517503805175
2020-06-04,2.986981431522554,1.025690460393656
2020-06-05,2.975825571834328,1.0316178173255792
2020-06-08,2.9953483262887235,1.03651432957369
2020-06-09,3.017660045665176,1.043472531189426
2020-06-10,3.026026940431345,1.0411531306508475
2020-06-11,2.9897703964446105,1.0316178173255799
2020-06-12,2.931202133081422,1.0341949290351113
2020-06-15,2.8586890451079525,1.0195053922907802
2020-06-16,2.967458677068158,1.0354834848898773
2020-06-17,2.978614536756384,1.03651432957369
2020-06-18,2.947935922613762,1.0445033758732385
2020-06-19,2.9702476419902144,1.057904356762804
2020-06-22,2.970063570305359,1.0589352014466167
2020-06-23,3.029202004227369,1.063831713694727
2020-06-24,3.025916535676146,1.0731093158490412
2020-06-29,2.9963473187151415,1.0638317136947268
2020-06-30,3.0981968438030463,1.0767172722423857
2020-07-01,3.0620566897395967,1.1009421223119846
2020-07-02,3.0817695010469324,1.1261978170653966
2020-07-03,3.127766060764051,1.1486186889383232
2020-07-06,3.228213932687696,1.2328902418400134
2020-07-07,3.241808287678767,1.2205201056342607
2020-07-08,3.2732153521717633,1.2364981982333578
2020-07-09,3.2967279680793844,1.255568824883893
2020-07-10,3.297066841047266,1.2331479530109664
2020-07-13,3.311259787849869,1.2589190701062845
2020-07-14,3.307097550529082,1.2478374897552977
2020-07-15,3.300265715523971,1.2328902418400134
2020-07-16,3.1154502416275536,1.1741320948626885
2020-07-17,3.123570922053334,1.1867599422393944
2020-07-20,3.1855914338177547,1.2182007050956822
2020-07-21,3.228967945972224,1.2212932391471205
2020-07-22,3.2692443021574307,1.2349519312076391
2020-07-23,3.305195568158558,1.2282514407628566
2020-07-24,3.1099457876311316,1.1736166725207824
2020-07-27,3.1152997566638563,1.1808325853074713
2020-07-28,3.1500004701035356,1.1898524762908327
2020-07-29,3.287216864850606,1.2238703508566524
2020-07-30,3.2525887288218027,1.2148504598732912
2020-07-31,3.330314388323665,1.2241280620276052
2020-08-03,3.397133500707523,1.243456399849094
2020-08-04,3.3866132838922707,1.2444872445329065
2020-08-05,3.4084893778196967,1.245002666874813
2020-08-06,3.355636849475614,1.240363865797656
2020-08-07,3.2902793483790833,1.2279937295919032
2020-08-10,3.2695963612217924,1.2321171083271543
2020-08-11,3.2172028724935484,1.2200046832923548
2020-08-12,3.1677344806127814,1.2117579258218532
2020-08-13,3.179412382593112,1.2078922582575555
2020-08-14,3.2099743077840435,1.2313439748142951
2020-08-17,3.2227000531152648,1.2568573807386596
2020-08-18,3.2645636300636114,1.2550534025419875
2020-08-19,3.2268434149493346,1.2354673535495457
2020-08-20,3.2087038307806077,1.2223240838309337
2020-08-21,3.2635641792955368,1.2326325306690613
2020-08-24,3.3324462717614702,1.2403638657976568
2020-08-25,3.40635937010323,1.2426832663362357
2020-08-26,3.3509762967892303,1.2274783072499982
2020-08-27,3.446564838072746,1.2367559094043128
2020-08-28,3.4952475358174913,1.2671658275767879
2020-08-31,3.535869823159073,1.2560842472258011
2020-09-01,3.5952579302277603,1.2648464270382094
2020-09-02,3.734392297539931,1.2638155823543966
2020-09-03,3.776644502150883,1.2586613589353333
2020-09-04,3.7465577871773994,1.244487244532908
2020-09-07,3.5392192825978235,1.2194892609504497
2020-09-08,3.6878844209659793,1.225674329053326
2020-09-09,3.6974384391403534,1.1970683890775229
2020-09-10,3.6995429955913504,1.1980992337613359
2020-09-11,3.680735610164176,1.20737683591565
2020-09-14,3.667841026194567,1.2143350375313862
2020-09-15,3.681704374244794,1.2233549285147476
2020-09-16,3.6820530457996714,1.2161390157280587
2020-09-17,3.68113461986988,1.2086653917704164
2020-09-18,3.680565007756546,1.239848443455751
2020-09-21,3.6964045177620046,1.2256743290533263
2020-09-22,3.69793687123895,1.2109847923089945
2020-09-23,3.685764162697653,1.214592748702339
2020-09-24,3.687332927243388,1.1947489885389442
2020-09-25,3.675699170476583,1.1955221220518037
2020-09-28,3.6988645380113936,1.1980992337613354
2020-09-29,3.6742282524668224,1.2009340566418203
2020-09-30,3.690310952759374,1.1973261002484759
2020-10-09,3.90216492643513,1.2212932391471216
2020-10-12,3.926810178602089,1.259434492448192
2020-10-13,3.872128748786916,1.263557871183443
2020-10-14,3.866641232402453,1.2573728030805664
2020-10-15,3.866641232402453,1.2542802690291284
2020-10-16,3.912350744425684,1.250672312635784
2020-10-19,3.9036058741696857,1.2426832663362353
2020-10-20,3.9125163668188008,1.2504146014648307
2020-10-21,3.8563132273974423,1.2519608684905497
2020-10-22,3.8528425454927846,1.2478374897552986
2020-10-23,3.746312336861648,1.2334056641819204
2020-10-26,3.753208392367037,1.2241280620276058
2020-10-27,3.758435056242847,1.2277360184209505
2020-10-28,3.792373025556988,1.2380444652590776
2020-10-29,3.841538646218565,1.2493837567810173
2020-10-30,3.778441112269232,1.2259320402242782
2020-11-02,3.7824791273168095,1.2331479530109672
2020-11-03,3.830229089248672,1.2462912227295795
2020-11-04,3.84728264708148,1.2558265360548475
2020-11-05,3.912086166846151,1.275412585047289
2020-11-06,3.840461223948357,1.2759280073891952
2020-11-09,3.968956644363925,1.3009259909716537
2020-11-10,3.916367174477108,1.2939677893559178
2020-11-11,3.809775030434461,1.2818553643211184
2020-11-12,3.8204431396102527,1.281082230808259
2020-11-13,3.798133730698743,1.2679389610896465
2020-11-16,3.806400039669217,1.2815976531501652
2020-11-17,3.7987520682647102,1.2792782526115867
2020-11-18,3.762884022984957,1.2774742744149143
2020-11-19,3.761868044298751,1.2882981435949479
2020-11-20,3.757739115520644,1.2921638111592455
2020-11-23,3.7934164474302694,1.3071110590745298
2020-11-24,3.824317001558275,1.2988643016040278
2020-11-25,3.8200707934699554,1.2828862090049307
2020-11-26,3.854610443888243,1.284690187201603
2020-11-27,3.8811978047182873,1.302987680339279
2020-11-30,3.8677373759298774,1.2965449010654493
2020-12-01,3.895800045716864,1.325150841041252
2020-12-02,3.879437805265692,1.3223160181607672
2020-12-03,3.881395429075422,1.3218005958188608
2020-12-04,3.881239053994584,1.3246354186993459
2020-12-07,3.855594102768272,1.3132961271774057
2020-12-08,3.835874994467624,1.309172748442155
2020-12-09,3.8535392037957856,1.2937100781849638
2020-12-10,3.851389819379326,1.2911329664754319
2020-12-11,3.832380281308083,1.2767011409020539
2020-12-14,3.851124117645939,1.2880404324239938
2020-12-15,3.842463157586479,1.2919060999882912
2020-12-16,3.863138332271482,1.2944832116978229
2020-12-17,3.889593267528338,1.3127807048354991
2020-12-18,3.8833931306354574,1.3053070808778569
2020-12-21,3.883539428129498,1.3169040835707497
2020-12-22,3.8840699180601135,1.2970603234073548
2020-12-23,3.921489580729043,1.307626481416435
2020-12-24,3.9024602799834662,1.307626481416435
2020-12-25,3.942486368691944,1.3184503505964684
2020-12-28,3.9336003568121503,1.3220583069898133
2020-12-29,3.8956699517902615,1.3179349282545625
2020-12-30,4.03847797218837,1.3344284431955655
2020-12-31,4.140272990419514,1.3625189608294623
2021-01-04,4.259350280452899,1.3746313858642618
2021-01-05,4.271330617246374,1.4001447917886267
2021-01-06,4.312941758311429,1.4127726391653326
2021-01-07,4.400347825343277,1.4429248461668545
2021-01-08,4.375214678617851,1.4357089333801654
2021-01-11,4.309174714604356,1.419473129610115
2021-01-12,4.44875275298792,1.4607069169626241
2021-01-13,4.401209808253236,1.455037271201654
2021-01-14,4.324010504140332,1.4284930205934767
2021-01-15,4.332189154808881,1.4241119306872725
2021-01-18,4.4116067160633845,1.43931688977351
2021-01-19,4.31669498416594,1.4197361230887624
2021-01-20,4.463449400979143,1.4275684297626616
2021-01-21,4.569504656949584,1.4521096573408785
2021-01-22,4.63815150145163,1.452892888008269
2021-01-25,4.646562452616121,1.4701239626908469
2021-01-26,4.515897330797904,1.4387947359952509
2021-01-27,4.560418316692325,1.4414055048865504
2021-01-28,4.40735258279052,1.4058990479648747
2021-01-29,4.347237003530203,1.3962392030670658
2021-02-01,4.4015837123503845,1.4126870470822537
2021-02-02,4.495092684157773,1.4335731982126512
2021-02-03,4.500758286524936,1.4320067368778715
2021-02-04,4.488851675521282,1.4291348910974415
2021-02-05,4.4883431370592355,1.4312235062104812
2021-02-08,4.59541173687598,1.4500210422278383
2021-02-09,4.605282877666113,1.4860496529277738
2021-02-10,4.706125622962793,1.5160734951777204
2021-02-18,4.782030193474129,1.5048471889451316
2021-02-19,4.789463744919918,1.5132016493972906
2021-02-22,4.728972161730655,1.4591587333473872
2021-02-23,4.716055867443476,1.4552425800104376
2021-02-24,4.559638584404889,1.4168642773083324
2021-02-25,4.630634549630606,1.430179198653961
2021-02-26,4.480562101673559,1.391278742173596
2021-03-01,4.5313256459869455,1.414514585306163
2021-03-02,4.502379387522128,1.3965002799561954
2021-03-03,4.585351080692776,1.4239133533148416
2021-03-04,4.547781241806374,1.3803135128301374
2021-03-05,4.480096333175662,1.374830898158408
2021-03-08,4.454311606078249,1.3262705967802342
2021-03-09,4.418857606319305,1.2999018309781076
2021-03-10,4.383403606560361,1.3053844456498367
2021-03-11,4.476425554964257,1.3390633643476022
2021-03-12,4.556350215700839,1.342457363906292
2021-03-15,4.574318920776843,1.3158275212150354
2021-03-16,4.592269997130276,1.324443058556324
2021-03-17,4.5692125745505425,1.3304478270063131
2021-03-18,4.576908090465575,1.3408909025715117
2021-03-19,4.533318489603998,1.3046012149824464
2021-03-22,4.573985408654588,1.3194825976628546
2021-03-23,4.5098790959894925,1.307734137652006
2021-03-24,4.465004677123925,1.287892294078128
2021-03-25,4.458594045857416,1.2868479865216083
2021-03-26,4.4938525178232185,1.313999982991125
2021-03-29,4.56757477738808,1.3166107518824246
2021-03-30,4.55475351485506,1.328098135004143
2021-03-31,4.548342883588551,1.318438290106334
2021-04-01,4.576733005215415,1.334625057232392
2021-04-02,4.541873683692161,1.3474178247997604
2021-04-06,4.612603640946545,1.3401076719041216
2021-04-07,4.610134828629047,1.330969980784573
2021-04-08,4.6008213224678265,1.3338418265650027
2021-04-09,4.6057969763854185,1.3153053674367754
2021-04-12,4.6505778616437565,1.293374908749858
2021-04-13,4.635650899890976,1.2915473705259486
2021-04-14,4.706968606043144,1.2988575234215876
2021-04-15,4.6588706181730775,1.2915473705259488
2021-04-16,4.6903830929845,1.2957246007520282
2021-04-19,4.706968606043144,1.3286202887824041
2021-04-20,4.642285105114433,1.3265316736693644
2021-04-21,4.606161857672706,1.3296645963389235
2021-04-22,4.642474946141602,1.328620288782404
2021-04-23,4.585363232599461,1.3419352101280322
2021-04-26,4.592444323502207,1.3252262892237143
2021-04-27,4.632315584400805,1.3286202887824041
2021-04-28,4.755554027178291,1.3385412105693424
2021-04-29,4.766428007423363,1.3505507474693212
2021-04-30,4.84254586913887,1.3388022874584726
2021-05-06,4.70480878603462,1.3213101358867647
2021-05-07,4.534449762195154,1.3053844456498367
2021-05-10,4.577945683175442,1.3051233687607067
2021-05-11,4.556197722685297,1.311911367878086
2021-05-12,4.606942963828968,1.3200047514411148
2021-05-13,4.581068327835818,1.3056455225389667
2021-05-14,4.488314654254288,1.3385412105693426
2021-05-17,4.625782178121188,1.3544669008062706
2021-05-18,4.594851985251135,1.354989054584531
2021-05-19,4.639528930507878,1.3513339781367113
2021-05-20,4.673895811474603,1.3549890545845311
2021-05-21,4.625782178121188,1.3406298256823825
2021-05-24,4.67045912337793,1.347939978578022
2021-05-25,4.804489959148158,1.3907565883953363
2021-05-26,4.759813013891415,1.3910176652844666
2021-05-27,4.797616582954812,1.3959781261779358
2021-05-28,4.82167339963152,1.3920619728409862
2021-05-31,4.9591409234984205,1.393628434175766
2021-06-01,4.94539417111173,1.3957170492888058
2021-06-02,4.838856840114882,1.3844907430562172
2021-06-03,4.78043314247145,1.3737865906018885
2021-06-04,4.845730216308228,1.3824021279431773
2021-06-07,4.811363335341503,1.3808356666083972
2021-06-08,4.770123078181433,1.3698704372649388
2021-06-09,4.769263562488455,1.3719590523779785
2021-06-10,4.764971225282216,1.3808356666083974
2021-06-11,4.79831602042065,1.3680428990410292
2021-06-15,4.741629868685312,1.352639362582361
2021-06-16,4.524888700285491,1.3341029034541334
2021-06-17,4.6349265242423225,1.336974749234563
2021-06-18,4.728291950629938,1.3382801336802124
2021-06-21,4.764971225282216,1.3364525954563027
2021-06-22,4.7883125818791195,1.343240594573682
2021-06-23,4.843484879915172,1.3513339781367113
2021-06-24,4.835029075306382,1.354727977695401
2021-06-25,4.846867201758689,1.375875205714928
2021-06-28,4.858915032165293,1.3782248977170977
2021-06-29,4.858915032165293,1.3641267457040795
2021-06-30,4.974297291921123,1.3722201292671088
2021-07-01,4.962372606632271,1.3716979754888488
2021-07-02,4.962821769564479,1.3348861341215235
2021-07-05,5.015672155980315,1.336713672345433
2021-07-06,5.020786709504429,1.3385412105693426
2021-07-07,5.063407988872039,1.3523782856932307
2021-07-08,5.059998286522631,1.3408909025715121
2021-07-09,5.054883732998517,1.3346250572323928
2021-07-12,5.1060292682396495,1.3523782856932307
2021-07-13,5.107734119414354,1.3565555159193101
2021-07-14,5.089001214706703,1.341674133238902
2021-07-15,5.174530646886647,1.3594273616997397
2021-07-16,4.998468310744231,1.3461124403541114
2021-07-19,4.964751829727407,1.351856131914971
2021-07-20,4.9564188014441,1.3484621323562813
2021-07-21,5.114533724146417,1.3586441310323498
2021-07-22,5.104853218674847,1.3599495154779997
2021-07-23,4.985460317858811,1.3463735172432416
2021-07-26,4.806400008151172,1.3006850616454975
2021-07-27,4.79379305731012,1.255518759826013
2021-07-28,4.7480928605113055,1.2581295287173124
2021-07-29,4.752790525568454,1.2808432180716196
2021-07-30,4.705400703980438,1.2719666038412007
2021-08-02,4.691044027538088,1.3035569074259268
2021-08-03,4.679549892095422,1.304079061204187
2021-08-04,4.641330261382249,1.3155664443259052
2021-08-05,4.637304168447463,1.3077341376520066
2021-08-06,4.611002209765969,1.303556907425927
2021-08-09,4.538492563855325,1.3179161363280751
2021-08-10,4.555250074860329,1.3327975190084838
2021-08-11,4.549669370327575,1.3257484430019746
2021-08-12,4.485471581666511,1.3173939825498155
2021-08-13,4.569508519964713,1.3103449065433064
2021-08-16,4.605757862914853,1.3095616758759165
2021-08-17,4.608540798179455,1.2803210642933602
2021-08-18,4.572368100593744,1.294158139417248
2021-08-19,4.514800870995537,1.2852815251868293
2021-08-20,4.512994950647139,1.261784605165132
2021-08-23,4.544622408522294,1.2805821411824896
2021-08-24,4.552664599051629,1.2941581394172477
2021-08-25,4.5485672009124825,1.2978132158650675
2021-08-26,4.594293537852872,1.2756216802890203
2021-08-27,4.613498945195953,1.2790156798477097
2021-08-30,4.635082565992192,1.2743162958433703
2021-08-31,4.7596429243547735,1.27379414206511
2021-09-01,4.731085066808645,1.2920695243042077
2021-09-02,4.802587611898952,1.2910252167476879
2021-09-03,4.788775512401918,1.2839761407411787
2021-09-06,4.790548851077045,1.3059065994280958
2021-09-07,4.868328980024421,1.322354443443284
2021-09-08,4.941348456562095,1.3168718287715546
2021-09-09,4.909874899513929,1.3163496749932946
2021-09-10,4.9688878189792405,1.329142442560663
2021-09-13,4.992492986765365,1.3220933665541539
2021-09-14,5.0121639599204695,1.304862291871576
2021-09-15,5.008229765289449,1.2910252167476877
2021-09-16,4.976756208241283,1.2764049109564097
2021-09-17,5.008229765289449,1.2865869096324782
2021-09-22,4.913809094144951,1.2779713722911892
2021-09-23,4.957085235086178,1.2855426020759584
2021-09-24,4.937414261931074,1.2873701402998678
2021-09-27,4.91774328877597,1.295724600752027
2021-09-28,4.882335537096783,1.2933749087498572
2021-09-29,4.827256812262492,1.2847593714085683
2021-09-30,4.791467050284633,1.2884144478563877
2021-10-08,4.754000783455468,1.3069509069846152
2021-10-11,4.799844753738897,1.3066898300954852
2021-10-12,4.774369100039922,1.2931138318607271
2021-10-13,4.70711629911647,1.3077341376520053
2021-10-14,4.676860421792111,1.3006850616454961
2021-10-15,4.697840730226319,1.3069509069846155
2021-10-18,4.765732620474018,1.2918084474150773
2021-10-19,4.791953982897534,1.3040790612041857
2021-10-20,4.764718181515259,1.300423984756366
2021-10-21,4.822299372416406,1.3061676763172252
2021-10-25,4.827663463033659,1.3192215207737235
2021-10-26,4.843728898850743,1.314783213658514
2021-10-27,4.814835072776405,1.2975521389759364
2021-10-28,4.85234630873571,1.292069524304207
2021-10-29,4.826604805447783,1.300423984756366
2021-11-01,4.828051568890597,1.2962467545302863
2021-11-02,4.831294048117521,1.282670756295528
2021-11-03,4.802111735075202,1.2774492185129285
2021-11-04,4.850748923479069,1.2897198323020371
2021-11-05,4.850748923479069,1.285281525186828
2021-11-08,4.902628591109861,1.2842372176303078
2021-11-09,4.941538341832954,1.2837150638520483
2021-11-10,4.936596803491121,1.2771881416237991
2021-11-11,4.895228673852928,1.2980742927541964
2021-11-12,4.893696520903365,1.2975521389759361
2021-11-15,4.939661109390247,1.2959856776411565
2021-11-16,4.9159413133245335,1.2949413700846366
2021-11-17,4.943080740881888,1.2946802931955066
2021-11-18,4.953776742485033,1.2831929100737882
2021-11-19,5.030176753936067,1.2975521389759364
2021-11-22,5.03628875485215,1.3009461385346262
2021-11-23,4.956832742943076,1.301729369202016
2021-11-24,4.9652558442055525,1.3046012149824457
2021-11-25,4.983758083306905,1.2996407540889763
2021-11-26,4.926191636147611,1.2886755247455177
2021-11-29,4.953867743524644,1.286847986521608
2021-11-30,4.945609094075483,1.2821486025172684
2021-12-01,4.8967573959277395,1.2855426020759582
2021-12-02,4.87491169438205,1.288153370967258
2021-12-03,4.876812878471511,1.2999018309781065
2021-12-06,4.857840568081613,1.2985964465324564
2021-12-07,4.8144644979678075,1.3059065994280954
2021-12-08,4.815521715069809,1.324704135445453
2021-12-09,4.8782431632866565,1.3466345941323703
2021-12-10,4.917729785856262,1.3427184407954207
2021-12-13,4.914445826066041,1.34611244035411
2021-12-14,4.852040164782663,1.3380190567910812
2021-12-15,4.914007884537435,1.3260095198911028
2021-12-16,4.969733747145591,1.3330585958976118
2021-12-17,4.9708057446054585,1.3139999829911244
2021-12-20,4.940257757807434,1.2944192163063768
2021-12-21,5.027973798675075,1.2999018309781059
2021-12-22,5.012852072964773,1.300685061645496
2021-12-23,5.0330295907427445,1.3106059834324342
2021-12-24,4.998791383338065,1.304601214982445
2021-12-27,4.953302062338099,1.305645522538965
2021-12-28,4.9234703811596505,1.3124335216563439
2021-12-29,4.9041142335198185,1.294941370084636
2021-12-30,4.9274664014583625,1.3043401380933148
2021-12-31,4.863171548247901,1.3074730607628744
2022-01-04,4.931684153707494,1.302773676758535
2022-01-05,4.942357561805198,1.2905030629694263
2022-01-06,4.844003079809407,1.2758827571781484
2022-01-07,4.88545542890313,1.279015679847708
2022-01-10,4.909142485528116,1.2824096794063973
2022-01-11,4.926907777996854,1.2706612193955487
2022-01-12,4.892401658258407,1.2842372176303067
2022-01-13,4.896343964187705,1.2630899896107797
2022-01-14,4.821440151531049,1.251602606489061
2022-01-17,4.785111802392571,1.2623067589433898
2022-01-18,4.826312027013418,1.2743162958433685
2022-01-19,4.914598222629517,1.2675282967259893
2022-01-20,4.8787958160086395,1.2776048815116767
2022-01-21,4.841130806090117,1.2685889898613247
2022-01-24,4.841486844431252,1.2691193364289926
2022-01-25,4.753778749423439,1.2410109683426003
2022-01-26,4.7553422923971125,1.2479054737222819
2022-01-27,4.874512316110197,1.2264264377317369
2022-01-28,4.904883109356989,1.207599134579531
2022-02-07,5.253607410795044,1.2266916110155706
2022-02-08,5.280453381950276,1.220857798771225
2022-02-09,5.34713500683953,1.2311995568407466
2022-02-10,5.353523459655348,1.228282650718574
2022-02-11,5.353523459655348,1.218736412500554
2022-02-14,5.259347443625687,1.2057429215926934
2022-02-15,5.215213059483374,1.216880199513717
2022-02-16,5.225248751101514,1.2224488384742287
2022-02-17,5.225248751101514,1.2251005713125676
2022-02-18,5.207828497317544,1.231464730124581
2022-02-21,5.2365217672752165,1.226956784299405
2022-02-22,5.321951572528286,1.2110463872693715
2022-02-23,5.364755472575431,1.2237747048933982
2022-02-24,5.593042939493535,1.2012349757675176
2022-02-25,5.357621489234241,1.2105160407017037
2022-02-28,5.293415639163523,1.2121070804047067
2022-03-01,5.36475547257543,1.2221836651903946
2022-03-02,5.36475547257543,1.2129026002562084
2022-03-03,5.35762148923424,1.2052125750250255
2022-03-04,5.3504875058930494,1.1916887375494973
2022-03-07,5.621578872858297,1.1524430915420818
2022-03-08,5.707186672952585,1.130698882267703
2022-03-09,5.7927944730468734,1.1200919509143472
2022-03-10,5.646547814552463,1.1360023479443808
2022-03-11,5.742856589658538,1.14342719989173
2022-03-14,5.792794473046873,1.1063029401549853
2022-03-15,5.639413831211272,1.0535334566720413
2022-03-16,5.742856589658539,1.0994084347753041
2022-03-17,5.7250216313055615,1.121682990617351
2022-03-18,5.852847988113851,1.1291078425647
2022-03-21,5.867114527999565,1.1275168028616969
2022-03-22,6.0119435728742925,1.1264561097263615
2022-03-23,6.0119435728742925,1.1330854418222085
2022-03-24,5.975919029203411,1.1259257631586934
2022-03-25,5.939078745917271,1.105507420303484
2022-03-28,5.862445471776403,1.0988780882076368
2022-03-29,5.805959047718674,1.0941049690986269
2022-03-30,5.892002226600325,1.126721283010195
2022-03-31,5.85289169074503,1.1185009112113444
2022-04-01,5.778581672619968,1.1320247486868729
2022-04-06,5.735560083179141,1.128842669280866
2022-04-07,5.611218303166551,1.115053658521504
2022-04-08,5.616671566331534,1.122478510468853
2022-04-11,5.483550623786689,1.0874756370027796
2022-04-12,5.445315667251905,1.106037766871152
2022-04-13,5.435077705950374,1.0975522217884675
2022-04-14,5.496704317186464,1.1092198462771585
2022-04-15,5.354665586158282,1.108689499709491
2022-04-18,5.316798644186982,1.103386034032813
2022-04-19,5.36215522029853,1.0962263553692981
2022-04-20,5.2668890207636325,1.0776642255009259
2022-04-21,5.300929874455996,1.0596324422002212
2022-04-22,5.3121353845903085,1.06228417503856
2022-04-25,5.143062884855013,1.0111057312586194
2022-04-26,5.137919821970158,1.0031505327436026
2022-04-27,5.135420864565744,1.0312589008299946
2022-04-28,5.244140857962528,1.0381534062096756
2022-04-29,5.327279676442422,1.0646707345930644
2022-05-05,5.32195239676598,1.060693135335556
2022-05-06,5.307158208912206,1.0349713268036689
2022-05-09,5.328000747624147,1.0264857817209843
2022-05-10,5.288774542576902,1.0384185794935092
2022-05-11,5.261721987371905,1.0530031101043733
2022-05-12,5.313121842261398,1.0476996444276956
2022-05-13,5.253757715119552,1.055920016226546
2022-05-16,5.378612495091124,1.0476996444276956
2022-05-17,5.3583626926057875,1.0606931353355562
2022-05-18,5.355734433774344,1.0569807093618817
2022-05-19,5.339962945871204,1.0593672689163867
2022-05-20,5.397834465481631,1.0816418247584332
2022-05-23,5.416198908377559,1.0731562796757486
2022-05-24,5.319211922480417,1.0514120704013699
2022-05-25,5.335011561854121,1.055920016226546
2022-05-26,5.345536862099456,1.0585717490648847
2022-05-27,5.440577088468017,1.0612234819032236
2022-05-30,5.493500990106811,1.067322467431403
2022-05-31,5.440423609153264,1.0842935575967718
2022-06-01,5.462873775353347,1.0827025178937684
2022-06-02,5.38265184813172,1.0856194240159411
2022-06-06,5.622993512048299,1.10736363329032
2022-06-07,5.60236418589546,1.1089546729933233
2022-06-08,5.718100831394325,1.1200919509143463
2022-06-09,5.545746728320384,1.1110760592639943
2022-06-10,5.692754639765805,1.1264561097263597
2022-06-13,5.636993018183059,1.1126670989669973
2022-06-14,5.636993018183059,1.123274030320353
2022-06-15,5.728239308045734,1.1362675212282136
2022-06-16,5.728239308045734,1.1291078425646985
2022-06-17,5.925939602748198,1.1458137594462334
2022-06-20,6.057739799216507,1.1513823984067453
2022-06-21,6.017185892610874,1.1508520518390775
2022-06-22,5.971562747679536,1.137593387647383
2022-06-23,6.199678472336225,1.1574813839349247
2022-06-24,6.336547907130238,1.1702097015589514
2022-06-27,6.316270953827422,1.182938019182978
2022-06-28,6.341617145455942,1.19672702994234
2022-06-29,6.184470757359112,1.1821424993314764
2022-06-30,6.295994000524605,1.1954011635231707
2022-07-01,6.235163140616154,1.1914235642656625
2022-07-04,6.326409430478829,1.1988484162130113
2022-07-05,6.295994000524605,1.1961966833746724
2022-07-06,6.260509332244676,1.1805514596284732
2022-07-07,6.407517243690098,1.1847942321698155
2022-07-08,6.2757170472217885,1.1837335390344799
2022-07-11,6.174332280707705,1.163580369463104
2022-07-12,6.022255130936579,1.1540341312450841
2022-07-13,6.143916850753479,1.1558903442319213
2022-07-14,6.331478668804535,1.156155517515755
2022-07-15,6.174332280707704,1.138919254066552
2022-07-18,6.285855523873197,1.151117225122911
2022-07-19,6.1337783741020715,1.1452834128785654
2022-07-20,6.154055327404888,1.148465492284572
2022-07-21,6.118570659124959,1.136532694512047
2022-07-22,6.08774056547569,1.1373282143635488
2022-07-25,6.088231917100717,1.132555095254539
2022-07-26,6.0581259800013365,1.1402451204857216
2022-07-27,6.035065888680079,1.1338809616737082
2022-07-28,6.102462563579045,1.1346764815252102
2022-07-29,6.212748031595534,1.1190312577790105
2022-08-01,6.304652588275941,1.1238043768880206
2022-08-02,6.2923986473852205,1.1049770737358147
2022-08-03,6.194367120259453,1.0930442759632897
2022-08-04,6.200494090704814,1.1012646477621402
2022-08-05,6.298525617830582,1.118500911211343
2022-08-08,6.237255913376977,1.1147884852376686
2022-08-09,6.169810222714449,1.116644698224506
2022-08-10,6.07974000048504,1.1047119004519808
2022-08-11,6.3049155560585595,1.1280471494293631
2022-08-12,6.232859378275034,1.1283123227131968
2022-08-15,6.349950667173265,1.125660589874858
2022-08-16,6.43101386717973,1.1230088570365193
2022-08-17,6.394985778287967,1.1338809616737082
2022-08-18,6.32292960050444,1.1240695501718545
2022-08-19,6.313922578281499,1.1161143516568377
2022-08-22,6.223852356052091,1.1232740303203528
2022-08-23,6.0977540449309195,1.1195616043466785
2022-08-24,6.133782133822683,1.099143261491469
2022-08-25,6.196831289383267,1.108689499709489
2022-08-26,6.241866400497971,1.1070984600064855
2022-08-29,5.966281243649319,1.1004691279106387
2022-08-30,5.934247518851201,1.0980825683561335
2022-08-31,5.966324532466612,1.0980825683561335
2022-09-01,5.942432806322038,1.0890666767057815
2022-09-02,6.037161962032873,1.0829676911776016
2022-09-05,6.09664094153208,1.082437344609934
2022-09-06,6.173196230316888,1.090127369841117
2022-09-07,6.184420223462919,1.092248756111788
2022-09-08,6.189410671945281,1.087475637002778
2022-09-09,6.266515448152981,1.1028556874651434
2022-09-13,6.230844675821767,1.1065681134388181
2022-09-14,6.179763103775162,1.0943701423824592
2022-09-15,6.242340929904766,1.0845587308806053
2022-09-16,6.084445094027542,1.0606931353355553
2022-09-19,6.07737837498686,1.0577762292133825
2022-09-20,6.036002735003665,1.0583065757810504
2022-09-21,6.1052626631161555,1.0503513772660336
2022-09-22,6.126040641549903,1.042661352034851
2022-09-23,6.070632699059909,1.04053996576418
2022-09-26,6.029076742192415,1.0339106336683328
2022-09-27,6.042928727814914,1.0471692978600273
2022-09-28,6.101799666710532,1.0323195939653294
2022-09-29,6.233393530124267,1.0325847672491635
2022-09-30,6.143355623578027,1.0256902618694825
2022-10-10,6.16067060560615,1.0047415724466053
2022-10-11,6.077558691871159,1.0039460525951036
2022-10-12,6.126040641549904,1.020386796192805
2022-10-13,6.139892627172402,1.0116360778262865
2022-10-14,6.250708512152388,1.0349713268036689
2022-10-17,6.094873673899282,1.034706153519835
2022-10-18,6.015224756569916,1.0328499405329976
2022-10-19,6.008298763758666,1.0172047167867981
2022-10-20,6.036002735003663,1.0140226373807915
2022-10-21,6.029076742192414,1.008188825136446
2022-10-24,6.0775586918711575,0.9822018433207248
2022-10-25,6.06110253295163,0.9779590707793827
2022-10-26,6.055745576273434,0.9853839227267317
2022-10-27,6.042039827749929,0.9784894173470507
2022-10-28,5.996252846904884,0.9556845149373363
2022-10-31,5.975144027668166,0.9453427568678145
2022-11-01,6.111871944846439,0.9819366700368911
2022-11-02,6.093209740434694,0.9909525616872437
2022-11-03,6.0830032972859,0.9829973631722269
2022-11-04,6.07685896836273,1.0166743702191308
2022-11-07,6.103526478920549,1.0166743702191308
2022-11-08,6.140820257733375,1.0105753846909513
2022-11-09,6.140608337926538,0.9999684533375957
2022-11-10,6.092093229328353,0.994399814377084
2022-11-11,6.008409784238806,1.0203867961928053
2022-11-14,6.002401374454567,1.0209171427604733
2022-11-15,6.181836709660056,1.0408051390480149
2022-11-16,6.077353250440885,1.0331151138168322
2022-11-17,6.12455599413363,1.0286071679916562
2022-11-18,6.071452907479292,1.0251599153018156
2022-11-21,6.0773532504408845,1.0164091969352975
2022-11-22,6.089153936364071,1.0158788503676295
2022-11-23,6.1422570230184075,1.016674370219131
2022-11-24,6.277964911135049,1.0119012511101209
2022-11-25,6.266164225211863,1.0174698900706325
2022-11-28,6.271686946223914,1.0055370922981073
2022-11-29,6.564756429692322,1.0362971932228384
2022-11-30,6.691753205861965,1.03709271307434
2022-12-01,6.779674050902486,1.0490255108468651
2022-12-02,6.721060154208804,1.0429265253186857
2022-12-05,6.9237846195592665,1.0617538284708914
2022-12-06,6.915504007527802,1.067852813999071
2022-12-07,6.847033670819606,1.0646707345930644
2022-12-08,6.935066960873001,1.0670572941475696
2022-12-09,7.091570587634592,1.0760731857979218
2022-12-12,6.9546299142181995,1.0649359078768985
2022-12-13,7.003537297581198,1.0620190017547257
2022-12-14,7.062226157616795,1.0646707345930646
2022-12-15,6.935066960873002,1.0641403880253966
2022-12-16,6.983974344235999,1.0652010811607324
2022-12-19,6.925285484200402,1.0498210306983669
2022-12-20,6.801780647141491,1.0331151138168315
2022-12-21,6.847579064965485,1.0323195939653298
2022-12-22,6.875676857234533,1.0344409802360008
2022-12-23,6.837584464673676,1.031789247397662
2022-12-26,6.79949207211282,1.034175806952167
2022-12-27,6.875676857234532,1.0466389512923597
2022-12-28,6.904246151655174,1.0431916986025194
2022-12-29,6.875676857234532,1.0400096191965127
2022-12-30,6.875676857234532,1.0442523917378548
2023-01-03,6.8851999553747465,1.0471692978600275
2023-01-04,7.047092623758385,1.048495164279197
2023-01-05,7.1518467033007385,1.0683831605667387
2023-01-06,7.047092623758384,1.072625933108081
2023-01-09,7.104231212599667,1.0792552652039282
2023-01-10,7.031235713045112,1.0808463049069315
2023-01-11,7.086088755747943,1.0808463049069315
2023-01-12,7.009791703196148,1.082437344609935
2023-01-13,7.051125631416083,1.098878088207636
2023-01-16,7.076968330783267,1.1155840050891708
2023-01-17,7.095924495955008,1.1145069266386867
2023-01-18,7.08328705250718,1.1120835001250968
2023-01-19,7.178067878365885,1.1196230492784875
2023-01-20,7.209661486985453,1.1258162503687725
2023-01-30,7.279167425948502,1.1322787210716787
2023-01-31,7.197024043537626,1.1198923188911087
2023-02-01,7.298123591120245,1.1282396768823626
2023-02-02,7.234936373881108,1.1255469807561516
2023-02-03,7.152792991470229,1.113968387413445
2023-02-06,7.032737278715871,1.0986200194940428
2023-02-07,7.020099835268043,1.1013127156202536
2023-02-08,6.982187504924561,1.0967351322056953
2023-02-09,7.114880661126747,1.1112756912872341
2023-02-10,7.0390560004397855,1.1048132205843277
2023-02-13,7.095924495955007,1.1134298481882028
2023-02-14,7.057266556448105,1.1158532747017926
2023-02-15,7.078815461963976,1.1083137255484021
2023-02-16,7.229657800575081,1.1005049067823904
2023-02-17,7.046492103690167,1.0848872692503673
2023-02-20,7.046492103690167,1.1131605785755818
2023-02-21,7.024943198174295,1.1145069266386873
2023-02-22,6.9064242178369994,1.1037361421338439
2023-02-23,6.943267459042762,1.1037361421338439
2023-02-24,6.943368192030611,1.093234627241621
2023-02-27,6.883509275335852,1.0891955830523048
2023-02-28,6.9087988616516665,1.0961965929804527
2023-03-01,6.940381942162075,1.1093908039988862
2023-03-02,6.990857447195982,1.1080444559357807
2023-03-03,7.034943935601723,1.1104678824493703
2023-03-06,7.034943935601723,1.1037361421338432
2023-03-07,7.0097648101194086,1.0883877742144412
2023-03-08,6.939400021590999,1.0840794604125037
2023-03-09,6.933162358650243,1.0813867642862927
2023-03-10,6.820177080422515,1.0665769355921326
2023-03-13,6.91344907046714,1.0784247985474604
2023-03-14,6.887705828932922,1.0716930582319333
2023-03-15,6.997407628256086,1.0714237886193123
2023-03-16,6.9425567285945045,1.0590373864387421
2023-03-17,7.051553302064875,1.064692048303785
2023-03-20,7.0139450177871945,1.058768116826121
2023-03-21,6.995090843168687,1.0703467101688278
2023-03-22,6.886066819629897,1.0751935631960075
2023-03-23,6.880557966174193,1.0854258084756088
2023-03-24,6.9090314719829555,1.0840794604125032
2023-03-27,6.871536845047282,1.0784247985474604
2023-03-28,6.844348475052746,1.0762706416464918
2023-03-29,6.857610635445814,1.0762706416464918
2023-03-30,6.918567174427555,1.0878492349891988
2023-03-31,6.949045443918426,1.0905419311154096
2023-04-03,7.040480252391038,1.0986200194940428
2023-04-04,7.070958521881907,1.1040054117464642
2023-04-06,6.938886020754803,1.1007741763950114
2023-04-07,6.999842559736542,1.1085829951610233
2023-04-10,6.969364290245672,1.104543950971707
2023-04-11,6.999842559736542,1.1018512548454957
2023-04-12,6.9529415827016745,1.1007741763950116
2023-04-13,6.959348347578617,1.0940424360794843
2023-04-14,6.978683037826737,1.0996970979445273
2023-04-17,7.0092020598580485,1.1161225443144136
2023-04-18,6.9990290525142775,1.1180074316027613
2023-04-19,6.988856045170508,1.109121534386265
2023-04-20,6.988856045170508,1.1048132205843277
2023-04-21,6.9513786861160565,1.0851565388629882
2023-04-24,6.945122445298552,1.0714237886193128
2023-04-25,6.974685367149901,1.066307665979512
2023-04-26,6.96193193456638,1.063884239465922
2023-04-27,6.973807298207431,1.0733086759076604
2023-04-28,7.092510401155643,1.083810190799883
2023-05-04,7.257375214387972,1.083810190799883
2023-05-05,7.244227843504607,1.0795018769979456
2023-05-08,7.403247479093733,1.0916190095658946
2023-05-09,7.327091421939851,1.0821945731241562
2023-05-10,7.180255922502179,1.0738472151329026
2023-05-11,7.221581136444638,1.072500867069797
2023-05-12,7.114954048827413,1.0587681168261214
2023-05-15,7.102169485524416,1.0757321024212503
2023-05-16,7.024745766233869,1.0711545190066918
2023-05-17,7.10650198374599,1.0638842394659223
2023-05-18,7.232280779918486,1.0636149698533013
2023-05-19,7.25114759934436,1.0619993521775746
2023-05-22,7.301459117813358,1.0673847444299962
2023-05-23,7.182148181787042,1.052036376510594
2023-05-24,7.107246766611028,1.0377650870416764
2023-05-25,7.213181339013088,1.0353416605280865
2023-05-26,7.242072586031833,1.0366880085911918
2023-05-29,7.502093809200529,1.0323796947892545
2023-05-30,7.5117242248734435,1.033456773239739
2023-05-31,7.4828329778547,1.02376306718538
2023-06-01,7.473202562181786,1.0259172240863486
2023-06-02,7.569506718910932,1.040188513555266
2023-06-05,7.60802838160259,1.0353416605280863
2023-06-06,7.617658797275505,1.025378684861106
2023-06-07,7.646550044294249,1.022147449509653
2023-06-08,7.473202562181784,1.0307640771135278
2023-06-09,7.598397965929674,1.0350723909154653
2023-06-12,7.685071706985906,1.0361494693659496
2023-06-13,7.8584191890983695,1.0439582881319616
2023-06-14,7.868049604771284,1.0439582881319616
2023-06-15,7.916201683135858,1.0614608129523326
2023-06-16,7.993245008519176,1.071423788619313
2023-06-19,7.9547233458275155,1.0633457002406803
2023-06-20,7.945092930154601,1.0614608129523329
2023-06-21,7.973984177173345,1.0466509842581728
2023-06-26,7.916201683135857,1.0348031213028448
2023-06-27,7.810267110733797,1.041804131230993
2023-06-28,7.916201683135857,1.0439582881319613
2023-06-29,7.973984177173346,1.0391114351047817
2023-06-30,7.973984177173346,1.0453046361950666
2023-07-03,8.118440412267066,1.0574217687630156
2023-07-04,8.060657918229577,1.059306656051363
2023-07-05,8.070288333902491,1.0520363765105938
2023-07-06,8.079918749575405,1.0444968273572033
2023-07-07,8.041397086883746,1.0415348616183715
2023-07-10,7.973984177173343,1.045843175420309
2023-07-11,8.012505839865002,1.0528441853484574
2023-07-12,8.022136255537916,1.0477280627086565
2023-07-13,8.156962074958718,1.0646920483037852
2023-07-14,8.185853321977463,1.064153509078543
2023-07-17,8.22437498466912,1.0566139599251525
2023-07-18,8.311048725725351,1.0549983422494262
2023-07-19,8.436244129473243,1.0544598030241839
2023-07-20,8.330309557071182,1.0469202538707933
2023-07-21,8.18810780228649,1.0474587930960357
2023-07-24,8.200567119912414,1.0428812096814772
2023-07-25,8.32199934304543,1.0730394062950392
2023-07-26,8.36853428811372,1.0706159797814494
2023-07-27,8.44598485996114,1.069538901330965
2023-07-28,8.368711439467443,1.0953887841425896
2023-07-31,8.330226597416543,1.0996970979445269
2023-08-01,8.349442806407124,1.0948502449173474
2023-08-02,8.226734821466424,1.087041426151336
2023-08-03,8.14385481191657,1.0967351322056953
2023-08-04,8.185843751531166,1.1023897940707381
2023-08-07,8.11654860469587,1.094042436079484
2023-08-08,8.089380241165507,1.090003391890168
2023-08-09,8.225336211605264,1.087849234989199
2023-08-10,8.234362643661894,1.0891955830523046
2023-08-11,8.275036183940689,1.0636149698533013
2023-08-14,8.141802378670956,1.056344690312532
2023-08-15,8.194637869546513,1.0552676118620476
2023-08-16,8.18584612574369,1.047189523483415
2023-08-17,8.290546248912932,1.0506900284474892
2023-08-18,8.38550404735863,1.0372265478164346
2023-08-21,8.557158529164315,1.023224527960138
2023-08-22,8.297850694947215,1.029417729050423
2023-08-23,8.29054624891293,1.0146079003562631
2023-08-24,8.348981817187207,1.020801101446548
2023-08-25,8.524288522010037,1.0189162141582002
2023-08-28,8.60742882243917,1.0331875036271183
2023-08-29,8.650385990865656,1.039111435104782
2023-08-30,8.631288403884895,1.038842165492161
2023-08-31,8.645009855145975,1.03372604285236
2023-09-01,8.553039269061806,1.039919243942645
2023-09-04,8.426834528236459,1.0555368814746682
2023-09-05,8.518271534836249,1.0482666019338986
2023-09-06,8.649075830257509,1.045573905807688
2023-09-07,8.657852905095824,1.0313026163387704
2023-09-08,8.529155091641696,1.0256479544737276
2023-09-11,8.596683686171048,1.033187503627118
2023-09-12,8.520496630068637,1.0318411555640126
2023-09-13,8.41183368295531,1.0251094152484852
2023-09-14,8.376477464322923,1.0243016064106218
2023-09-15,8.518051731325563,1.0197240229960634
2023-09-18,8.465181065406991,1.0232245279601375
2023-09-19,8.308494461841098,1.021878179897032
2023-09-20,8.359522723506277,1.0170313268698523
2023-09-21,8.339142520088064,1.0076068904281141
2023-09-22,8.311466763252836,1.0278021113746958
2023-09-25,8.333950911797391,1.0202625622213055
2023-09-26,8.312543967073264,1.0146079003562625
2023-09-27,8.183516325516726,1.0173005964824735
2023-09-28,8.175828972437053,1.0135308219057781
2023-10-09,8.149249799026553,1.0108381257795673
2023-10-10,8.059942951913934,1.0035678462387978
2023-10-11,8.056718974733169,1.0057220031397665
2023-10-12,8.052690615245803,1.0154157091941258
2023-10-13,8.044196215862632,1.0059912727523876
2023-10-16,8.078173813395315,0.9944126794096807
2023-10-17,8.120645810311169,0.9976439147611337
2023-10-18,8.078173813395315,0.9901043656077434
2023-10-19,7.904331682819037,0.9693706054359195
2023-10-20,7.904331682819037,0.9645237524087398
2023-10-23,7.900379516977628,0.9542915071291385
2023-10-24,7.905563493038637,0.9556378551922438
2023-10-25,7.874459636672584,0.9610232474446655
2023-10-26,7.931483373343681,0.9645237524087397
2023-10-27,7.947035301526708,0.9790643114902786
2023-10-30,7.964315221730071,0.9833726252922159
2023-10-31,7.983323133953769,0.9812184683912474
2023-11-01,7.953947269608052,0.9806799291660052
2023-11-02,7.971227189811415,0.9761023457514467
2023-11-03,7.95887377485803,0.9836418949048371
2023-11-06,8.074389178242578,0.9965668363106491
2023-11-07,8.057945789165121,0.993604870571817
2023-11-08,8.099075244490507,0.9906429048329851
2023-11-09,8.079905835627807,0.9914507136708484
2023-11-10,7.92833214537021,0.9841804341300788
2023-11-13,7.899723018226692,0.9828340860669735
2023-11-14,7.959600333093525,0.9828340860669735
2023-11-15,8.024798424559139,0.9895658263825008
2023-11-16,8.013954102363789,0.9798721203281415
2023-11-17,7.8702182081420355,0.9785257722650361
2023-11-20,7.79393396415139,0.9814877380038681
2023-11-21,7.856749726280336,0.9828340860669735
2023-11-22,7.804961957052469,0.972332571174751
2023-11-23,7.741817016363944,0.9774486938145517
2023-11-24,7.707610627357535,0.9707169534990246
2023-11-27,7.663466236593747,0.9642544827961186
2023-11-28,7.68995287105202,0.9653315612466028
2023-11-29,7.698781749204779,0.9580612817058336
2023-11-30,7.689952871052021,0.9591383601563179
2023-12-01,7.645808480288232,0.9553685855796228
2023-12-04,7.654637358440989,0.9489061148767166
2023-12-05,7.566348576913412,0.9311343204437248
2023-12-06,7.672295114746505,0.9324806685068303
2023-12-07,7.59482259184387,0.9300572419932406
2023-12-08,7.597257043965064,0.9319421292815881
2023-12-11,7.658104640427026,0.9384045999844943
2023-12-12,7.73633726444955,0.940558756885463
2023-12-13,7.816221466090328,0.9249411193534399
2023-12-14,7.904366181199142,0.9206328055515025
2023-12-15,7.808923779450305,0.9187479182631548
2023-12-18,7.853908386369124,0.9149781436864598
2023-12-19,7.86585435952271,0.915516682911702
2023-12-20,7.878073415991686,0.9071693249204483
2023-12-21,7.879442325360235,0.915516682911702
2023-12-22,7.90955702349842,0.9171323005874289
2023-12-25,7.912002644170829,0.9195557271010184
2023-12-26,7.957116743829342,0.9141703348485967
2023-12-27,7.9677473627588435,0.9168630309748076
2023-12-28,7.934561434609052,0.9394816784349793
2023-12-29,7.915499425156538,0.9421743745611902
2024-01-02,7.940022487058917,0.9297879723806199
2024-01-03,7.9359384634907775,0.9270952762544091
2024-01-04,7.9196002672116625,0.9190171878757762
2024-01-05,7.937309113218757,0.9144396044612179
2024-01-08,7.91824867967072,0.9017839326680269
2024-01-09,7.909761202567685,0.9039380895689956
2024-01-10,7.893177619804892,0.8996297757670582
2024-01-11,8.18358537616228,0.9047458984068588
2024-01-12,8.191231038180565,0.9017839326680269
2024-01-15,8.303285558368762,0.9007068542175425
2024-01-16,8.292521998143915,0.9066307856952062
2024-01-17,8.175451099346589,0.8864355647486246
2024-01-18,8.162443221702441,0.8985526973165736
2024-01-19,8.253498365211472,0.9004773817967497
2024-01-22,8.4941441016282,0.8815054919207267
2024-01-23,8.455120468695757,0.887554500286995
2024-01-24,8.305529875788062,0.9015772014997075
2024-01-25,8.25906638723705,0.9169746773411176
2024-01-26,8.362463138623745,0.915324947786681
2024-01-29,8.440503688986858,0.9070763000144968
2024-01-30,8.537900934175115,0.8916788241730865
2024-01-31,8.337542521369924,0.8859047707325579
2024-02-01,8.267772291065572,0.8848049510296
2024-02-02,8.274302258026452,0.876556303257416
2024-02-05,8.334447757305979,0.8820554017722053
2024-02-06,8.360224399854348,0.9103757591233701
2024-02-07,8.291486686392028,0.9183494519698147
2024-02-08,8.489107612596191,0.924398460336083
2024-02-19,8.427697768999666,0.9318222433310485
2024-02-20,8.420420868636015,0.9351217024399222
2024-02-21,8.317313674326186,0.9483195388754166
2024-02-22,8.446197667213472,0.9554683669446428
2024-02-23,8.566489393908272,0.9562932317218615
2024-02-26,8.471974465790929,0.9466698093209802
2024-02-27,8.454789933405957,0.9579429612762981
2024-02-28,8.471974465790927,0.9480445839496774
2024-02-29,8.394833099914788,0.963167104865348
2024-03-01,8.455067057869005,0.9705908878603136
2024-03-04,8.587742860488918,0.9697660230830953
2024-03-05,8.615303243124055,0.9777397159295398
2024-03-06,8.715815114293836,0.9738903469691872
2024-03-07,8.635376899680534,0.9686662033801375
2024-03-08,8.701571426437665,0.9714157526375319
2024-03-11,8.440379859222519,0.9846135890730262
2024-03-12,8.482371798820642,0.9859883637017235
2024-03-13,8.45087784412205,0.9802143102611948
2024-03-14,8.41938388942346,0.9766398962265818
2024-03-15,8.40888590452393,0.979114490558237
2024-03-18,8.629343587414068,0.9876380932561604
2024-03-19,8.513865753519234,0.9813141299641526
2024-03-20,8.503367768619704,0.982138994741371
2024-03-21,8.46137582902158,0.9815890848898922
2024-03-22,8.314404040428153,0.9730654821919688
2024-03-25,8.167432251834725,0.9678413386029189
2024-03-26,8.201214767241414,0.970865842786053
2024-03-27,8.115477146614795,0.9604175556079533
2024-03-28,8.023713079503853,0.9650917893455241
2024-03-29,8.147523008907214,0.9694910681573558
2024-04-01,8.177032300923782,0.9854384538502449
2024-04-02,8.135941686346277,0.9821389947413711
2024-04-03,8.03321514990251,0.9782896257810186
2024-04-08,7.8815086008823565,0.9703159329345742
2024-04-09,7.955053004623095,0.9686662033801375
2024-04-10,8.077627010857658,0.9615173753109113
2024-04-11,8.114399212728026,0.9606925105336931
2024-04-12,7.967310405246551,0.9529937726129879
2024-04-15,7.930538203376183,0.9730654821919689
2024-04-16,7.751951553512613,0.964266924568306
2024-04-17,7.762188906994875,0.9769148511523212
2024-04-18,7.743995166286299,0.9785645807067583
2024-04-19,7.77280001230664,0.9708658427860533
2024-04-22,7.62002009433124,0.968941158305877
2024-04-23,7.463283270271023,0.9620672851623903
2024-04-24,7.689786556166957,0.9659166541227425
2024-04-25,7.701111720461753,0.9686662033801372
2024-04-26,7.927615006357686,0.9824139496671102
2024-04-29,7.904964677768093,0.9942370114739073
2024-04-30,7.904964677768093,0.989287822810597
2024-05-06,8.244719606611994,1.0030355690975705
2024-05-07,8.188093785138012,1.0035854789490495
2024-05-08,8.108817635074436,0.995611786102605
2024-05-09,8.244719606611996,1.0052352085034864
2024-05-10,8.459897728213134,1.0057851183549653
2024-05-13,8.539173878276712,1.0049602535777469
2024-05-14,8.527848713981916,1.0033105240233102
2024-05-15,8.539173878276713,0.9961616959540841
2024-05-16,8.709051342698665,0.9994611550629576
2024-05-17,8.731701671288258,1.0107343070182757
2024-05-20,8.799652657057038,1.0129339464241913
2024-05-21,8.5844745354559,1.0096344873153176
2024-05-22,8.629775192635087,1.0118341267212332
2024-05-23,8.55049904257151,1.001660794468873
2024-05-24,8.357971249559965,0.9903876425135549
2024-05-27,8.505198385392323,0.9986362902857386
2024-05-28,8.471222892507932,0.992312326993731
2024-05-29,8.357971249559965,0.9925872819194704
2024-05-30,8.188093785138014,0.9887379129591178
2024-05-31,8.176768620843218,0.9848885439987654
2024-06-03,8.290020263791185,0.9862633186274629
2024-06-04,8.380621578149558,0.9931371917709496
2024-06-05,8.281730243527393,0.9895627777363366
2024-06-06,8.458793475167436,0.9895627777363366
2024-06-07,8.458793475167436,0.9832388144443287
2024-06-11,8.474890132589255,0.976364941300842
2024-06-12,8.547325090987458,0.9752651215978843
2024-06-13,8.716339993916588,0.971690707563271
2024-06-14,8.716339993916588,0.9771898060780604
2024-06-17,8.756581637471145,0.9744402568206656
2024-06-18,8.860388981184474,0.9774647610038
2024-06-19,8.861975023153573,0.9747152117464052
2024-06-20,8.868732941108851,0.9683912484543974
2024-06-21,8.861768148114122,0.9667415188999606
2024-06-24,8.869698357959605,0.9620672851623898
2024-06-25,8.870473173940683,0.9562932317218611
2024-06-26,9.010489927846896,0.9620672851623895
2024-06-27,8.993251394557149,0.9568431415733396
2024-06-28,9.0034310657071,0.9587678260535158
2024-07-01,8.974844317957233,0.9626171950138683
2024-07-02,8.980148554140335,0.961242420385171
2024-07-03,9.174840121709774,0.9595926908307342
2024-07-04,9.207288716304683,0.9554683669446423
2024-07-05,9.280298054143222,0.9507941332070716
2024-07-08,9.360162157589938,0.9441952149893245
2024-07-09,9.3833305151262,0.9543685472416844
2024-07-10,9.382966232775004,0.9521689078357687
2024-07-11,9.379769873712643,0.9648168344197842
2024-07-12,9.033563775369602,0.967566383677179
2024-07-15,9.291205522973724,0.969491068157355
2024-07-16,9.275102913748468,0.9763649413008417
2024-07-17,9.17848725839692,0.977739715929539
2024-07-18,9.016486958286215,0.9835137693700677
2024-07-19,8.85702620420159,0.9898377326620755
2024-07-22,8.85180178321478,0.9818640398156312
2024-07-23,8.816531737371312,0.9626171950138686
2024-07-24,8.909371745284307,0.9565681866476005
2024-07-25,8.729391024208482,0.9510690881328108
2024-07-26,8.759543228985173,0.955193412018903
2024-07-29,8.808007243859558,0.9496943135041135
2024-07-30,8.817163516472444,0.9433703502121059
2024-07-31,8.872086893215766,0.9645418794940447
2024-08-01,8.929536756836294,0.957668006350558
2024-08-02,8.96123009441302,0.9477696290239375
2024-08-05,8.734961069322482,0.9370463869200982
2024-08-06,8.671475515520102,0.9370463869200982
2024-08-07,8.712171383342142,0.9351217024399219
2024-08-08,8.702934235263896,0.9362215221428798
2024-08-09,8.698582768146265,0.9329220630340063
2024-08-12,8.764676521573618,0.9318222433310483
2024-08-13,8.824322103934888,0.9331970179597459
2024-08-14,8.795305334137513,0.9265980997419989
2024-08-15,8.774348778172742,0.9370463869200986
2024-08-16,8.790469205837951,0.9375962967715776
2024-08-19,8.8871917718292,0.9400708911032326
2024-08-20,8.8871917718292,0.9356716122914014
2024-08-21,8.921417857826587,0.9315472884053092
2024-08-22,8.921417857826587,0.9290726940736541
2024-08-23,8.916957148897675,0.9329220630340066
2024-08-26,8.971142892392127,0.9331970179597464
2024-08-27,8.965959133407717,0.9285227842221755
2024-08-28,8.958182370877836,0.9230236857073862
2024-08-29,8.967257230008972,0.9202741364499916
2024-08-30,8.950408183000464,0.9326471081082677
2024-09-02,8.910210768487893,0.9161498125638997
2024-09-03,8.923192317595143,0.9194492716727733
2024-09-04,8.872992977830707,0.9136752182322446
2024-09-05,8.936336694860799,0.915599902712421
2024-09-06,8.959803592983004,0.9079011647917159
2024-09-09,8.899817407481423,0.8966280128363979
2024-09-10,8.865241582277534,0.8966280128363979
2024-09-11,8.891807571814692,0.8947033283562218
2024-09-12,8.869698578432754,0.8916788241730876
2024-09-13,8.869698578432754,0.8875545002869958
2024-09-18,8.787417927191711,0.8903040495443905
2024-09-19,8.632060262180586,0.897727832539356
2024-09-20,8.632060262180586,0.9002024268710112
2024-09-23,8.607232559320693,0.9026770212026664
2024-09-24,8.69523290500719,0.9422705305091494
2024-09-25,8.718236166660647,0.9551934120189044
2024-09-26,9.074786722289248,1.0008359296916556
2024-09-27,9.385330754610932,1.0638006076859934
2024-09-30,9.771009190308224,1.1638842006551589
2024-10-08,9.92342034049644,1.2131011323625234
2024-10-09,9.783535207406002,1.105868711324132
2024-10-10,9.593009429720247,1.1234658265714577
2024-10-11,9.151214542384448,1.0934957396658558
2024-10-14,9.381868479103789,1.110817899987442
2024-10-15,9.079515695188665,1.0808478130818404
2024-10-16,8.894644384467588,1.0739739399383537
2024-10-17,8.850611152727618,1.0621508781315565
2024-10-18,9.631153599445993,1.104218981769695
2024-10-21,9.652295156127702,1.104218981769695
2024-10-22,9.696611158809912,1.1108178999874423
2024-10-23,9.650332076438676,1.1149422238735343
2024-10-24,9.522054574928584,1.1028442071409978
2024-10-25,9.767738081175906,1.110817899987442
2024-10-28,9.72261969314381,1.112467629541879
2024-10-29,9.52435225088742,1.1033941169924766
2024-10-30,9.41859526675414,1.091846010111419
2024-10-31,9.465495041940413,1.091846010111419
2024-11-01,9.298745388351824,1.0940456495173345
2024-11-04,9.57071132688993,1.1086182605815262
2024-11-05,10.007636526024278,1.13748852778417
2024-11-06,9.8708687220481,1.130339699714944
2024-11-07,10.258221769287369,1.168008524541251
2024-11-08,10.109482754817142,1.1531609585513198
2024-11-11,10.319775170828033,1.1589350119918487
2024-11-12,10.301073365226472,1.146287085407833
2024-11-13,10.26791116995166,1.1534359134770593
2024-11-14,10.244921573845874,1.1339141137495572
2024-11-15,10.081187126661058,1.114942223873534
2024-11-18,9.901542268188743,1.1102679901359633
2024-11-19,9.934044300891058,1.1157670886507527
2024-11-20,9.94794555224876,1.118516637908147
2024-11-21,9.937269681941642,1.1198914125368444
2024-11-22,9.564434971818104,1.0868968214481083
2024-11-25,9.596533378555792,1.0808478130818402
2024-11-26,9.596533378555792,1.0786481736759244
2024-11-27,9.604215386922329,1.0962452889232501
2024-11-28,9.569710684956764,1.088271596076806
2024-11-29,9.592855640322645,1.100094657883603
2024-12-02,9.642653974189413,1.1083433056557868
2024-12-03,9.586136368036948,1.1094431253587445
2024-12-04,9.607261987443948,1.1036690719182156
2024-12-05,9.655062464987664,1.1017443874380393
2024-12-06,9.659709769019267,1.1154921337250128
2024-12-09,9.762911275563912,1.1146672689477943
2024-12-10,9.719806107032188,1.1231908716457175
2024-12-11,9.71314381643251,1.120441322388323
2024-12-12,9.88139469737752,1.1319894292693804
2024-12-13,9.856994840701224,1.105318801472652
2024-12-16,9.932987004338688,1.098719883254905
2024-12-17,10.02687799579552,1.101744387438039
2024-12-18,10.078928504739906,1.10641862117561
2024-12-19,9.899709461997023,1.1080683507300468
2024-12-20,9.735499084865458,1.104768891621173
2024-12-23,9.993739416817238,1.105868711324131
2024-12-24,10.020687179475251,1.1187915928338856
2024-12-25,10.086246913368406,1.119616457611104
2024-12-26,10.09845846475377,1.1198914125368435
2024-12-27,10.04823840212555,1.1182416829824067
2024-12-30,9.966355413561118,1.1234658265714565
2024-12-31,9.902004450438854,1.1058687113241308
2025-01-02,10.022662506293102,1.0747988047155712
2025-01-03,9.974399283951405,1.0638006076859925
2025-01-06,10.240204959063124,1.059401328874161
2025-01-07,10.23357318729737,1.0668251118691265
2025-01-08,10.233048300229871,1.0651753823146897
2025-01-09,10.226186924476217,1.062975742908774
2025-01-10,10.213878211878484,1.0511526811019771
2025-01-13,10.233954630968167,1.047028357215885
2025-01-14,10.164390494914528,1.0739739399383528
2025-01-15,10.209952693573342,1.067649976646345
2025-01-16,10.236724119842956,1.0681998864978242
2025-01-17,10.251257392045192,1.0717743005324372
2025-01-20,10.3470737118009,1.076998444121487
2025-01-21,10.4600496347434,1.0783732187501847
2025-01-22,10.429714949111828,1.0684748414235639
2025-01-23,10.408031550049223,1.071499345606698
2025-01-24,10.429726248433902,1.0802979032303608
2025-01-27,10.369012665282934,1.0742488948640925
2025-02-05,10.70776993769846,1.0687497963493033
2025-02-06,10.62589966453296,1.081122768007579
2025-02-07,10.630216942202654,1.0965202438489894
2025-02-10,10.594772021682903,1.097620063551947
2025-02-11,10.52537395167188,1.0932207847401156
2025-02-12,10.756700851708624,1.1036690719182154
2025-02-13,10.907063336732508,1.1009195226608206
2025-02-14,10.988027751745369,1.1091681704330048
2025-02-17,11.13839023676925,1.1110928549131813
2025-02-18,11.254053686787625,1.1031191620667364
2025-02-19,11.369717136805994,1.1088932155072653
2025-02-20,11.21935465178211,1.1055937563983915
2025-02-21,11.566345001837227,1.1204413223883227
2025-02-24,11.620108264992018,1.1168669083537097
2025-02-25,11.550159202229157,1.1055937563983915
2025-02-26,11.991098829639531,1.1146672689477937
2025-02-27,11.977046760698547,1.1182416829824067
2025-02-28,11.842561962746924,1.0981699734034258
2025-03-03,11.806419861131216,1.0945955593688126
2025-03-04,11.782325126720744,1.0934957396658547
2025-03-05,12.107604041262112,1.0981699734034256
2025-03-06,12.444930323008718,1.1132924943190963
2025-03-07,12.464660898649097,1.1105429450617015
2025-03-10,12.398899696162196,1.10614366624987
2025-03-11,12.313642036168936,1.1094431253587438
2025-03-12,12.240564041889002,1.1066935761013492
2025-03-13,12.167486047609067,1.1011944775865599
2025-03-14,12.581594681862027,1.128964925086246
2025-03-17,12.654672676141962,1.1256654659773724
2025-03-18,12.898265990408408,1.1281400603090275
2025-03-19,12.886086324695087,1.1297897898634641
2025-03-20,12.64249301042864,1.1207162773140615
2025-03-21,12.398899696162191,1.1025692522152568
2025-03-24,12.435438693302157,1.1072434859528282
2025-03-25,12.193041422208758,1.1077933958043071
2025-03-26,12.223281028924596,1.1033941169924757
2025-03-27,12.247745579622665,1.1072434859528284
2025-03-28,12.427737671939411,1.1020193423637783
2025-03-31,12.560290653738708,1.095420424146031
2025-04-01,12.637842029619945,1.094870514294552
2025-04-02,12.59789484262489,1.0940456495173336
2025-04-03,12.71439266091634,1.0885465510025443
2025-04-07,12.325469175235645,1.0159584506073254
2025-04-08,12.411498333358562,1.0255818730082067
2025-04-09,12.56742618245635,1.0354802503348275
2025-04-10,12.839851849845592,1.0528024106564138
2025-04-11,13.035209729749718,1.0558269148395478
2025-04-14,13.131992532638002,1.0580265542454637
2025-04-15,13.12840798438288,1.058851419022682
2025-04-16,13.447432779088702,1.0613260133543374
2025-04-17,13.558553774997472,1.062150878131556
2025-04-18,13.590814709293568,1.0649004273889509
2025-04-21,13.84352536127964,1.0654503372404298
2025-04-22,14.305932086190328,1.0662752020176485
2025-04-23,13.44205595670602,1.0673750217206062
2025-04-24,13.589022435166006,1.0673750217206062
2025-04-25,13.495824180532844,1.0673750217206062
2025-04-28,13.379326362241391,1.0657252921661693
2025-04-29,13.471177364412869,1.0638006076859932
2025-04-30,13.40522827208742,1.062975742908775
2025-05-06,13.60762550794493,1.0731490751611348
2025-05-07,13.692002796958986,1.0797479933788818
2025-05-08,13.5292195020714,1.0860719566708894
2025-05-09,13.479838692325012,1.084697182042192
2025-05-12,13.449794475328744,1.0970701537004681
2025-05-13,13.357643854431696,1.0981699734034258
2025-05-14,13.265533681605048,1.1121926746161386
2025-05-15,13.202966555111226,1.1028442071409967
2025-05-16,13.22545883203646,1.0967951987747284
2025-05-19,13.101751308947684,1.0951454692202915
2025-05-20,13.223468265528576,1.100644567735081
2025-05-21,13.383664466983218,1.1050438465469126
2025-05-22,13.265168064931771,1.1044939366954336
2025-05-23,13.13168334337686,1.096520243848989
2025-05-26,13.17727946609692,1.0907461904084603
2025-05-27,13.279870742217051,1.0849721369679315
2025-05-28,13.428058141057242,1.0838723172649736
2025-05-29,13.633240693297504,1.0904712354827208
2025-05-30,13.359663956977151,1.0885465510025447
2025-06-03,13.405260079697213,1.0879966411510655
2025-06-04,13.507851355817344,1.0926708748886367
2025-06-05,13.462255233097286,1.0954204241460315
2025-06-06,13.41665911037723,1.0959703339975104
2025-06-09,13.462255233097288,1.0984449283291657
2025-06-10,13.473654263777304,1.092120965037158
2025-06-11,13.519250386497362,1.1009195226608206
2025-06-12,13.4736542637773,1.1014694325122996
2025-06-13,13.31347394475867,1.0943206044430736
2025-06-16,13.356108722166812,1.0970701537004681
2025-06-17,13.400678929254592,1.0967951987747286
2025-06-18,13.336291282747665,1.097620063551947
2025-06-19,13.400756739099316,1.088904330465341
2025-06-20,13.341783751244222,1.0903100938664065
2025-06-23,13.371268590954235,1.0939650787091768
2025-06-24,13.369553472939344,1.1066169493187663
2025-06-25,13.217666649842217,1.1248918735326179
2025-06-26,13.249753333537148,1.1206745833294214
2025-06-27,13.44723013978575,1.1142080716845197
2025-06-30,13.595526287803883,1.119549972608569
2025-07-01,13.53743446698459,1.1212368886898474
2025-07-02,13.368392621403098,1.1223614994106996
2025-07-03,13.664215851170711,1.1288280110556008
2025-07-04,13.636042210240465,1.1336076066192238
2025-07-07,13.46700036465897,1.128546858375388
2025-07-08,13.790997235356832,1.1381060495026332
2025-07-09,13.847344517217328,1.1372625914619936
2025-07-10,13.903691799077826,1.142885645066256
2025-07-11,13.988212721868573,1.146821782589239
2025-07-14,13.931865440008076,1.1465406299090264
2025-07-15,14.22768866977569,1.1465406299090264
2025-07-16,14.171341387915191,1.1440102557871084
2025-07-17,14.45307779721768,1.1532882942341407
2025-07-18,14.50942507907818,1.1617228746405335
2025-07-21,14.622119642799175,1.1687516916458611
2025-07-22,14.692553745124796,1.1811224095752375
2025-07-23,14.692553745124796,1.1805601042148115
2025-07-24,14.89968297240708,1.187870073900352
2025-07-25,14.847540398465268,1.181684714935664
2025-07-28,14.996081604075302,1.1847773944180084
2025-07-29,15.286391154664658,1.1906816007024836
2025-07-30,15.121800220166849,1.1898381426618443
2025-07-31,14.79731705535552,1.1681893862854356
2025-08-01,14.75503900662593,1.1620040273207473
2025-08-04,14.825502421175242,1.1673459282447962
2025-08-05,14.895965835724551,1.176061661331402
2025-08-06,14.980521933183727,1.1791543408137461
2025-08-07,14.853687786994966,1.178873188133533
2025-08-08,14.82550242117524,1.176061661331402
2025-08-11,15.149634128102074,1.181403562255451
2025-08-12,15.36102437175001,1.1887135319409916
2025-08-13,15.967009736874092,1.1985538757484502
2025-08-14,15.868360956505054,1.1965858069869584
2025-08-15,16.30523412671079,1.2075507615152692
2025-08-18,16.756199979826388,1.2165476472820886
2025-08-19,16.77029266273625,1.2103622883174003
2025-08-20,16.836040665583926,1.2269502964499734
2025-08-21,16.759868766363446,1.2308864339729568
2025-08-22,17.33616308172764,1.2592828546744799
2025-08-25,17.773837574345414,1.2834619851728066
2025-08-26,17.66680649036185,1.276714320847692
2025-08-27,17.514018920923,1.2581582439536274
2025-08-28,18.20126667513167,1.281775069091528
2025-08-29,18.578593012993625,1.293583481660478
2025-09-01,18.907897124297374,1.2978007718636746
2025-09-02,18.779424021161397,1.290490802178134
2025-09-03,18.914626662388933,1.2789635422893972
2025-09-04,18.15258304117264,1.252816343029579
2025-09-05,19.322252403622535,1.2803693056904628
2025-09-08,19.23578342210773,1.2806504583706757
2025-09-09,19.13123415107921,1.2730593360049218
2025-09-10,19.29771810879244,1.2758708628070528
2025-09-11,20.266902693914588,1.3101714897930512
2025-09-12,20.243811341003248,1.2992065352647404
2025-09-15,20.26647424893529,1.3014557567064444
2025-09-16,20.31190544673059,1.2989253825845266
2025-09-17,20.405619797545317,1.308203421031559
2025-09-18,20.309432441422604,1.2916154128989863
2025-09-19,20.30603636302798,1.2944269397011172
2025-09-22,20.435092375911484,1.2986442299043135
2025-09-23,20.539171997552952,1.2994876879449528
2025-09-24,20.880740784161897,1.31101494783369
2025-09-25,21.16319005603574,1.3200118336005093
2025-09-26,21.025634121426428,1.3076411156711327
2025-09-29,21.59998143184131,1.3292898720475415
2025-09-30,21.59640035022832,1.3329448568903117
2025-10-09,21.75276078101755,1.3540313079062942
2025-10-10,20.838358143419356,1.3267594979256239
2025-10-13,20.544378710610378,1.3191683755598702
2025-10-14,20.34209179583453,1.305954199589854
2025-10-15,20.688119025061987,1.3231045130828534
2025-10-16,20.905188652340335,1.3273218032860499
2025-10-17,20.559864858078907,1.3000499933053786
2025-10-20,21.226914622911107,1.3045484361887882
2025-10-21,21.387706872467128,1.3242291238037054
2025-10-22,21.600469353109272,1.320011833600509
2025-10-23,21.561554187758446,1.3250725818443447
2025-10-24,21.661243850384043,1.3410982846164912
2025-10-27,22.32098085386073,1.356842834708425
2025-10-28,22.351882064003373,1.3500951703833104
2025-10-29,22.960048853800114,1.3669643311960966
2025-10-30,22.82942603868399,1.3559993766677856
2025-10-31,23.223298857984652,1.337162147093508
2025-11-03,23.536410478475013,1.3391302158549996
2025-11-04,22.513859228874136,1.3295710247277541
2025-11-05,22.12756060782734,1.3312579408090333
2025-11-06,22.58986841564738,1.35093862842395
2025-11-07,22.330136351999997,1.348127101621819
2025-11-10,22.67281773934886,1.3515009337843764
2025-11-11,22.70266381225478,1.3391302158549998
2025-11-12,22.644013939629858,1.3396925212154258
2025-11-13,22.70655228662787,1.3529066971854418
2025-11-14,22.25627954973468,1.3329448568903115
2025-11-17,22.252450028949937,1.3242291238037056
2025-11-18,21.531672595453777,1.316638001437952
2025-11-19,21.72870413994423,1.3205741389609356
2025-11-20,21.781842505468383,1.3146699326764606
2025-11-21,21.0850450600657,1.2831808324925935
2025-11-24,21.25177343998368,1.2812127637311022
2025-11-25,21.29414985761077,1.292458870939626
2025-11-26,21.215788445018394,1.300612298665806
2025-11-27,21.46797655887528,1.2994876879449535
2025-11-28,21.451022579361855,1.3031426727877238
2025-12-01,20.999693912158584,1.3177626121588055
2025-12-02,20.926723877491064,1.3118584058743306
2025-12-03,20.88997809368511,1.3059541995898554
2025-12-04,20.8164865260732,1.3093280317524127
2025-12-05,20.974645781204245,1.32085529164115
2025-12-08,20.97357452898432,1.330414482768395
2025-12-09,20.82622998783668,1.3236668184432805
2025-12-10,20.936946748087628,1.321979902362002
2025-12-11,20.962474629733983,1.3124207112347566
2025-12-12,21.231696312684463,1.319730680920297
2025-12-15,21.517025275811474,1.3121395585545432
2025-12-16,21.261609833012297,1.2989253825845273
2025-12-17,21.42054036651406,1.3211364443213622
2025-12-18,21.433122023454835,1.3124207112347561
2025-12-19,21.41947893731428,1.3180437648390182
2025-12-22,21.783791775676843,1.3298521774079686
2025-12-23,21.998510060227225,1.3326637042100997
2025-12-24,22.127913060581506,1.3374432997737227
2025-12-25,22.17104739403293,1.3399736738956407
2025-12-26,22.199803616333877,1.3450344221394763
2025-12-29,22.027266282528178,1.3391302158550014
2025-12-30,22.199803616333877,1.3419417426571325
2025-12-31,21.88348517102342,1.3363186890528707
2026-01-05,22.516122061644335,1.3619035829522628
2026-01-06,22.61066231211094,1.382990033968245
2026-01-07,22.640788785112544,1.3779292857244092
2026-01-08,22.40486165654295,1.3672454838763117
2026-01-09,22.49954225019131,1.3734308428409994
2026-01-12,22.837974851110378,1.3813031178869664
2026-01-13,22.491796492650938,1.3765235223233436
2026-01-14,22.555532153489676,1.3680889419169506
2026-01-15,22.488312116519957,1.3706193160388684
2026-01-16,22.470078965923808,1.366120873155459
2026-01-19,22.741808032854735,1.3666831785158853
2026-01-20,22.87999531332621,1.3626448576000512
2026-01-21,23.415571478168996,1.3643755665639803
2026-01-22,23.329569110079508,1.3635102120820155
2026-01-23,23.368414789274222,1.356875827720288
2026-01-26,23.908989591218816,1.3591834396721936
2026-01-27,23.904965071806483,1.3586065366842173
2026-01-28,23.730645417040694,1.3629333090940394
2026-01-29,24.780852703582067,1.3753367233355298
2026-01-30,23.29033770561796,1.358894988178205
2026-02-02,21.426941443368133,1.3268768723455195
2026-02-03,22.31619843988741,1.3453377679607614
2026-02-04,23.07848654625854,1.3577411822022523
2026-02-05,22.49403826269082,1.349664540370584
2026-02-06,22.21016405559348,1.341010995550939
2026-02-09,22.81065136380329,1.3635102120820153
2026-02-10,23.72861032166307,1.3652409210459442
2026-02-11,24.357349333895797,1.3623564061060625
2026-02-12,24.042979827779433,1.363510212082015
2026-02-13,24.30705021291718,1.3473569284186782
2026-02-24,24.206451970959943,1.3603372456481453
2026-02-25,24.476241869144165,1.3701445964437422
2026-02-26,24.366313479506452,1.36581782403392
2026-02-27,24.39145931385063,1.362933309094038
2026-03-02,24.051990550204255,1.3669716300098724
2026-03-03,23.03797723652506,1.3493760888765949
2026-03-04,22.581269134633914,1.3297613872854006
2026-03-05,22.534645436064572,1.3424532530208795
2026-03-06,22.4529837637458,1.3462031224427256
2026-03-09,22.42676789696777,1.3352419656711754
2026-03-10,22.000739689606014,1.3508183463465357
2026-03-11,22.52576881482837,1.3588949881782042
2026-03-12,22.429401889417345,1.353991312780405
2026-03-13,23.14489177047761,1.3490876373826064
2026-03-16,22.674215815472635,1.349952991864571
2026-03-17,22.577985721826067,1.3401456410689736
2026-03-18,22.58601345008272,1.3447608649727842
2026-03-19,22.529824345098067,1.3265884208515304
2026-03-20,22.21657545046034,1.3199540364898024
2026-03-23,22.418086338899887,1.2778401183675319
2026-03-24,22.51234323317656,1.291974241572952
2026-03-25,21.67675674644253,1.310723588682182
2026-03-26,21.692821040464903,1.2945703050188455
2026-03-27,21.377487327606183,1.3003393348986085
2026-03-30,21.50630129636887,1.2980317229467033
2026-03-31,20.980396176944417,1.2873590176691414
2026-04-01,20.665781453404065,1.3078390737423005
2026-04-02,20.714105198005637,1.294858756512833
2026-04-03,20.504871812167192,1.284762954223248
2026-04-07,20.47498132847599,1.2824553422713427
2026-04-08,20.315156912179113,1.3274537753334952
2026-04-09,20.14853417409815,1.3188002305138504
2026-04-10,20.96883073080443,1.3389918350930214
2026-04-13,21.19953913737808,1.3418763500329032
2026-04-14,21.76349302011365,1.3591834396721922
2026-04-15,21.481516078745862,1.3539913127804055
2026-04-16,22.2120926995624,1.3689907904677898
2026-04-17,22.583789576819935,1.3669716300098724
2026-04-20,22.5709724431214,1.3744713688535646
2026-04-21,22.622240977915546,1.3776443352874344
2026-04-22,23.13492632585697,1.3877401375770198
2026-04-23,22.99393785517308,1.384855622637138
2026-04-24,22.5709724431214,1.379375044251363
2026-04-27,22.38530600779115,1.379375044251363
2026-04-28,22.441861093987058,1.3759136263235048
2026-04-29,22.3362523358977,1.3906246525169008
2026-04-30,22.238061411323063,1.3914900069988652
2026-05-06,22.826148167217013,1.4099509026141068
2026-05-07,23.17235988947663,1.416873738469823
2026-05-08,23.200539635021208,1.409373999626131
2026-05-11,23.73419724248313,1.4324501191451835
2026-05-12,23.721626163435207,1.4315847646632187
2026-05-13,24.42718048921583,1.4471611453385793
2026-05-14,24.368461141030465,1.425238831795479
2026-05-15,24.189469296342935,1.407066387674225
2026-05-18,24.12554363752596,1.399566648830533
2026-05-19,23.98490718812862,1.4044703242283314
2026-05-20,24.08718824223578,1.405047227216308
2026-05-21,23.501117802201765,1.386874783095054
2026-05-22,23.907607347787575,1.4024511637704145
2026-05-25,24.744701054871864,1.4240850258195263
2026-05-26,24.897340565613025,1.434180828109112
2026-05-27,25.13160501651557,1.422642768349586
2026-05-28,25.098228294268047,1.422642768349586
2026-05-29,25.613235289654032,1.4200467049036924
2026-06-01,26.662298370414337,1.404181872734344
2026-06-02,26.52151486013205,1.4237965743255385
2026-06-03,26.093501940199083,1.4321616676511948
2026-06-04,25.57377196599477,1.4209120593856566
2026-06-05,25.063292421022503,1.3969705853846397
2026-06-08,24.334401064009317,1.3669716300098713
2026-06-09,25.454443748641527,1.3920669099868412
2026-06-10,24.47588013996286,1.379951947239339
2026-06-11,24.559865656425774,1.3704330479377298
2026-06-12,24.70669645394315,1.389759298034936
2026-06-15,26.09288074343831,1.4188928989277396
2026-06-16,26.407393145256535,1.4162968354818464
2026-06-17,26.442338967680783,1.4301425071932778
2026-06-18,27.133655864649217,1.4376422460369698
2026-06-22,28.001073190269324,1.4685065558937023
2026-06-23,26.59493522839364,1.4255272832894672
2026-06-24,27.039353671084474,1.432738570639171
2026-06-25,28.269149555220775,1.4561031416522119
2026-06-26,28.031358132288737,1.4154314809998818
2026-06-29,27.67396725087409,1.4304309586872659
2026-06-30,27.73353239777653,1.4477380483265554
2026-07-01,27.411880604503352,1.441680566952804
2026-07-02,26.399273107161857,1.398989745842557
2026-07-03,26.935359429283825,1.4064894846862495
2026-07-06,27.42379363388384,1.4067779361802375
2026-07-07,26.839703759873192,1.3920669099868415
2026-07-08,27.129188244870434,1.383990268155173
2026-07-09,26.897517919624274,1.4180275444457757
2026-07-10,26.735409559422553,1.392932264468806
2026-07-13,27.508541738846148,1.3684138874798126
2026-07-14,27.46838500404941,1.395239876420711
2026-07-15,27.747682246033392,1.3955283279146993
2026-07-16,26.92184356331864,1.3710099509257059
