version_key,commit,description,end_date,end_nav,annualized_return,max_drawdown,sharpe_rf0,trade_count,avg_exposure,latest_portfolio
latest_refactor_default,HEAD,当前重构代码默认基线：25 日质量动量 + 5% 攻防切换；布林过热压到 80%，极热进一步压到 42.25%。,2026-09-18,15.529957557927311,0.21130078266933583,-0.23702160566371555,0.977717785484846,824,0.8200962367135881,豆粕 / 豆粕ETF (159985) 100%
v8acc7b6,8acc7b6,baseline_cf60top2 第一代正式骨架：加入弱量能压仓、前二接近降仓、过热压仓，弱市切债风险仓上限 0%。,2026-09-18,14.914581802378578,0.20788272430410726,-0.20966745851374324,1.001114644934386,960,0.816042516518242,豆粕 / 豆粕ETF (159985) 100%
v516efa6_raw,516efa6,516efa6 的裸算版：策略参数与 8acc7b6 同代，但不走 official baseline 锚点。,2026-09-18,14.914581802378578,0.20788272430410726,-0.20966745851374324,1.001114644934386,960,0.816042516518242,豆粕 / 豆粕ETF (159985) 100%
vb5e5606_raw,b5e5606,首次引入动量分位参数，但默认全 1.0，不生效。,2026-09-18,14.914581802378578,0.20788272430410726,-0.20966745851374324,1.001114644934386,960,0.816042516518242,豆粕 / 豆粕ETF (159985) 100%
v896ca00,896ca00,早期极简正式版：无弱量能压仓、无前二接近降仓、无分位减仓、弱市切债风险仓上限 0%。,2026-09-18,14.250325617955797,0.20404269583994816,-0.20966745851374324,0.9783020254530758,927,0.820954898017811,豆粕 / 豆粕ETF (159985) 100%
v8acc7b6_pct_risk_defensive,HEAD,在 v8acc7b6 基线之上，同时开启风险和防守标的 ETF 历史动量百分位压仓。,2026-09-18,6.884831987902531,0.14435598467685828,-0.19490917301581323,0.8998591210082278,1516,0.6965485791465759,豆粕 / 豆粕ETF (159985) 100%
v8acc7b6_pct_risk,HEAD,在 v8acc7b6 基线之上，仅开启风险标的 ETF 历史动量百分位压仓。,2026-09-18,6.613790430022457,0.14114818408720264,-0.17920261293677953,0.8667702372368553,1516,0.7067755254263804,豆粕 / 豆粕ETF (159985) 100%
v72f03cf_raw,72f03cf,分位减仓与最小调仓门槛上线，过热压仓默认关闭，弱市切债风险仓上限仍为 0%。,2026-09-18,6.426626162241598,0.1388609082073331,-0.1790619516929034,0.8334606084457837,1325,0.7121047033316875,豆粕 / 豆粕ETF (159985) 100%
vef2aa41_raw,ef2aa41,当前主线前一版：分位减仓、最小调仓门槛、防守信号过热压仓，弱市切债风险仓上限 100%。,2026-09-18,5.902995199795215,0.1321161067762764,-0.19856131609209882,0.797386895163035,1315,0.6987249860265321,豆粕 / 豆粕ETF (159985) 100%
