批次,配置,期末净值,CAGR%,最大回撤%,最大回撤区间积分,全期累计回撤积分,交易动作数,年化换手x,Sharpe,Calmar,平均仓位,ΔCAGR(pp),Δ最大回撤(pp),ΔCalmar,回撤峰值日,回撤谷底日,回撤修复日,回撤历时(交易日)
opt1,A0 当前基线(减仓→现金),20.4347,23.48,-17.45,5.92,193.72,1338,72.4,1.135,1.345,0.774,0.0,0.0,0.0,2024-10-08,2024-10-17,2025-02-12,85
opt1,A1 减仓→黄金518880,23.8428,24.81,-18.99,39.68,192.8,1430,77.0,1.185,1.307,0.861,1.34,-1.53,-0.038,2013-02-06,2014-11-07,2014-12-16,449
opt1,A2 减仓→国债511260,20.0369,23.31,-17.45,5.92,195.29,1584,80.8,1.127,1.335,0.861,-0.17,0.0,-0.01,2024-10-08,2024-10-17,2025-02-12,85
opt1,A3 减仓→国债511580,20.4347,23.48,-17.45,5.92,193.72,1584,72.4,1.135,1.345,0.774,0.0,0.0,0.0,2024-10-08,2024-10-17,2025-02-12,85
opt1,A4 减仓→红利低波512890,20.0242,23.3,-17.45,5.95,201.52,1560,79.3,1.119,1.335,0.861,-0.18,0.0,-0.01,2024-10-08,2024-10-17,2025-02-12,85
opt1,B cut=0.0,19.1497,22.92,-18.33,32.63,196.89,1073,64.9,1.13,1.25,0.688,-0.56,-0.87,-0.095,2015-05-27,2016-01-28,2016-06-24,265
opt1,B cut=0.3,19.9643,23.28,-17.45,6.03,193.83,1338,69.4,1.14,1.334,0.74,-0.2,0.0,-0.012,2024-10-08,2024-10-17,2025-02-13,86
opt1,B cut=0.7,20.8414,23.65,-17.45,5.81,199.14,1338,75.4,1.123,1.355,0.809,0.17,0.0,0.01,2024-10-08,2024-10-17,2025-02-10,83
opt1,C1 净值MA250×0.5,16.1756,21.48,-20.11,35.02,230.68,1347,73.4,1.032,1.068,0.779,-2.0,-2.66,-0.278,2021-05-31,2022-05-13,2022-08-05,290
opt1,D 波动目标15%,10.2241,17.64,-15.9,27.84,130.94,2834,61.9,1.254,1.11,0.657,-5.83,1.55,-0.236,2013-02-06,2014-11-07,2014-12-16,449
opt1,D 波动目标20%,14.8591,20.76,-18.15,36.89,168.69,2379,70.5,1.224,1.143,0.748,-2.72,-0.7,-0.202,2013-02-06,2014-11-07,2014-12-16,449
opt1,D 波动目标25%,18.0566,22.41,-18.24,35.53,191.01,1966,75.3,1.181,1.229,0.802,-1.06,-0.79,-0.117,2017-09-06,2018-11-28,2019-03-04,360
opt2,F0 全开(新基线),20.4347,23.48,-17.45,5.92,193.72,1338,72.4,1.135,1.345,0.774,0.0,0.0,0.0,2024-10-08,2024-10-17,2025-02-12,85
opt2,F1 关分位压仓,17.9938,22.38,-17.45,5.91,199.9,1270,72.3,1.059,1.283,0.789,-1.09,0.0,-0.063,2024-10-08,2024-10-17,2025-02-12,85
opt2,F2 关Boll压仓,20.4252,23.47,-25.35,14.33,222.42,1193,69.7,1.019,0.926,0.792,-0.0,-7.9,-0.419,2024-10-08,2024-10-17,2025-03-06,101
opt2,F3 两层压仓全关,17.7625,22.27,-25.35,14.35,229.86,1107,69.4,0.948,0.879,0.809,-1.2,-7.9,-0.467,2024-10-08,2024-10-17,2025-03-06,101
opt2,G 空仓计息1.5%,21.4132,23.88,-17.45,5.91,188.33,1338,72.4,1.155,1.368,0.774,0.4,-0.0,0.023,2024-10-08,2024-10-17,2025-02-12,85
opt2,G 空仓计息2.0%,21.7496,24.02,-17.45,5.91,186.55,1338,72.4,1.161,1.376,0.774,0.54,0.0,0.031,2024-10-08,2024-10-17,2025-02-12,85
opt2,H1 MA250+均线向下,19.8715,23.24,-17.45,5.92,197.88,1327,73.9,1.112,1.331,0.791,-0.24,-0.0,-0.014,2024-10-08,2024-10-17,2025-02-12,85
opt2,E 切换阈值5%,17.3358,22.06,-23.28,11.69,229.55,1050,52.4,1.046,0.948,0.774,-1.41,-5.83,-0.398,2026-01-29,2026-04-09,2026-06-22,92
opt2,E 切换阈值15%,12.7843,19.49,-23.69,11.68,246.66,1015,49.9,0.927,0.823,0.774,-3.98,-6.24,-0.522,2026-01-29,2026-04-09,2026-06-22,92
opt2,E 切换阈值30%,14.2741,20.42,-20.79,29.65,235.88,955,45.2,0.973,0.982,0.774,-3.06,-3.34,-0.363,2023-08-31,2024-03-28,2024-09-30,262
opt3,I0 基线(Boll默认),20.4347,23.48,-17.45,5.92,193.72,1338,72.4,1.135,1.345,0.774,0.0,0.0,0.0,2024-10-08,2024-10-17,2025-02-12,85
opt3,I ec=0.2,20.5617,23.53,-17.24,18.46,186.1,1338,73.2,1.161,1.365,0.769,0.05,0.21,0.02,2021-05-31,2021-08-19,2022-03-18,196
opt3,I ec=0.3,20.5246,23.51,-17.24,18.47,189.04,1338,72.8,1.151,1.364,0.771,0.04,0.21,0.019,2021-05-31,2021-08-19,2022-03-18,196
opt3,I ec=0.55,20.2909,23.42,-19.2,7.57,198.86,1338,71.9,1.113,1.22,0.777,-0.06,-1.74,-0.125,2024-10-08,2024-10-17,2025-02-17,88
opt3,I eb=0.85,18.3505,22.55,-17.45,5.92,194.69,1336,72.7,1.096,1.292,0.771,-0.92,0.0,-0.053,2024-10-08,2024-10-17,2025-02-13,86
opt3,I eb=0.95,19.8734,23.24,-17.45,5.92,197.94,1332,72.1,1.117,1.331,0.777,-0.24,-0.0,-0.014,2024-10-08,2024-10-17,2025-02-12,85
opt3,"I cap=0.7,bw=0.8",19.9346,23.26,-17.45,5.75,193.11,1338,72.7,1.128,1.333,0.772,-0.21,0.0,-0.012,2024-10-08,2024-10-17,2025-02-12,85
opt3,"I cap=0.9,bw=0.8",20.9707,23.7,-17.45,6.08,194.33,1338,72.1,1.143,1.358,0.776,0.22,0.0,0.013,2024-10-08,2024-10-17,2025-02-12,85
opt3,"I cap=0.8,bw=0.7",19.6709,23.15,-17.45,5.96,193.67,1378,72.7,1.122,1.326,0.771,-0.33,-0.0,-0.019,2024-10-08,2024-10-17,2025-02-13,86
opt3,J cut=0.6,20.6463,23.57,-17.45,5.86,196.24,1338,73.9,1.13,1.35,0.792,0.09,0.0,0.005,2024-10-08,2024-10-17,2025-02-12,85
opt3,J cut=0.75,20.9326,23.68,-17.84,33.74,200.92,1338,76.1,1.119,1.327,0.818,0.21,-0.39,-0.018,2017-09-06,2018-12-06,2019-03-05,361
opt3,J cut=0.85,21.102,23.75,-19.83,36.57,205.18,1338,77.6,1.109,1.198,0.835,0.28,-2.37,-0.147,2017-09-06,2018-12-06,2019-03-05,361
opt3,K MA200,19.1185,22.9,-17.45,5.92,205.56,1347,72.8,1.103,1.312,0.778,-0.57,0.0,-0.033,2024-10-08,2024-10-17,2025-02-12,85
opt3,K MA300,19.245,22.96,-19.09,31.22,200.81,1328,72.9,1.106,1.202,0.783,-0.52,-1.64,-0.143,2015-05-27,2015-12-08,2016-07-01,270
opt4,M0 基线(无止损),20.4347,23.48,-17.45,5.92,193.72,1338,72.4,1.135,1.345,0.774,0.0,0.0,0.0,2024-10-08,2024-10-17,2025-02-12,85
opt4,M 回撤5%→×0.5,6.7124,14.23,-17.76,13.27,237.89,1492,58.1,0.831,0.801,0.59,-9.24,-0.31,-0.544,2020-01-22,2020-03-19,2020-07-08,109
opt4,M 回撤8%→×0.5,9.1065,16.69,-16.96,11.74,234.78,1439,63.3,0.89,0.984,0.665,-6.78,0.49,-0.361,2020-09-03,2020-09-25,2021-01-22,95
opt4,M 回撤12%→×0.5,14.9564,20.81,-16.76,34.19,218.86,1389,69.6,1.035,1.242,0.739,-2.66,0.69,-0.103,2017-09-06,2018-12-14,2019-03-12,366
opt4,M 回撤8%→×0.0,3.9034,9.99,-23.69,33.49,344.42,1000,54.9,0.552,0.421,0.556,-13.49,-6.24,-0.924,2025-11-03,2026-06-15,未修复,217
opt4,N lookback=20,8.6437,16.27,-22.54,39.37,296.97,1466,79.5,0.808,0.722,0.759,-7.21,-5.08,-0.623,2021-05-31,2022-01-27,2022-09-28,327
opt4,N lookback=30,6.8313,14.37,-22.43,47.53,278.06,1246,67.6,0.689,0.641,0.784,-9.1,-4.98,-0.704,2017-09-06,2018-05-23,2019-04-03,382
opt4,N lookback=35,8.4397,16.08,-24.0,84.78,293.38,1078,58.3,0.756,0.67,0.792,-7.4,-6.55,-0.675,2020-09-03,2020-12-08,2023-06-13,672
opt4,L1 空仓计息1.8%,21.6144,23.96,-17.45,5.91,187.26,1338,72.4,1.159,1.373,0.774,0.49,0.0,0.028,2024-10-08,2024-10-17,2025-02-12,85
opt4,L2 空仓计息1.8%+cut0.6,21.7442,24.01,-17.45,5.86,190.3,1338,73.9,1.151,1.376,0.792,0.54,0.0,0.031,2024-10-08,2024-10-17,2025-02-12,85
