strategy,total_return,annualized_return,annualized_volatility,sharpe_rf0,max_drawdown_integral,max_drawdown,trade_count,avg_exposure,latest_holding_code,latest_holding_theme,latest_holding_name,latest_momentum,latest_exposure,drawdown_integral_definition,drawdown_integral_recomputed
relative_lead_core_28_cap35_hi30_hsmom04_lead03_ma120,18.787489254255675,0.237783329431964,0.2118788333281438,1.1222608964610494,46.60596687974049,-0.2470828267305419,1260,0.8165654604295381,159941,纳指ETF,纳指ETF广发,0.1430594900849859,1.0,full_history,False
relative_lead_core_30_cap35_hi30_hsmom04_lead02_ma120,18.75323362954282,0.2376300727294775,0.2118668470975581,1.1216010243455232,46.16595929147645,-0.2457254476072594,1266,0.8166902030008827,159941,纳指ETF,纳指ETF广发,0.1430594900849859,1.0,full_history,False
relative_lead_core_28_cap35_hi30_hsmom04_lead02_ma120,18.748866975242414,0.237610518964807,0.2118696219772038,1.121494043116633,46.25457907031026,-0.2459644123233549,1266,0.8165984112974405,159941,纳指ETF,纳指ETF广发,0.1430594900849859,1.0,full_history,False
relative_lead_core_28_cap35_hi30_hsmom05_lead02_ma90,18.68259061286757,0.2373132412127234,0.2119993546084817,1.1194054889977902,47.49549518772001,-0.2493099673684573,1182,0.8153133274492498,159941,纳指ETF,纳指ETF广发,0.1430594900849859,1.0,full_history,False
current_baseline,18.455163912554585,0.2362860197266547,0.2015356408617294,1.1724279572404115,36.88477833599491,-0.2165224907940771,1569,0.8127819947043249,159941,纳指ETF,纳指ETF广发,0.1170523751304607,1.0,full_history,False
adaptive_core_overheat_28_cap30_hi20_m6005_m12010_ma90_dd03_oh25_ohh30,18.110947717016437,0.2347098851761941,0.2041302747013453,1.1498043860450815,43.39079195061311,-0.2411553211366981,1366,0.8177593409826419,159941,纳指ETF,纳指ETF广发,0.1430594900849859,1.0,full_history,False
adaptive_core_overheat_28_cap30_hi20_m6005_m12010_ma90_dd03_oh25_ohh28,18.082398110983853,0.2345779779583872,0.2041107876831988,1.1492679079876786,43.39079195061288,-0.2411553211366974,1369,0.8174945572227126,159941,纳指ETF,纳指ETF广发,0.1430594900849859,1.0,full_history,False
adaptive_core_overheat_28_cap30_hi25_m6005_m12010_ma90_dd03_oh25_ohh30,17.926438394621496,0.2338541492235211,0.2044007956318721,1.1440960809403833,43.39138417021868,-0.2411553211366974,1366,0.8182300676669608,159941,纳指ETF,纳指ETF广发,0.1430594900849859,1.0,full_history,False
adaptive_core_overheat_28_cap30_hi25_m6005_m12010_ma90_dd03_oh25_ohh28,17.912348094504623,0.2337884818461517,0.2043900562936704,1.1438349109813897,43.391384170218785,-0.2411553211366981,1369,0.8180976757869961,159941,纳指ETF,纳指ETF广发,0.1430594900849859,1.0,full_history,False
adaptive_core_overheat_28_cap30_hi20_m6005_m12010_ma90_dd03_oh25_ohh32,17.85365576299756,0.2335144585433817,0.2042530477767871,1.143260583306312,43.389654468641915,-0.2411553211366986,1372,0.8182300676669608,159941,纳指ETF,纳指ETF广发,0.1430594900849859,1.0,full_history,False
short_brake_core_28_m6005_m12010_ma90_s03_sc08_mc04_dw80_cap30_hi20,17.85365576299756,0.2335144585433817,0.2042530477767871,1.143260583306312,43.389654468641915,-0.2411553211366986,1372,0.8182300676669608,159941,纳指ETF,纳指ETF广发,0.1430594900849859,1.0,full_history,False
short_brake_core_28_m6005_m12010_ma90_s03_sc08_mc04_dw100_cap30_hi20,17.85365576299756,0.2335144585433817,0.2042530477767871,1.143260583306312,43.389654468641915,-0.2411553211366986,1372,0.8182300676669608,159941,纳指ETF,纳指ETF广发,0.1430594900849859,1.0,full_history,False
short_brake_core_28_m6005_m12010_ma90_s03_sc09_mc04_dw80_cap30_hi20,17.85365576299756,0.2335144585433817,0.2042530477767871,1.143260583306312,43.389654468641915,-0.2411553211366986,1372,0.8182300676669608,159941,纳指ETF,纳指ETF广发,0.1430594900849859,1.0,full_history,False
short_brake_core_28_m6005_m12010_ma90_s03_sc09_mc04_dw100_cap30_hi20,17.85365576299756,0.2335144585433817,0.2042530477767871,1.143260583306312,43.389654468641915,-0.2411553211366986,1372,0.8182300676669608,159941,纳指ETF,纳指ETF广发,0.1430594900849859,1.0,full_history,False
short_brake_core_28_m6005_m12010_ma90_s03_sc10_mc04_dw80_cap30_hi20,17.85365576299756,0.2335144585433817,0.2042530477767871,1.143260583306312,43.389654468641915,-0.2411553211366986,1372,0.8182300676669608,159941,纳指ETF,纳指ETF广发,0.1430594900849859,1.0,full_history,False
short_brake_core_28_m6005_m12010_ma90_s03_sc10_mc04_dw100_cap30_hi20,17.85365576299756,0.2335144585433817,0.2042530477767871,1.143260583306312,43.389654468641915,-0.2411553211366986,1372,0.8182300676669608,159941,纳指ETF,纳指ETF广发,0.1430594900849859,1.0,full_history,False
short_brake_core_28_m6005_m12010_ma90_s05_sc08_mc04_dw80_cap30_hi20,17.85365576299756,0.2335144585433817,0.2042530477767871,1.143260583306312,43.389654468641915,-0.2411553211366986,1372,0.8182300676669608,159941,纳指ETF,纳指ETF广发,0.1430594900849859,1.0,full_history,False
short_brake_core_28_m6005_m12010_ma90_s05_sc08_mc04_dw100_cap30_hi20,17.85365576299756,0.2335144585433817,0.2042530477767871,1.143260583306312,43.389654468641915,-0.2411553211366986,1372,0.8182300676669608,159941,纳指ETF,纳指ETF广发,0.1430594900849859,1.0,full_history,False
short_brake_core_28_m6005_m12010_ma90_s05_sc09_mc04_dw80_cap30_hi20,17.85365576299756,0.2335144585433817,0.2042530477767871,1.143260583306312,43.389654468641915,-0.2411553211366986,1372,0.8182300676669608,159941,纳指ETF,纳指ETF广发,0.1430594900849859,1.0,full_history,False
short_brake_core_28_m6005_m12010_ma90_s05_sc09_mc04_dw100_cap30_hi20,17.85365576299756,0.2335144585433817,0.2042530477767871,1.143260583306312,43.389654468641915,-0.2411553211366986,1372,0.8182300676669608,159941,纳指ETF,纳指ETF广发,0.1430594900849859,1.0,full_history,False
short_brake_core_28_m6005_m12010_ma90_s05_sc10_mc04_dw80_cap30_hi20,17.85365576299756,0.2335144585433817,0.2042530477767871,1.143260583306312,43.389654468641915,-0.2411553211366986,1372,0.8182300676669608,159941,纳指ETF,纳指ETF广发,0.1430594900849859,1.0,full_history,False
short_brake_core_28_m6005_m12010_ma90_s05_sc10_mc04_dw100_cap30_hi20,17.85365576299756,0.2335144585433817,0.2042530477767871,1.143260583306312,43.389654468641915,-0.2411553211366986,1372,0.8182300676669608,159941,纳指ETF,纳指ETF广发,0.1430594900849859,1.0,full_history,False
adaptive_core_overheat_28_cap33_hi25_m6005_m12010_ma90_dd03_oh25_ohh30,17.841163680726922,0.2334560331718762,0.2044580234448592,1.1418286709341958,43.39138417021856,-0.2411553211366971,1366,0.8185919388055312,159941,纳指ETF,纳指ETF广发,0.1430594900849859,1.0,full_history,False
regime_mix_core_ag28_co24_rm06_cap30_hi20,17.834312695797465,0.2334239758945826,0.2040169398955602,1.1441401680374008,39.6309751436725,-0.235562724933776,1464,0.818265372168285,159941,纳指ETF,纳指ETF广发,0.1199420545698524,1.0,full_history,False
regime_mix_volume_guard_ag30_co28_rm06_vr92_vs95_vg80,17.83060359381511,0.2334066156660286,0.2028757933347501,1.150490217829497,39.601649803519294,-0.2353607392246099,1482,0.8160152986172403,159941,纳指ETF,纳指ETF广发,0.1160891486506635,1.0,full_history,False
adaptive_core_overheat_28_cap33_hi25_m6005_m12010_ma90_dd03_oh25_ohh28,17.818775383816863,0.2333512332259799,0.204439893960103,1.14141730709134,43.39138417021872,-0.2411553211366979,1369,0.8183801117975875,159941,纳指ETF,纳指ETF广发,0.1430594900849859,1.0,full_history,False
regime_mix_core_ag28_co24_rm08_cap30_hi20,17.807290685349574,0.2332974282507955,0.2040362348101011,1.1434117497214562,39.63097514367245,-0.2355627249337758,1409,0.8181971167990586,159941,纳指ETF,纳指ETF广发,0.1199420545698524,1.0,full_history,False
adaptive_core_overheat_28_cap30_hi25_m6005_m12010_ma90_dd03_oh25_ohh32,17.798292455720556,0.2332552508811838,0.2044678762581835,1.14079167422197,43.390816544203325,-0.2411553211366975,1372,0.8184654310091203,159941,纳指ETF,纳指ETF广发,0.1430594900849859,1.0,full_history,False
regime_mix_core_ag28_co28_rm06_cap30_hi20,17.796173684199427,0.2332453168442867,0.2040651624639707,1.1429942966647624,39.6309751436724,-0.2355627249337754,1382,0.8190044130626656,159941,纳指ETF,纳指ETF广发,0.1160891486506635,1.0,full_history,False
regime_mix_core_ag28_co28_rm08_cap30_hi20,17.796173684199427,0.2332453168442867,0.2040651624639707,1.1429942966647624,39.6309751436724,-0.2355627249337754,1382,0.8190044130626656,159941,纳指ETF,纳指ETF广发,0.1160891486506635,1.0,full_history,False
regime_mix_core_ag28_co28_rm10_cap30_hi20,17.796173684199427,0.2332453168442867,0.2040651624639707,1.1429942966647624,39.6309751436724,-0.2355627249337754,1382,0.8190044130626656,159941,纳指ETF,纳指ETF广发,0.1160891486506635,1.0,full_history,False
regime_mix_core_ag28_co28_rm12_cap30_hi20,17.796173684199427,0.2332453168442867,0.2040651624639707,1.1429942966647624,39.6309751436724,-0.2355627249337754,1382,0.8190044130626656,159941,纳指ETF,纳指ETF广发,0.1160891486506635,1.0,full_history,False
adaptive_core_overheat_28_cap35_hi25_m6005_m12010_ma90_dd03_oh25_ohh30,17.784375010726215,0.2331899787562359,0.2044990575019248,1.1402985500509752,43.3913841702188,-0.2411553211366981,1366,0.8188331862312445,159941,纳指ETF,纳指ETF广发,0.1430594900849859,1.0,full_history,False
regime_mix_volume_guard_ag30_co28_rm06_vr92_vs90_vg70,17.765691829047107,0.2331022849253547,0.2028527036441451,1.1491209174824464,39.42874682306967,-0.2341107972816805,1465,0.8160741394527802,159941,纳指ETF,纳指ETF广发,0.1160891486506635,1.0,full_history,False
adaptive_core_overheat_28_cap30_hi20_m6005_m12010_ma90_dd03_oh25_ohh35,17.762701352539477,0.2330882409067984,0.2043418918782549,1.1406777081503696,43.3919787110691,-0.2411553211366979,1365,0.8185536922624301,159941,纳指ETF,纳指ETF广发,0.1430594900849859,1.0,full_history,False
adaptive_core_overheat_28_cap35_hi25_m6005_m12010_ma90_dd03_oh25_ohh28,17.756519318529453,0.233059201952934,0.2044756074781204,1.1397897520753042,43.39138417021878,-0.2411553211366979,1369,0.818568402471315,159941,纳指ETF,纳指ETF广发,0.1430594900849859,1.0,full_history,False
adaptive_core_overheat_28_cap30_hi25_m6005_m12010_ma90_dd03_oh25_ohh35,17.752666543928928,0.233041099765983,0.2045166808337133,1.1394723345596545,43.39197871106895,-0.2411553211366974,1365,0.818627243306855,159941,纳指ETF,纳指ETF广发,0.1430594900849859,1.0,full_history,False
regime_mix_core_ag28_co24_rm10_cap30_hi20,17.70450702796328,0.2328145313658953,0.2040582445920138,1.1409219550593297,39.63097514367242,-0.2355627249337755,1424,0.8181641659311563,159941,纳指ETF,纳指ETF广发,0.1199420545698524,1.0,full_history,False
regime_mix_core_ag30_co24_rm06_cap30_hi20,17.66147260052404,0.2326116154144692,0.2036167385864862,1.142399279299268,39.6350287742482,-0.2355627249337758,1457,0.818119446896146,159941,纳指ETF,纳指ETF广发,0.1199420545698524,1.0,full_history,False
regime_mix_core_ag28_co24_rm12_cap30_hi20,17.64892092751709,0.2325523499138069,0.2041452141544527,1.1391516126254215,39.63097514367257,-0.2355627249337764,1451,0.81815475139747,159941,纳指ETF,纳指ETF广发,0.1199420545698524,1.0,full_history,False
adaptive_core_overheat_28_cap33_hi25_m6005_m12010_ma90_dd03_oh25_ohh32,17.637172300579703,0.232496842603828,0.204570907558482,1.1365098066906834,43.39047713598511,-0.2411553211366972,1372,0.8189685201529862,159941,纳指ETF,纳指ETF广发,0.1430594900849859,1.0,full_history,False
regime_mix_core_ag28_co24_rm06_cap33_hi25,17.6180513364144,0.2324064346007577,0.204335165052062,1.1373785542079526,39.631803873977944,-0.2355627249337765,1464,0.8190038246543101,159941,纳指ETF,纳指ETF广发,0.1199420545698524,1.0,full_history,False
regime_mix_volume_guard_ag30_co28_rm06_vr92_vs90_vg70,17.616931950491296,0.2324011392340403,0.2029345812210123,1.145202251068962,39.42874682306967,-0.2341107972816805,1469,0.8166919682259487,159941,纳指ETF,纳指ETF广发,0.1160891486506635,1.0,full_history,False
regime_mix_core_ag30_co28_rm06_cap30_hi20,17.611748849417676,0.2323766162032765,0.2036643287869141,1.1409784795765727,39.63502877424825,-0.2355627249337758,1457,0.8188396587231538,159941,纳指ETF,纳指ETF广发,0.1160891486506635,1.0,full_history,False
regime_mix_volume_guard_ag30_co28_rm06_vr92_vs95_vg70,17.611670298002828,0.2323762445007851,0.2024456687711443,1.147844979402725,39.65744921001713,-0.2352789984471234,1480,0.8143971756398942,159941,纳指ETF,纳指ETF广发,0.1160891486506635,1.0,full_history,False
regime_mix_volume_guard_ag30_co28_rm06_vr92_vs90_vg80,17.607662789421976,0.2323572791800654,0.2030628060198926,1.144263116098686,39.518433803729366,-0.2345845571216638,1466,0.8169273315681083,159941,纳指ETF,纳指ETF广发,0.1160891486506635,1.0,full_history,False
regime_mix_volume_guard_ag30_co28_rm06_vr95_vs90_vg70,17.602739297675715,0.2323339738251448,0.2027547535805838,1.1458866917899655,39.42874682306967,-0.2341107972816805,1473,0.8156328331862314,159941,纳指ETF,纳指ETF广发,0.1160891486506635,1.0,full_history,False
regime_mix_core_ag30_co24_rm08_cap30_hi20,17.600519047518826,0.2323234623942232,0.2036434086071682,1.1408346775533464,39.63502877424822,-0.2355627249337757,1415,0.8179923506913799,159941,纳指ETF,纳指ETF广发,0.1199420545698524,1.0,full_history,False
regime_mix_core_ag30_co28_rm08_cap30_hi20,17.59151134435068,0.2322808048620979,0.2036722519361854,1.1404636746240526,39.635028774248255,-0.2355627249337761,1415,0.8187972933215651,159941,纳指ETF,纳指ETF广发,0.1160891486506635,1.0,full_history,False
regime_mix_core_ag28_co24_rm08_cap33_hi25,17.59133960098461,0.232279991355341,0.2043544283428248,1.1366525953901436,39.63180387397773,-0.2355627249337757,1409,0.8189355692850839,159941,纳指ETF,纳指ETF广发,0.1199420545698524,1.0,full_history,False
regime_mix_core_ag28_co28_rm06_cap33_hi25,17.580350248653854,0.2322279229393276,0.2043833103778899,1.1362372128622191,39.631803873977745,-0.2355627249337757,1382,0.8197428655486908,159941,纳指ETF,纳指ETF广发,0.1160891486506635,1.0,full_history,False
regime_mix_core_ag28_co28_rm08_cap33_hi25,17.580350248653854,0.2322279229393276,0.2043833103778899,1.1362372128622191,39.631803873977745,-0.2355627249337757,1382,0.8197428655486908,159941,纳指ETF,纳指ETF广发,0.1160891486506635,1.0,full_history,False
regime_mix_core_ag28_co28_rm10_cap33_hi25,17.580350248653854,0.2322279229393276,0.2043833103778899,1.1362372128622191,39.631803873977745,-0.2355627249337757,1382,0.8197428655486908,159941,纳指ETF,纳指ETF广发,0.1160891486506635,1.0,full_history,False
regime_mix_core_ag28_co28_rm12_cap33_hi25,17.580350248653854,0.2322279229393276,0.2043833103778899,1.1362372128622191,39.631803873977745,-0.2355627249337757,1382,0.8197428655486908,159941,纳指ETF,纳指ETF广发,0.1160891486506635,1.0,full_history,False
regime_mix_volume_guard_ag30_co28_rm06_vr95_vs90_vg70,17.56912460796991,0.2321747054381882,0.2028575851070971,1.1445207006462852,39.42874682306967,-0.2341107972816805,1471,0.8164271844660195,159941,纳指ETF,纳指ETF广发,0.1160891486506635,1.0,full_history,False
adaptive_core_overheat_28_cap33_hi25_m6005_m12010_ma90_dd03_oh25_ohh35,17.564633028819184,0.2321534037984589,0.2046531424109246,1.134374977405997,43.392336547877505,-0.2411553211366973,1365,0.8192274198293616,159941,纳指ETF,纳指ETF广发,0.1430594900849859,1.0,full_history,False
regime_mix_core_ag30_co28_rm10_cap30_hi20,17.557799894191874,0.2321209879824506,0.2036831319295708,1.1396181204770208,39.63502877424827,-0.2355627249337757,1427,0.818780817887614,159941,纳指ETF,纳指ETF广发,0.1160891486506635,1.0,full_history,False
regime_mix_volume_guard_ag30_co28_rm06_vr95_vs95_vg70,17.551949180947226,0.2320932238824249,0.2022831896666415,1.1473678275733623,38.82957140222932,-0.2316445795928505,1484,0.8134263018534864,159941,纳指ETF,纳指ETF广发,0.1160891486506635,1.0,full_history,False
regime_mix_core_ag30_co28_rm12_cap30_hi20,17.534573884533565,0.2320107228273751,0.2037215682684428,1.138861853457047,39.63502877424813,-0.2355627249337751,1444,0.8187761106207708,159941,纳指ETF,纳指ETF广发,0.1160891486506635,1.0,full_history,False
adaptive_core_overheat_28_cap35_hi25_m6005_m12010_ma90_dd03_oh25_ohh32,17.530253133156222,0.2319901959678378,0.2046447860404018,1.133623780290388,43.39025135022753,-0.2411553211366978,1372,0.8193039129155635,159941,纳指ETF,纳指ETF广发,0.1430594900849859,1.0,full_history,False
regime_mix_volume_guard_ag30_co28_rm06_vr92_vs90_vg80,17.509042790469216,0.2318893661857393,0.20312041138963,1.1416349770034877,39.518433803729366,-0.2345845571216638,1469,0.8173392174168873,159941,纳指ETF,纳指ETF广发,0.1160891486506635,1.0,full_history,False
regime_mix_volume_guard_ag30_co28_rm06_vr95_vs90_vg80,17.49997667470292,0.2318462349269845,0.2029937076173178,1.1421350821576168,39.518433803729366,-0.2345845571216638,1474,0.8166331273904089,159941,纳指ETF,纳指ETF广发,0.1160891486506635,1.0,full_history,False
regime_mix_core_ag30_co24_rm10_cap30_hi20,17.499362678126808,0.2318433131820176,0.2036791564570194,1.1382770687728252,39.635028774248234,-0.2355627249337757,1427,0.8179429243895263,159941,纳指ETF,纳指ETF广发,0.1199420545698524,1.0,full_history,False
regime_mix_core_ag28_co24_rm10_cap33_hi25,17.489736137100824,0.2317974928472606,0.2043763976760872,1.1341695786938792,39.63180387397777,-0.2355627249337759,1424,0.8189026184171815,159941,纳指ETF,纳指ETF广发,0.1199420545698524,1.0,full_history,False
regime_mix_volume_guard_ag30_co28_rm06_vr92_vs95_vg70,17.48201807676664,0.2317607404819637,0.2021805742526103,1.146305679161812,39.60146260629017,-0.2348485946623747,1477,0.8127202118270078,159941,纳指ETF,纳指ETF广发,0.1160891486506635,1.0,full_history,False
regime_mix_volume_guard_ag30_co28_rm06_vr95_vs90_vg80,17.477493594195018,0.2317391888781299,0.2030661228431681,1.1412006376716344,39.518433803729366,-0.2345845571216638,1471,0.8171626949102677,159941,纳指ETF,纳指ETF广发,0.1160891486506635,1.0,full_history,False
regime_mix_volume_guard_ag30_co28_rm06_vr95_vs95_vg80,17.467280996865203,0.231690524887751,0.2026613007969816,1.143240095551591,39.11855971207889,-0.232938283221482,1484,0.8151621065019123,159941,纳指ETF,纳指ETF广发,0.1160891486506635,1.0,full_history,False
regime_mix_core_ag30_co24_rm06_cap33_hi25,17.45160818564242,0.231615793840624,0.2039274273056623,1.1357755888983987,39.63587385648749,-0.235562724933775,1457,0.8188726095910562,159941,纳指ETF,纳指ETF广发,0.1199420545698524,1.0,full_history,False
adaptive_core_overheat_28_cap35_hi25_m6005_m12010_ma90_dd03_oh25_ohh35,17.4399641154809,0.2315602344522795,0.2047510294311811,1.130935629948123,43.392575568598616,-0.241155321136697,1365,0.8196275375110326,159941,纳指ETF,纳指ETF广发,0.1430594900849859,1.0,full_history,False
regime_mix_core_ag28_co24_rm12_cap33_hi25,17.434788293321635,0.2315355276877524,0.2044632287872874,1.1324066877992502,39.6318038739779,-0.2355627249337766,1451,0.8188932038834952,159941,纳指ETF,纳指ETF广发,0.1199420545698524,1.0,full_history,False
regime_mix_core_ag30_co24_rm12_cap30_hi20,17.42980049827045,0.2315117123747458,0.2037981932372845,1.1359851071162057,39.635028774248305,-0.2355627249337758,1444,0.8179288025889968,159941,纳指ETF,纳指ETF广发,0.1199420545698524,1.0,full_history,False
adaptive_core_overheat_28_cap35_hi30_m6005_m12010_ma90,17.428132357787838,0.2315037461394664,0.2049645657466335,1.1294817974812252,43.392575568598765,-0.2411553211366979,1365,0.8197010885554574,159941,纳指ETF,纳指ETF广发,0.1430594900849859,1.0,full_history,False
regime_mix_volume_guard_ag30_co28_rm06_vr92_vs95_vg80,17.42129858378976,0.2314711043354926,0.2025887198309272,1.1425665976302608,39.63305917681958,-0.2350737938719317,1478,0.8146913798175934,159941,纳指ETF,纳指ETF广发,0.1160891486506635,1.0,full_history,False
regime_mix_core_ag28_co24_rm06_cap35_hi30,17.409225859915562,0.2314134109835346,0.2047292747107466,1.1303386450740318,39.633917771793314,-0.2355627249337758,1457,0.8197363930567816,159941,纳指ETF,纳指ETF广发,0.1199420545698524,1.0,full_history,False
regime_mix_core_ag30_co28_rm06_cap33_hi25,17.40244362116381,0.2313809844842742,0.2039749421775005,1.1343598483921853,39.635873856487464,-0.2355627249337751,1457,0.8195928214180641,159941,纳指ETF,纳指ETF广发,0.1160891486506635,1.0,full_history,False
regime_mix_core_ag30_co24_rm08_cap33_hi25,17.391340108108974,0.2313278736179518,0.2039540531171498,1.13421562397232,39.63587385648762,-0.2355627249337759,1415,0.8187455133862901,159941,纳指ETF,纳指ETF广发,0.1199420545698524,1.0,full_history,False
regime_mix_core_ag28_co24_rm08_cap35_hi30,17.382813731076,0.2312870696210074,0.2047484994189475,1.1296154564129812,39.63391777179331,-0.2355627249337755,1402,0.8196681376875553,159941,纳指ETF,纳指ETF广发,0.1199420545698524,1.0,full_history,False
regime_mix_core_ag30_co28_rm08_cap33_hi25,17.382433704361073,0.2312852505486617,0.2039828520679412,1.1338465376081068,39.63587385648758,-0.2355627249337756,1415,0.8195504560164755,159941,纳指ETF,纳指ETF广发,0.1160891486506635,1.0,full_history,False
adaptive_core_overheat_28_cap35_hi30_m6004_m12010_ma120,17.37194763851589,0.231235043159633,0.2047773253181092,1.129202380197238,39.63391777179329,-0.2355627249337759,1375,0.8204754339511622,159941,纳指ETF,纳指ETF广发,0.1160891486506635,1.0,full_history,False
short_brake_core_28_m6004_m12010_ma120_s03_sc08_mc04_dw80_cap35_hi30,17.37194763851589,0.231235043159633,0.2047773253181092,1.129202380197238,39.63391777179329,-0.2355627249337759,1375,0.8204754339511622,159941,纳指ETF,纳指ETF广发,0.1160891486506635,1.0,full_history,False
short_brake_core_28_m6004_m12010_ma120_s03_sc08_mc04_dw100_cap35_hi30,17.37194763851589,0.231235043159633,0.2047773253181092,1.129202380197238,39.63391777179329,-0.2355627249337759,1375,0.8204754339511622,159941,纳指ETF,纳指ETF广发,0.1160891486506635,1.0,full_history,False
short_brake_core_28_m6004_m12010_ma120_s03_sc09_mc04_dw80_cap35_hi30,17.37194763851589,0.231235043159633,0.2047773253181092,1.129202380197238,39.63391777179329,-0.2355627249337759,1375,0.8204754339511622,159941,纳指ETF,纳指ETF广发,0.1160891486506635,1.0,full_history,False
short_brake_core_28_m6004_m12010_ma120_s03_sc09_mc04_dw100_cap35_hi30,17.37194763851589,0.231235043159633,0.2047773253181092,1.129202380197238,39.63391777179329,-0.2355627249337759,1375,0.8204754339511622,159941,纳指ETF,纳指ETF广发,0.1160891486506635,1.0,full_history,False
short_brake_core_28_m6004_m12010_ma120_s03_sc10_mc04_dw80_cap35_hi30,17.37194763851589,0.231235043159633,0.2047773253181092,1.129202380197238,39.63391777179329,-0.2355627249337759,1375,0.8204754339511622,159941,纳指ETF,纳指ETF广发,0.1160891486506635,1.0,full_history,False
short_brake_core_28_m6004_m12010_ma120_s03_sc10_mc04_dw100_cap35_hi30,17.37194763851589,0.231235043159633,0.2047773253181092,1.129202380197238,39.63391777179329,-0.2355627249337759,1375,0.8204754339511622,159941,纳指ETF,纳指ETF广发,0.1160891486506635,1.0,full_history,False
short_brake_core_28_m6004_m12010_ma120_s05_sc08_mc04_dw80_cap35_hi30,17.37194763851589,0.231235043159633,0.2047773253181092,1.129202380197238,39.63391777179329,-0.2355627249337759,1375,0.8204754339511622,159941,纳指ETF,纳指ETF广发,0.1160891486506635,1.0,full_history,False
short_brake_core_28_m6004_m12010_ma120_s05_sc08_mc04_dw100_cap35_hi30,17.37194763851589,0.231235043159633,0.2047773253181092,1.129202380197238,39.63391777179329,-0.2355627249337759,1375,0.8204754339511622,159941,纳指ETF,纳指ETF广发,0.1160891486506635,1.0,full_history,False
short_brake_core_28_m6004_m12010_ma120_s05_sc09_mc04_dw80_cap35_hi30,17.37194763851589,0.231235043159633,0.2047773253181092,1.129202380197238,39.63391777179329,-0.2355627249337759,1375,0.8204754339511622,159941,纳指ETF,纳指ETF广发,0.1160891486506635,1.0,full_history,False
short_brake_core_28_m6004_m12010_ma120_s05_sc09_mc04_dw100_cap35_hi30,17.37194763851589,0.231235043159633,0.2047773253181092,1.129202380197238,39.63391777179329,-0.2355627249337759,1375,0.8204754339511622,159941,纳指ETF,纳指ETF广发,0.1160891486506635,1.0,full_history,False
short_brake_core_28_m6004_m12010_ma120_s05_sc10_mc04_dw80_cap35_hi30,17.37194763851589,0.231235043159633,0.2047773253181092,1.129202380197238,39.63391777179329,-0.2355627249337759,1375,0.8204754339511622,159941,纳指ETF,纳指ETF广发,0.1160891486506635,1.0,full_history,False
short_brake_core_28_m6004_m12010_ma120_s05_sc10_mc04_dw100_cap35_hi30,17.37194763851589,0.231235043159633,0.2047773253181092,1.129202380197238,39.63391777179329,-0.2355627249337759,1375,0.8204754339511622,159941,纳指ETF,纳指ETF广发,0.1160891486506635,1.0,full_history,False
regime_mix_core_ag28_co28_rm06_cap35_hi30,17.37194763851589,0.231235043159633,0.2047773253181092,1.129202380197238,39.63391777179329,-0.2355627249337759,1375,0.8204754339511622,159941,纳指ETF,纳指ETF广发,0.1160891486506635,1.0,full_history,False
regime_mix_core_ag28_co28_rm08_cap35_hi30,17.37194763851589,0.231235043159633,0.2047773253181092,1.129202380197238,39.63391777179329,-0.2355627249337759,1375,0.8204754339511622,159941,纳指ETF,纳指ETF广发,0.1160891486506635,1.0,full_history,False
regime_mix_core_ag28_co28_rm10_cap35_hi30,17.37194763851589,0.231235043159633,0.2047773253181092,1.129202380197238,39.63391777179329,-0.2355627249337759,1375,0.8204754339511622,159941,纳指ETF,纳指ETF广发,0.1160891486506635,1.0,full_history,False
regime_mix_core_ag28_co28_rm12_cap35_hi30,17.37194763851589,0.231235043159633,0.2047773253181092,1.129202380197238,39.63391777179329,-0.2355627249337759,1375,0.8204754339511622,159941,纳指ETF,纳指ETF广发,0.1160891486506635,1.0,full_history,False
regime_mix_core_ag30_co28_rm10_cap33_hi25,17.349101368643854,0.2311255627843782,0.2039937134974538,1.1330033598670828,39.63587385648775,-0.2355627249337768,1427,0.8195339805825242,159941,纳指ETF,纳指ETF广发,0.1160891486506635,1.0,full_history,False
regime_mix_core_ag30_co28_rm12_cap33_hi25,17.326136555571086,0.2310153867120423,0.2040320900429316,1.132250258591347,39.63587385648758,-0.2355627249337759,1444,0.819529273315681,159941,纳指ETF,纳指ETF广发,0.1160891486506635,1.0,full_history,False
regime_mix_core_ag30_co24_rm10_cap33_hi25,17.291321329663223,0.2308481123162107,0.2039897405346252,1.1316653068492264,39.63587385648755,-0.2355627249337759,1427,0.8186960870844368,159941,纳指ETF,纳指ETF广发,0.1199420545698524,1.0,full_history,False
regime_mix_volume_guard_ag30_co28_rm06_vr98_vs90_vg80,17.285037422189856,0.2308178889531129,0.2027672245050122,1.1383392435171753,39.51843380372934,-0.2345845571216633,1478,0.8161035598705502,159941,纳指ETF,纳指ETF广发,0.1160891486506635,1.0,full_history,False
regime_mix_core_ag28_co24_rm10_cap35_hi30,17.282349881181748,0.2308049598908501,0.2047704205802817,1.1271401369240308,39.63391777179331,-0.2355627249337759,1417,0.8196351868196529,159941,纳指ETF,纳指ETF广发,0.1199420545698524,1.0,full_history,False
regime_mix_volume_guard_ag30_co28_rm06_vr98_vs90_vg70,17.278607172566108,0.2307869517506728,0.2024340850037515,1.1400597470845677,39.428746823069886,-0.2341107972816816,1477,0.814838481906443,159941,纳指ETF,纳指ETF广发,0.1160891486506635,1.0,full_history,False
regime_mix_volume_guard_ag30_co28_rm06_vr98_vs90_vg80,17.251743112134193,0.230657594047255,0.2028395912539949,1.1371428655583642,39.51843380372934,-0.2345845571216633,1475,0.8167508090614887,159941,纳指ETF,纳指ETF广发,0.1160891486506635,1.0,full_history,False
regime_mix_core_ag30_co24_rm06_cap35_hi30,17.247698942955335,0.2306381049722263,0.2043129113600309,1.1288474303310494,39.63799151095779,-0.2355627249337754,1450,0.8196345984112975,159941,纳指ETF,纳指ETF广发,0.1199420545698524,1.0,full_history,False
regime_mix_volume_guard_ag30_co28_rm06_vr98_vs90_vg70,17.228988970408366,0.2305478883486698,0.2025369793433571,1.1383002210071789,39.428746823069886,-0.2341107972816816,1475,0.8158093556928507,159941,纳指ETF,纳指ETF广发,0.1160891486506635,1.0,full_history,False
regime_mix_core_ag28_co24_rm12_cap35_hi30,17.228018348392986,0.230543205812348,0.2048570817029701,1.125385580502514,39.63391777179334,-0.235562724933776,1444,0.8196257722859666,159941,纳指ETF,纳指ETF广发,0.1199420545698524,1.0,full_history,False
regime_mix_volume_guard_ag30_co28_rm06_vr95_vs95_vg80,17.225845369967615,0.2305327219525257,0.2023798552785782,1.1391090364957257,39.628904730687445,-0.2354223077912299,1494,0.8140441306266549,159941,纳指ETF,纳指ETF广发,0.1160891486506635,1.0,full_history,False
regime_mix_core_ag30_co24_rm12_cap33_hi25,17.222541436740197,0.2305167794077915,0.2041085923279941,1.1293830248819736,39.63587385648758,-0.2355627249337757,1444,0.818681965283907,159941,纳指ETF,纳指ETF广发,0.1199420545698524,1.0,full_history,False
regime_mix_core_ag30_co28_rm06_cap35_hi30,17.199077697465995,0.2304034820136924,0.204360333878948,1.1274373927680648,39.637991510957704,-0.2355627249337755,1450,0.8203548102383054,159941,纳指ETF,纳指ETF广发,0.1160891486506635,1.0,full_history,False
regime_mix_core_ag30_co24_rm08_cap35_hi30,17.1880968896473,0.2303504133081668,0.2043394835049153,1.12729272560105,39.63799151095776,-0.2355627249337756,1408,0.8195075022065313,159941,纳指ETF,纳指ETF广发,0.1199420545698524,1.0,full_history,False
adaptive_core_overheat_26_cap35_hi30_m6005_m12010_ma120,17.18509991840746,0.2303359241983069,0.2053110631314457,1.121887543151241,43.204464981690194,-0.2406359368794098,1365,0.81960870844366,159941,纳指ETF,纳指ETF广发,0.1430594900849859,1.0,full_history,False
regime_mix_core_ag30_co28_rm08_cap35_hi30,17.17928891081845,0.2303078240741849,0.2043682277074646,1.126925778325242,39.63799151095793,-0.2355627249337764,1408,0.8203124448367167,159941,纳指ETF,纳指ETF广发,0.1160891486506635,1.0,full_history,False
regime_mix_core_ag30_co28_rm10_cap35_hi30,17.14632493168371,0.2301482630742302,0.2043790667394317,1.1260853019142725,39.63799151095792,-0.2355627249337762,1420,0.8202959694027654,159941,纳指ETF,纳指ETF广发,0.1160891486506635,1.0,full_history,False
regime_mix_core_ag30_co28_rm12_cap35_hi30,17.123613903408234,0.2300381744625457,0.2044173697071953,1.1253357520060516,39.63799151095782,-0.2355627249337758,1437,0.8202912621359224,159941,纳指ETF,纳指ETF广发,0.1160891486506635,1.0,full_history,False
regime_mix_volume_guard_ag30_co28_rm06_vr98_vs95_vg80,17.115828492846834,0.2300004062630283,0.2023707781346438,1.1365297321236842,39.11855971207878,-0.2329382832214813,1492,0.814426596057664,159941,纳指ETF,纳指ETF广发,0.1160891486506635,1.0,full_history,False
regime_mix_core_ag30_co24_rm10_cap35_hi30,17.089183421544266,0.22987103285351,0.2043750978677608,1.124750692485276,39.63799151095783,-0.2355627249337756,1420,0.8194580759046779,159941,纳指ETF,纳指ETF广发,0.1199420545698524,1.0,full_history,False
strength_adaptive_core_28_cap35_hi30_m6004_m12010_ma120_med50_ext135,17.046370029946882,0.2296627841690963,0.2024622749017403,1.1343485312538204,41.882729715787974,-0.2368263378263306,1585,0.8174733745219182,159941,纳指ETF,纳指ETF广发,0.1295743193678247,1.0,full_history,False
regime_mix_volume_guard_ag30_co28_rm06_vr95_vs95_vg70,17.04174636899524,0.2296402667733894,0.2018429574237257,1.1377175092183638,39.63090682146166,-0.2353773427644482,1493,0.8115433951162105,159941,纳指ETF,纳指ETF广发,0.1160891486506635,1.0,full_history,False
regime_mix_volume_guard_ag30_co28_rm06_vr98_vs95_vg70,17.03527769729563,0.2296087551150014,0.2018715740077187,1.1374001329489911,38.82957140222943,-0.2316445795928509,1492,0.812220064724919,159941,纳指ETF,纳指ETF广发,0.1160891486506635,1.0,full_history,False
regime_mix_core_ag30_co24_rm12_cap35_hi30,17.021163617158674,0.2295399629658303,0.2044937219937963,1.12247926600306,39.63799151095793,-0.2355627249337765,1437,0.8194439541041484,159941,纳指ETF,纳指ETF广发,0.1199420545698524,1.0,full_history,False
adaptive_core_overheat_28_cap35_hi30_m6005_m12010_ma120,17.01582505222032,0.2295139297133526,0.2049076050375494,1.1200849752321007,43.39257556859862,-0.2411553211366977,1365,0.8197999411591644,159941,纳指ETF,纳指ETF广发,0.1430594900849859,1.0,full_history,False
adaptive_core_overheat_28_cap35_hi30_m6005_m12010_ma150,17.01582505222032,0.2295139297133526,0.2049076050375494,1.1200849752321007,43.39257556859862,-0.2411553211366977,1365,0.8197999411591644,159941,纳指ETF,纳指ETF广发,0.1430594900849859,1.0,full_history,False
adaptive_core_overheat_25_cap40_hi20_m6005_m12010_ma120,16.94361448159486,0.2291610928793785,0.2053863859405251,1.115756002180875,43.11096292946161,-0.2403762621912544,1365,0.8202559576345985,159941,纳指ETF,纳指ETF广发,0.1430594900849859,1.0,full_history,False
adaptive_core_overheat_20_cap40_hi20_m6005_m12010_ma120,16.866137246033148,0.2287810527295792,0.2066670603716586,1.1070029849853773,42.63585445868776,-0.2390780649800088,1369,0.8197116799058547,159941,纳指ETF,纳指ETF广发,0.1430594900849859,1.0,full_history,False
adaptive_core_overheat_30_cap35_hi30_m6005_m12010_ma120,16.79745070518791,0.2284428506909841,0.2045269517262886,1.1169327502455584,43.58068422830588,-0.2416747515978505,1367,0.8199911738746689,159941,纳指ETF,纳指ETF广发,0.1430594900849859,1.0,full_history,False
regime_mix_volume_guard_ag30_co28_rm06_vr98_vs95_vg80,16.79081309127155,0.2284101039036472,0.202065254496409,1.1303779290155316,39.62890473068745,-0.2354223077912299,1508,0.8128084730803177,159941,纳指ETF,纳指ETF广发,0.1160891486506635,1.0,full_history,False
adaptive_core_overheat_10_cap40_hi20_m6005_m12010_ma120,16.776525962424383,0.2283395795909955,0.2084205563256016,1.0955712988035389,45.14332253549882,-0.2433631151435404,1373,0.8176816710797293,159941,纳指ETF,纳指ETF广发,0.1430594900849859,1.0,full_history,False
adaptive_core_overheat_28_cap35_hi30_m6005_m12012_ma120,16.59950980324555,0.2274613969126324,0.2055702599983987,1.1064898050642356,43.92702927612599,-0.2430198128243639,1367,0.8191244483671667,159941,纳指ETF,纳指ETF广发,0.1430594900849859,1.0,full_history,False
adaptive_core_overheat_28_cap35_hi30_m6006_m12010_ma120,16.578512504432926,0.2273566850904202,0.20528980636756,1.1074913514378335,42.64307764083546,-0.2389778679540558,1361,0.8192727272727272,159941,纳指ETF,纳指ETF广发,0.1430594900849859,1.0,full_history,False
adaptive_core_overheat_28_cap35_hi30_m6004_m12008_ma120,16.56176489536725,0.2272730828334017,0.2016927216357395,1.126828380271752,39.66081210149572,-0.2355627249337754,1368,0.8212103559870549,159941,纳指ETF,纳指ETF广发,0.1160891486506635,1.0,full_history,False
adaptive_core_overheat_15_cap40_hi20_m6005_m12010_ma120,16.442732512926707,0.2266767441698427,0.2074019475902994,1.0929345013558822,43.96634203844915,-0.2403820661574486,1367,0.8188143571638717,159941,纳指ETF,纳指ETF广发,0.1430594900849859,1.0,full_history,False
regime_mix_volume_guard_ag30_co28_rm06_vr98_vs95_vg70,16.39846231691923,0.226453991111919,0.2013969831037408,1.124416004758478,39.63090682146184,-0.2353773427644494,1507,0.8096899087967049,159941,纳指ETF,纳指ETF广发,0.1160891486506635,1.0,full_history,False
bear_guard_core_28_m6005_m12010_ma90_bgm02_bgx60_cap30_hi20,16.398169458240087,0.2264525157919157,0.1959959194255423,1.1553940329759964,43.39079195061325,-0.2411553211366986,1405,0.7953409826419535,159941,纳指ETF,纳指ETF广发,0.1430594900849859,1.0,full_history,False
bear_guard_core_28_m6005_m12010_ma90_bgm02_bgx70_cap30_hi20,16.398169458240087,0.2264525157919157,0.1959959194255423,1.1553940329759964,43.39079195061325,-0.2411553211366986,1405,0.7953409826419535,159941,纳指ETF,纳指ETF广发,0.1430594900849859,1.0,full_history,False
bear_guard_core_28_m6005_m12010_ma90_bgm02_bgx80_cap30_hi20,16.398169458240087,0.2264525157919157,0.1959959194255423,1.1553940329759964,43.39079195061325,-0.2411553211366986,1405,0.7953409826419535,159941,纳指ETF,纳指ETF广发,0.1430594900849859,1.0,full_history,False
bear_guard_core_28_m6005_m12010_ma90_bgm04_bgx60_cap30_hi20,16.398169458240087,0.2264525157919157,0.1959959194255423,1.1553940329759964,43.39079195061325,-0.2411553211366986,1405,0.7953409826419535,159941,纳指ETF,纳指ETF广发,0.1430594900849859,1.0,full_history,False
bear_guard_core_28_m6005_m12010_ma90_bgm04_bgx70_cap30_hi20,16.398169458240087,0.2264525157919157,0.1959959194255423,1.1553940329759964,43.39079195061325,-0.2411553211366986,1405,0.7953409826419535,159941,纳指ETF,纳指ETF广发,0.1430594900849859,1.0,full_history,False
bear_guard_core_28_m6005_m12010_ma90_bgm04_bgx80_cap30_hi20,16.398169458240087,0.2264525157919157,0.1959959194255423,1.1553940329759964,43.39079195061325,-0.2411553211366986,1405,0.7953409826419535,159941,纳指ETF,纳指ETF广发,0.1430594900849859,1.0,full_history,False
adaptive_core_overheat_28_cap33_hi25_m6004_m12010_ma120_oh26_ohh30,16.300793807109365,0.2259606880755991,0.2049189204306394,1.1026833813136443,39.63271759294707,-0.2355627249337756,1356,0.8219288025889967,159941,纳指ETF,纳指ETF广发,0.1160891486506635,1.0,full_history,False
short_brake_core_28_m6004_m12010_ma120_s03_sc08_mc06_dw100_cap35_hi30,16.12479647540135,0.2250651981714628,0.2046873120870672,1.0995561760844637,43.75036184848189,-0.2574812788504197,1387,0.8201665195645779,159941,纳指ETF,纳指ETF广发,0.1160891486506635,1.0,full_history,False
adaptive_core_overheat_28_cap35_hi30_m6004_m12010_ma120_oh26_ohh30,16.120859252755555,0.2250450676760274,0.2052780823645107,1.0962936962574334,39.63331651549379,-0.2355627249337758,1356,0.8225642836128272,159941,纳指ETF,纳指ETF广发,0.1160891486506635,1.0,full_history,False
adaptive_core_overheat_28_cap33_hi25_m6004_m12010_ma120_oh26_ohh32,16.11347985632794,0.225007326223068,0.2050314561617923,1.0974283187332607,39.63180387397781,-0.2355627249337756,1362,0.8223053839364518,159941,纳指ETF,纳指ETF广发,0.1160891486506635,1.0,full_history,False
adaptive_core_overheat_28_cap37_hi30_m6004_m12010_ma120_oh26_ohh30,16.110691015104038,0.2249930589375932,0.2053102419214981,1.095868656292466,39.63331651549372,-0.2355627249337758,1356,0.822729037952339,159941,纳指ETF,纳指ETF广发,0.1160891486506635,1.0,full_history,False
short_brake_core_28_m6004_m12010_ma120_s03_sc08_mc06_dw80_cap35_hi30,16.078549475268286,0.2248284717045667,0.2046568532240565,1.0985631224302397,43.75240829309689,-0.2574634673344727,1379,0.819636952044719,159941,纳指ETF,纳指ETF广发,0.1160891486506635,1.0,full_history,False
bear_guard_core_28_m6004_m12010_ma120_bgm02_bgx60_cap35_hi30,16.071450824564895,0.2247920828603007,0.1969724041291625,1.1412364277835374,39.63331651549375,-0.2355627249337757,1403,0.8004401294498381,159941,纳指ETF,纳指ETF广发,0.1561458058744596,1.0,full_history,False
bear_guard_core_28_m6004_m12010_ma120_bgm02_bgx70_cap35_hi30,16.071450824564895,0.2247920828603007,0.1969724041291625,1.1412364277835374,39.63331651549375,-0.2355627249337757,1403,0.8004401294498381,159941,纳指ETF,纳指ETF广发,0.1561458058744596,1.0,full_history,False
bear_guard_core_28_m6004_m12010_ma120_bgm02_bgx80_cap35_hi30,16.071450824564895,0.2247920828603007,0.1969724041291625,1.1412364277835374,39.63331651549375,-0.2355627249337757,1403,0.8004401294498381,159941,纳指ETF,纳指ETF广发,0.1561458058744596,1.0,full_history,False
bear_guard_core_28_m6004_m12010_ma120_bgm04_bgx60_cap35_hi30,16.071450824564895,0.2247920828603007,0.1969724041291625,1.1412364277835374,39.63331651549375,-0.2355627249337757,1403,0.8004401294498381,159941,纳指ETF,纳指ETF广发,0.1561458058744596,1.0,full_history,False
bear_guard_core_28_m6004_m12010_ma120_bgm04_bgx70_cap35_hi30,16.071450824564895,0.2247920828603007,0.1969724041291625,1.1412364277835374,39.63331651549375,-0.2355627249337757,1403,0.8004401294498381,159941,纳指ETF,纳指ETF广发,0.1561458058744596,1.0,full_history,False
bear_guard_core_28_m6004_m12010_ma120_bgm04_bgx80_cap35_hi30,16.071450824564895,0.2247920828603007,0.1969724041291625,1.1412364277835374,39.63331651549375,-0.2355627249337757,1403,0.8004401294498381,159941,纳指ETF,纳指ETF广发,0.1561458058744596,1.0,full_history,False
adaptive_core_overheat_28_cap33_hi25_m6004_m12010_ma120_oh26_ohh34,16.06903483100826,0.2247796948775755,0.2051110372776185,1.0958927313762028,39.63367698951744,-0.2355627249337754,1355,0.8225407472786113,159941,纳指ETF,纳指ETF广发,0.1160891486506635,1.0,full_history,False
strength_adaptive_core_28_cap35_hi30_m6004_m12010_ma90_med45_ext125,16.05635323654746,0.2247146434149589,0.203507789992219,1.1042065928952929,41.99222356082946,-0.2371643533721458,1577,0.8178797293321565,159941,纳指ETF,纳指ETF广发,0.1309228364395409,1.0,full_history,False
adaptive_core_overheat_28_cap30_hi20_m6005_m12010_ma90_dd03_oh22_ohh30,16.02786774915344,0.224568360469834,0.1928083385292747,1.1647232800345777,43.39079195061304,-0.241155321136698,1384,0.8107572815533981,159941,纳指ETF,纳指ETF广发,0.1430594900849859,1.0,full_history,False
adaptive_core_overheat_28_cap33_hi25_m6004_m12010_ma120_oh26_ohh38,16.01788041289726,0.2245170181992375,0.2051157776820127,1.0945867779479266,39.6336769895176,-0.2355627249337764,1347,0.8226348926154752,159941,纳指ETF,纳指ETF广发,0.1160891486506635,1.0,full_history,False
adaptive_core_overheat_28_cap35_hi30_m6004_m12010_ma120_oh26_ohh32,16.004374213033447,0.2244475418566178,0.2053563672704549,1.092966070835387,39.632747052026446,-0.2355627249337757,1362,0.8227996469549868,159941,纳指ETF,纳指ETF广发,0.1160891486506635,1.0,full_history,False
adaptive_core_overheat_28_cap30_hi20_m6005_m12010_ma90_dd03_oh22_ohh28,16.002430923244706,0.2244375412927977,0.1927873476990932,1.1641715287411123,43.39079195061306,-0.2411553211366982,1390,0.8104924977934687,159941,纳指ETF,纳指ETF广发,0.1430594900849859,1.0,full_history,False
adaptive_core_overheat_28_cap35_hi30_m6004_m12010_ma120_oh26_ohh34,15.976479119270913,0.2243038862144795,0.2054120188903849,1.0919706034055188,39.63391777179336,-0.2355627249337759,1355,0.8229467490438364,159941,纳指ETF,纳指ETF广发,0.1160891486506635,1.0,full_history,False
short_brake_core_28_m6005_m12010_ma90_s03_sc08_mc06_dw100_cap30_hi20,15.959569339628745,0.2242166965883494,0.2041951877281539,1.0980508359817478,46.911269910450585,-0.260808565409496,1382,0.8183771697558104,159941,纳指ETF,纳指ETF广发,0.1430594900849859,1.0,full_history,False
adaptive_core_overheat_28_cap37_hi30_m6004_m12010_ma120_oh26_ohh32,15.947772792984589,0.2241558238276333,0.2054230683282763,1.091191099674459,39.61283319558331,-0.235562724933776,1362,0.8230585466313621,159941,纳指ETF,纳指ETF广发,0.1160891486506635,1.0,full_history,False
adaptive_core_overheat_28_cap35_hi30_m6004_m12010_ma120_oh26_ohh38,15.944648442031925,0.2241396949035201,0.2054152651439576,1.0911540325225595,39.63391777179331,-0.2355627249337758,1347,0.8230055898793762,159941,纳指ETF,纳指ETF广发,0.1160891486506635,1.0,full_history,False
short_brake_core_28_m6005_m12010_ma90_s03_sc08_mc06_dw80_cap30_hi20,15.940904296353375,0.2241203627579553,0.2041626813550579,1.097753817056258,46.76342993562324,-0.2603177252302557,1374,0.817729920564872,159941,纳指ETF,纳指ETF广发,0.1430594900849859,1.0,full_history,False
adaptive_core_overheat_28_cap37_hi30_m6004_m12010_ma120_oh26_ohh34,15.908750601790103,0.2239541800819748,0.2055033313987852,1.0897836962427887,39.61283319558328,-0.2355627249337759,1355,0.8232644895557516,159941,纳指ETF,纳指ETF广发,0.1160891486506635,1.0,full_history,False
adaptive_core_overheat_28_cap35_hi25_m6005_m12010_ma90_dd03_oh22_ohh30,15.892220512709343,0.2238686319812719,0.1936104778235576,1.1562836603569018,43.3913841702188,-0.241155321136698,1384,0.8123312739040894,159941,纳指ETF,纳指ETF广发,0.1430594900849859,1.0,full_history,False
adaptive_core_overheat_28_cap30_hi20_m6005_m12010_ma90_dd02_oh25_ohh30,15.881438339243132,0.2238127891470636,0.205495297460501,1.08913825237331,43.39079195061315,-0.2411553211366985,1359,0.8197010885554574,159941,纳指ETF,纳指ETF广发,0.1430594900849859,1.0,full_history,False
adaptive_core_overheat_28_cap33_hi25_m6005_m12010_ma90_dd03_oh22_ohh30,15.881117425593306,0.2238111265695319,0.1933949438061555,1.1572749636819009,43.39138417021871,-0.2411553211366979,1384,0.8118899676375406,159941,纳指ETF,纳指ETF广发,0.1430594900849859,1.0,full_history,False
adaptive_core_overheat_28_cap35_hi25_m6005_m12010_ma90_dd03_oh22_ohh28,15.867171553500103,0.2237388479490818,0.1935853754100009,1.155763174130369,43.39138417021876,-0.2411553211366979,1390,0.81206649014416,159941,纳指ETF,纳指ETF广发,0.1430594900849859,1.0,full_history,False
adaptive_core_overheat_28_cap37_hi30_m6004_m12010_ma120_oh26_ohh38,15.864376282805754,0.2237243539537612,0.2055079824997088,1.0886407001444731,39.61283319558332,-0.2355627249337764,1347,0.8233468667255074,159941,纳指ETF,纳指ETF广发,0.1160891486506635,1.0,full_history,False
adaptive_core_overheat_28_cap30_hi25_m6005_m12010_ma90_dd03_oh22_ohh30,15.863469306356992,0.2237196506338776,0.1930951401998865,1.1585980382638812,43.39138417021858,-0.2411553211366971,1384,0.811228008237717,159941,纳指ETF,纳指ETF广发,0.1430594900849859,1.0,full_history,False
adaptive_core_overheat_28_cap33_hi25_m6005_m12010_ma90_dd03_oh22_ohh28,15.861058861276431,0.2237071496148985,0.1933755020305411,1.156853620370004,43.39138417021875,-0.241155321136698,1390,0.811678140629597,159941,纳指ETF,纳指ETF广发,0.1430594900849859,1.0,full_history,False
strength_adaptive_core_30_cap35_hi30_m6004_m12010_ma120_med45_ext125,15.856727077740274,0.2236846800041474,0.2031131881442796,1.101280926402746,42.0793245278019,-0.2373999749097173,1581,0.8180962047661078,159941,纳指ETF,纳指ETF广发,0.1300559326077233,1.0,full_history,False
adaptive_core_overheat_28_cap30_hi25_m6005_m12010_ma90_dd03_oh22_ohh28,15.850915282002845,0.2236545249244896,0.1930835922585261,1.158330038862293,43.39138417021873,-0.2411553211366977,1390,0.8110956163577522,159941,纳指ETF,纳指ETF广发,0.1430594900849859,1.0,full_history,False
adaptive_core_overheat_28_cap30_hi20_m6005_m12010_ma90_dd02_oh25_ohh28,15.839672202486124,0.2235961616679156,0.2054774727664234,1.088178468702935,43.39079195061296,-0.2411553211366971,1361,0.8194657252132979,159941,纳指ETF,纳指ETF广发,0.1430594900849859,1.0,full_history,False
adaptive_core_overheat_28_cap33_hi25_m6004_m12010_ma120_oh22_ohh30,15.829649331858183,0.2235441020497175,0.19319644360413,1.1570818690005056,39.63271759294712,-0.2355627249337758,1394,0.812664313033245,159941,纳指ETF,纳指ETF广发,0.1160891486506635,1.0,full_history,False
adaptive_core_overheat_28_cap30_hi20_m6005_m12010_ma90_dd03_oh22_ohh32,15.798619556335192,0.2233827481094901,0.1929369873473541,1.1578015764666365,43.38965446864155,-0.2411553211366973,1386,0.8112280082377171,159941,纳指ETF,纳指ETF广发,0.1430594900849859,1.0,full_history,False
adaptive_core_overheat_28_cap30_hi25_m6005_m12010_ma90_dd02_oh25_ohh30,15.795267636912296,0.223365301666067,0.2057452863114579,1.085639946705442,43.391384170218714,-0.2411553211366977,1359,0.8201276846131215,159941,纳指ETF,纳指ETF广发,0.1430594900849859,1.0,full_history,False
strength_adaptive_core_28_cap35_hi30_m6004_m12010_ma120_med45_ext125,15.785506691288663,0.2233144783876943,0.20348863892404,1.0974297118919505,41.99222356082957,-0.2371643533721462,1578,0.8179695204471904,159941,纳指ETF,纳指ETF广发,0.1309228364395409,1.0,full_history,False
adaptive_core_overheat_28_cap30_hi25_m6005_m12010_ma90_dd02_oh25_ohh28,15.774521926838368,0.2232572501017928,0.2057354306495445,1.08516675711582,43.39138417021862,-0.2411553211366974,1361,0.8200100029420417,159941,纳指ETF,纳指ETF广发,0.1430594900849859,1.0,full_history,False
adaptive_core_overheat_28_cap33_hi25_m6005_m12010_ma90_dd02_oh25_ohh30,15.754395779062264,0.2231523068100633,0.2057883530156214,1.0843777285739968,43.3913841702187,-0.2411553211366975,1359,0.8204365989997058,159941,纳指ETF,纳指ETF广发,0.1430594900849859,1.0,full_history,False
adaptive_core_overheat_28_cap30_hi25_m6005_m12010_ma90_dd03_oh22_ohh32,15.749290748996124,0.223125669163029,0.1931654844619987,1.1551011288816682,43.39081654420331,-0.2411553211366977,1386,0.8114633715798764,159941,纳指ETF,纳指ETF广发,0.1430594900849859,1.0,full_history,False
adaptive_core_overheat_28_cap35_hi25_m6005_m12010_ma90_dd02_oh25_ohh30,15.727100429348075,0.2230097941395736,0.2058192605410602,1.0835224728401158,43.3913841702186,-0.2411553211366971,1359,0.8206425419240955,159941,纳指ETF,纳指ETF广发,0.1430594900849859,1.0,full_history,False
adaptive_core_overheat_28_cap30_hi20_m6005_m12010_ma90_dd02_oh25_ohh35,15.72663516330763,0.223007363052146,0.2056644897314063,1.084326046481768,43.39197871106909,-0.2411553211366977,1359,0.8204071785819359,159941,纳指ETF,纳指ETF广发,0.1430594900849859,1.0,full_history,False
adaptive_core_overheat_28_cap33_hi25_m6005_m12010_ma90_dd02_oh25_ohh28,15.721337406466796,0.2229796770198322,0.2057716866849982,1.0836266184724266,43.391384170218714,-0.2411553211366975,1361,0.8202483083259783,159941,纳指ETF,纳指ETF广发,0.1430594900849859,1.0,full_history,False
adaptive_core_overheat_28_cap30_hi25_m6005_m12010_ma90_dd02_oh25_ohh35,15.71768929888174,0.2229606073047407,0.2058381549427784,1.0831840548061766,43.391978711069186,-0.241155321136698,1359,0.8204807296263606,159941,纳指ETF,纳指ETF广发,0.1430594900849859,1.0,full_history,False
adaptive_core_overheat_28_cap30_hi20_m6005_m12010_ma90_dd03_oh22_ohh35,15.717579117416475,0.2229600312941948,0.1930309650786788,1.155048005916134,43.39197871106907,-0.2411553211366975,1379,0.8115516328331862,159941,纳指ETF,纳指ETF广发,0.1430594900849859,1.0,full_history,False
adaptive_core_overheat_28_cap30_hi20_m6005_m12010_ma90_dd02_oh25_ohh32,15.712515344395374,0.2229335549186837,0.205607629102653,1.084266940344808,43.38965446864172,-0.2411553211366979,1362,0.8201129744042365,159941,纳指ETF,纳指ETF广发,0.1430594900849859,1.0,full_history,False
adaptive_core_overheat_28_cap30_hi25_m6005_m12010_ma90_dd02_oh25_ohh32,15.710767607315857,0.2229244149949305,0.2058067525055134,1.0831734735669498,43.390816544203304,-0.2411553211366975,1362,0.8203336275375109,159941,纳指ETF,纳指ETF广发,0.1430594900849859,1.0,full_history,False
adaptive_core_overheat_28_cap30_hi25_m6005_m12010_ma90_dd03_oh22_ohh35,15.708638032049247,0.2229132770196384,0.1932171065854467,1.153693277779518,43.39197871106916,-0.2411553211366981,1379,0.8116251838776111,159941,纳指ETF,纳指ETF广发,0.1430594900849859,1.0,full_history,False
adaptive_core_overheat_28_cap33_hi25_m6005_m12010_ma90_dd03_oh22_ohh32,15.6983465971696,0.2228594327977617,0.1935132698619267,1.1516493569499069,43.3904771359852,-0.2411553211366975,1386,0.8122665489849956,159941,纳指ETF,纳指ETF广发,0.1430594900849859,1.0,full_history,False
adaptive_core_overheat_28_cap35_hi25_m6005_m12010_ma90_dd02_oh25_ohh28,15.685889645458316,0.2227942174743145,0.2057976803211138,1.0825885749862696,43.39138417021874,-0.241155321136698,1361,0.8204071785819359,159941,纳指ETF,纳指ETF广发,0.1430594900849859,1.0,full_history,False
adaptive_core_overheat_28_cap37_hi30_m6004_m12010_ma120_oh22_ohh30,15.685827715736224,0.2227938931434852,0.193988808340942,1.148488384710922,39.63331651549372,-0.2355627249337757,1394,0.8140176522506621,159941,纳指ETF,纳指ETF广发,0.1160891486506635,1.0,full_history,False
adaptive_core_overheat_28_cap35_hi30_m6004_m12010_ma120_oh22_ohh30,15.675389737922576,0.2227392126553964,0.193760974471443,1.1495566290528965,39.63331651549376,-0.2355627249337757,1394,0.813576345984113,159941,纳指ETF,纳指ETF广发,0.1160891486506635,1.0,full_history,False
adaptive_core_overheat_28_cap35_hi25_m6005_m12010_ma90_dd03_oh22_ohh32,15.663695578774906,0.2226779137625867,0.1937631713600905,1.149227235493379,43.39025135022746,-0.2411553211366972,1386,0.8128020005884083,159941,纳指ETF,纳指ETF广发,0.1430594900849859,1.0,full_history,False
adaptive_core_overheat_28_cap33_hi25_m6004_m12010_ma120_oh22_ohh32,15.647435745345174,0.2225926159289211,0.1933148868970923,1.151450979806921,39.63180387397779,-0.2355627249337755,1396,0.8130408943807003,159941,纳指ETF,纳指ETF广发,0.1160891486506635,1.0,full_history,False
adaptive_core_overheat_28_cap33_hi25_m6005_m12010_ma90_dd03_oh22_ohh35,15.633353588454156,0.222518679484474,0.1936001446199027,1.149372485859178,43.39233654787781,-0.2411553211366986,1379,0.8125254486613711,159941,纳指ETF,纳指ETF广发,0.1430594900849859,1.0,full_history,False
adaptive_core_overheat_28_cap33_hi25_m6005_m12010_ma90_dd02_oh25_ohh35,15.630366534842658,0.2225029888951142,0.2059449300212722,1.0804004200158348,43.392336547877605,-0.2411553211366981,1359,0.8210014710208886,159941,纳指ETF,纳指ETF广发,0.1430594900849859,1.0,full_history,False
adaptive_core_overheat_28_cap33_hi25_m6005_m12010_ma90_dd02_oh25_ohh32,15.619480615670533,0.2224457844765832,0.2058918625025673,1.080401050205709,43.39047713598492,-0.2411553211366964,1362,0.8207661076787292,159941,纳指ETF,纳指ETF广发,0.1430594900849859,1.0,full_history,False
adaptive_core_overheat_28_cap33_hi25_m6004_m12010_ma120_oh22_ohh34,15.604201072477906,0.2223654332858502,0.1933992738870805,1.1497738787565568,39.6336769895176,-0.2355627249337765,1389,0.8132762577228597,159941,纳指ETF,纳指ETF广发,0.1160891486506635,1.0,full_history,False
adaptive_core_overheat_28_cap35_hi25_m6005_m12010_ma90_dd03_oh22_ohh35,15.582501398974063,0.2222512022103668,0.1938753088474674,1.14636156368537,43.39257556859873,-0.241155321136698,1379,0.8131256251838777,159941,纳指ETF,纳指ETF广发,0.1430594900849859,1.0,full_history,False
adaptive_core_overheat_28_cap35_hi25_m6005_m12010_ma90_dd02_oh25_ohh35,15.57214603983618,0.2221966407627751,0.2060216300610981,1.0785112257236296,43.39257556859863,-0.2411553211366974,1359,0.8213486319505737,159941,纳指ETF,纳指ETF广发,0.1430594900849859,1.0,full_history,False
adaptive_core_overheat_28_cap35_hi30_m6004_m12010_ma120_oh22_ohh32,15.56193513138744,0.2221428094061368,0.1938433579305331,1.145991339490442,39.6327470520264,-0.2355627249337754,1396,0.8138117093262723,159941,纳指ETF,纳指ETF广发,0.1160891486506635,1.0,full_history,False
adaptive_core_overheat_28_cap35_hi25_m6005_m12010_ma90_dd02_oh25_ohh32,15.558694906014068,0.2221257206721134,0.2059529460738718,1.078526551363051,43.3902513502276,-0.2411553211366981,1362,0.8210544277728744,159941,纳指ETF,纳指ETF广发,0.1430594900849859,1.0,full_history,False
adaptive_core_overheat_28_cap33_hi25_m6004_m12010_ma120_oh22_ohh38,15.554439720856564,0.2221032743906019,0.1934042820264867,1.1483886088943207,39.63367698951746,-0.2355627249337758,1381,0.8133704030597234,159941,纳指ETF,纳指ETF广发,0.1160891486506635,1.0,full_history,False
adaptive_core_overheat_28_cap35_hi30_m6004_m12010_ma120_oh22_ohh34,15.534765843791677,0.2219994241617153,0.1939023046039487,1.14490348433535,39.63391777179336,-0.2355627249337761,1389,0.813958811415122,159941,纳指ETF,纳指ETF广发,0.1160891486506635,1.0,full_history,False
adaptive_core_overheat_28_cap37_hi30_m6004_m12010_ma120_oh22_ohh32,15.52695425234921,0.2219581581885097,0.1941074670793716,1.1434807816937296,39.61283319558321,-0.2355627249337755,1396,0.8143471609296852,159941,纳指ETF,纳指ETF广发,0.1160891486506635,1.0,full_history,False
adaptive_core_overheat_28_cap35_hi30_m6004_m12010_ma120_oh22_ohh38,15.503763373191074,0.221835541902005,0.1939057318598585,1.144038083734071,39.63391777179336,-0.2355627249337757,1381,0.8140176522506619,159941,纳指ETF,纳指ETF广发,0.1160891486506635,1.0,full_history,False
adaptive_core_overheat_28_cap37_hi30_m6004_m12010_ma120_oh22_ohh34,15.488900994462432,0.2217568764437687,0.1941923945301597,1.1419441888046138,39.612833195583335,-0.2355627249337762,1389,0.8145531038540748,159941,纳指ETF,纳指ETF广发,0.1160891486506635,1.0,full_history,False
short_brake_core_28_m6004_m12010_ma120_s05_sc08_mc06_dw80_cap35_hi30,15.466613661124036,0.221638787777179,0.2046626492953005,1.0829469301815997,43.752408293096835,-0.2574634673344722,1375,0.8193427478670197,159941,纳指ETF,纳指ETF广发,0.1160891486506635,1.0,full_history,False
adaptive_core_overheat_28_cap37_hi30_m6004_m12010_ma120_oh22_ohh38,15.445628503805889,0.2215274629108921,0.1941973006989004,1.140733996371899,39.612833195583306,-0.2355627249337759,1381,0.8146354810238305,159941,纳指ETF,纳指ETF广发,0.1160891486506635,1.0,full_history,False
short_brake_core_28_m6005_m12010_ma90_s05_sc08_mc06_dw80_cap30_hi20,15.354178972357808,0.2210407841872466,0.2041674134925105,1.082644778645614,46.76342993562305,-0.260317725230255,1368,0.8174357163871727,159941,纳指ETF,纳指ETF广发,0.1430594900849859,1.0,full_history,False
short_brake_core_28_m6004_m12010_ma120_s05_sc08_mc06_dw100_cap35_hi30,15.264163628084829,0.2205592638636049,0.2047437845108038,1.0772452232950034,43.75036184848199,-0.25748127885042,1387,0.8201665195645779,159941,纳指ETF,纳指ETF广发,0.1160891486506635,1.0,full_history,False
short_brake_core_28_m6004_m12010_ma120_s03_sc09_mc06_dw100_cap35_hi30,15.160517365996473,0.2200017528933724,0.2046574456741176,1.074975563037604,45.19437249705979,-0.2635840250330711,1397,0.8191662253604001,159941,纳指ETF,纳指ETF广发,0.1160891486506635,1.0,full_history,False
short_brake_core_28_m6005_m12010_ma90_s05_sc08_mc06_dw100_cap30_hi20,15.130466245113418,0.2198394876753739,0.2042506124770961,1.0763222935256846,46.91126991045047,-0.2608085654094957,1380,0.8183771697558104,159941,纳指ETF,纳指ETF广发,0.1430594900849859,1.0,full_history,False
short_brake_core_28_m6005_m12010_ma90_s03_sc09_mc06_dw100_cap30_hi20,15.0877704767985,0.2196084625483461,0.2041220139564023,1.0758685861058153,48.42952740916705,-0.2668839646919683,1390,0.817259193880553,159941,纳指ETF,纳指ETF广发,0.1430594900849859,1.0,full_history,False
short_brake_core_28_m6004_m12010_ma120_s03_sc09_mc06_dw80_cap35_hi30,15.000466961679424,0.2191342890593342,0.2045749538141702,1.071168708454845,45.19637877129436,-0.2635663599096066,1381,0.8182394822006472,159941,纳指ETF,纳指ETF广发,0.1160891486506635,1.0,full_history,False
short_brake_core_28_m6005_m12010_ma90_s03_sc09_mc06_dw80_cap30_hi20,14.94407508054911,0.2188267279171338,0.2040386212685828,1.0724769975243311,48.282644966432855,-0.2663971587181228,1374,0.8162294792586055,159941,纳指ETF,纳指ETF广发,0.1430594900849859,1.0,full_history,False
adaptive_core_overheat_28_cap30_hi20_m6005_m12010_ma90_dd02_oh22_ohh30,14.844822547221252,0.2182829432553301,0.1947652559659562,1.120748883946142,43.39079195061298,-0.2411553211366975,1377,0.8139346866725508,159941,纳指ETF,纳指ETF广发,0.1430594900849859,1.0,full_history,False
adaptive_core_overheat_28_cap30_hi20_m6005_m12010_ma90_dd02_oh22_ohh28,14.805621364190838,0.2180672961398462,0.1947461847711585,1.119751313208481,43.390791950612936,-0.2411553211366973,1380,0.8136993233303913,159941,纳指ETF,纳指ETF广发,0.1430594900849859,1.0,full_history,False
adaptive_core_overheat_28_cap35_hi25_m6005_m12010_ma90_dd02_oh22_ohh30,14.786127700836284,0.2179598758506291,0.1954977794324443,1.1148969388982073,43.391384170218615,-0.2411553211366971,1377,0.8152880258899677,159941,纳指ETF,纳指ETF广发,0.1430594900849859,1.0,full_history,False
adaptive_core_overheat_28_cap33_hi25_m6005_m12010_ma90_dd02_oh22_ohh30,14.777594125272024,0.2179128126161325,0.1953019461821664,1.1157738920475269,43.3913841702186,-0.2411553211366972,1377,0.8149173286260665,159941,纳指ETF,纳指ETF广发,0.1430594900849859,1.0,full_history,False
adaptive_core_overheat_28_cap30_hi25_m6005_m12010_ma90_dd02_oh22_ohh30,14.763942876666531,0.2178374759050527,0.1950295847800995,1.116945801585281,43.39138417021874,-0.2411553211366978,1377,0.8143612827302148,159941,纳指ETF,纳指ETF广发,0.1430594900849859,1.0,full_history,False
bear_guard_core_28_m6005_m12010_ma90_bgm06_bgx80_cap30_hi20,14.759786965131823,0.2178145287800292,0.1940818327711868,1.1222819038236418,41.57618279608621,-0.2385148419151812,1507,0.7847790526625478,159941,纳指ETF,纳指ETF广发,0.1430594900849859,1.0,full_history,False
adaptive_core_overheat_28_cap35_hi25_m6005_m12010_ma90_dd02_oh22_ohh28,14.747235460191318,0.2177451907356353,0.1954748147471748,1.1139296436590302,43.39138417021882,-0.2411553211366984,1380,0.8150526625478083,159941,纳指ETF,纳指ETF广发,0.1430594900849859,1.0,full_history,False
adaptive_core_overheat_28_cap33_hi25_m6005_m12010_ma90_dd02_oh22_ohh28,14.746463307092473,0.2177409234692855,0.1952841827457917,1.1149951850054671,43.39138417021878,-0.2411553211366983,1380,0.814729037952339,159941,纳指ETF,纳指ETF广发,0.1430594900849859,1.0,full_history,False
adaptive_core_overheat_28_cap30_hi25_m6005_m12010_ma90_dd02_oh22_ohh28,14.744471208756432,0.2177299133378958,0.1950190554566657,1.116454557879225,43.391384170218714,-0.2411553211366974,1380,0.8142436010591351,159941,纳指ETF,纳指ETF广发,0.1430594900849859,1.0,full_history,False
adaptive_core_overheat_28_cap30_hi20_m6005_m12010_ma90_dd02_oh22_ohh35,14.699524612120335,0.2174811534632736,0.1949427141815328,1.115615704728276,43.3919787110691,-0.241155321136698,1375,0.8146407766990291,159941,纳指ETF,纳指ETF广发,0.1430594900849859,1.0,full_history,False
adaptive_core_overheat_28_cap30_hi25_m6005_m12010_ma90_dd02_oh22_ohh35,14.691128014216009,0.2174346086485128,0.1951270316422783,1.1143233555006893,43.391978711069115,-0.241155321136698,1375,0.814714327743454,159941,纳指ETF,纳指ETF广发,0.1430594900849859,1.0,full_history,False
adaptive_core_overheat_28_cap30_hi20_m6005_m12010_ma90_dd02_oh22_ohh32,14.686271830412132,0.217407678834929,0.1948827151431757,1.1155821524510512,43.38965446864172,-0.2411553211366979,1378,0.8143465725213298,159941,纳指ETF,纳指ETF广发,0.1430594900849859,1.0,full_history,False
adaptive_core_overheat_28_cap30_hi25_m6005_m12010_ma90_dd02_oh22_ohh32,14.684631353912362,0.2173985798751676,0.195093900068533,1.1143279200364506,43.39081654420319,-0.2411553211366975,1378,0.8145672256546043,159941,纳指ETF,纳指ETF广发,0.1430594900849859,1.0,full_history,False
adaptive_core_overheat_28_cap30_hi20_m6005_m12010_ma90_dd03_oh20_ohh30,14.665678154906308,0.2172933911698609,0.1898289912582627,1.144679691597965,43.39079195061312,-0.2411553211366982,1391,0.8043730508973228,159941,纳指ETF,纳指ETF广发,0.1430594900849859,1.0,full_history,False
adaptive_core_overheat_28_cap33_hi25_m6005_m12010_ma90_dd02_oh22_ohh35,14.660795516991568,0.2172662737866488,0.1954661266637895,1.111529028046668,43.39233654787751,-0.2411553211366978,1375,0.8154822006472492,159941,纳指ETF,纳指ETF广发,0.1430594900849859,1.0,full_history,False
adaptive_core_overheat_28_cap33_hi25_m6005_m12010_ma90_dd02_oh22_ohh32,14.650544260423509,0.2172093144090261,0.195410205679507,1.111555630647418,43.39047713598519,-0.2411553211366973,1378,0.8152468373050898,159941,纳指ETF,纳指ETF广发,0.1430594900849859,1.0,full_history,False
adaptive_core_overheat_28_cap30_hi20_m6005_m12010_ma90_dd03_oh20_ohh28,14.642276215577263,0.2171633491691158,0.1898076546906934,1.1441232416205798,43.39079195061288,-0.2411553211366973,1397,0.8041082671373933,159941,纳指ETF,纳指ETF广发,0.1430594900849859,1.0,full_history,False
adaptive_core_overheat_28_cap35_hi25_m6005_m12010_ma90_dd02_oh22_ohh35,14.63988966654651,0.2171500772298547,0.195709857732635,1.1095510453362538,43.392575568598815,-0.2411553211366981,1375,0.8159941159164461,159941,纳指ETF,纳指ETF广发,0.1430594900849859,1.0,full_history,False
adaptive_core_overheat_28_cap35_hi25_m6005_m12010_ma90_dd03_oh20_ohh30,14.638067536910738,0.2171399428412501,0.1907487551260886,1.13835575334537,43.39138417021881,-0.2411553211366983,1391,0.8064030597234481,159941,纳指ETF,纳指ETF广发,0.1430594900849859,1.0,full_history,False
adaptive_core_overheat_28_cap35_hi25_m6005_m12010_ma90_dd02_oh22_ohh32,14.627195218382552,0.2170794499748394,0.19563754414646,1.1096001584048063,43.39025135022744,-0.241155321136697,1378,0.8156999117387467,159941,纳指ETF,纳指ETF广发,0.1430594900849859,1.0,full_history,False
adaptive_core_overheat_28_cap35_hi25_m6005_m12010_ma90_dd03_oh20_ohh28,14.614878322944032,0.2170108723467598,0.1907232610434696,1.1378311757017343,43.39138417021884,-0.2411553211366982,1397,0.8061382759635187,159941,纳指ETF,纳指ETF广发,0.1430594900849859,1.0,full_history,False
adaptive_core_overheat_28_cap33_hi25_m6005_m12010_ma90_dd03_oh20_ohh30,14.588947412411304,0.2168663306898071,0.1904858673434405,1.1384903967642035,43.39138417021872,-0.241155321136698,1391,0.8057793468667255,159941,纳指ETF,纳指ETF广发,0.1430594900849859,1.0,full_history,False
adaptive_core_overheat_28_cap33_hi25_m6005_m12010_ma90_dd03_oh20_ohh28,14.570424236698498,0.216762943776162,0.1904661162237125,1.138065646918334,43.391384170218686,-0.2411553211366974,1397,0.805567519858782,159941,纳指ETF,纳指ETF广发,0.1430594900849859,1.0,full_history,False
adaptive_core_overheat_28_cap30_hi25_m6005_m12010_ma90_dd03_oh20_ohh30,14.514431203029744,0.2164497233864355,0.1901201936254979,1.1384888646431846,43.3913841702187,-0.2411553211366977,1391,0.8048437775816417,159941,纳指ETF,纳指ETF广发,0.1430594900849859,1.0,full_history,False
adaptive_core_overheat_28_cap30_hi25_m6005_m12010_ma90_dd03_oh20_ohh28,14.50288147126186,0.2163849845787113,0.1901084568609618,1.1382186155819842,43.3913841702186,-0.2411553211366971,1397,0.804711385701677,159941,纳指ETF,纳指ETF广发,0.1430594900849859,1.0,full_history,False
adaptive_core_overheat_28_cap30_hi20_m6005_m12010_ma90_dd03_oh20_ohh32,14.454769281335633,0.2161148223473066,0.1899595193198826,1.1376888250774089,43.389654468641595,-0.2411553211366977,1393,0.8048437775816416,159941,纳指ETF,纳指ETF广发,0.1430594900849859,1.0,full_history,False
bear_guard_core_28_m6004_m12010_ma120_bgm06_bgx80_cap35_hi30,14.453815842360864,0.2161094606568219,0.1949990936286073,1.1082587956455898,37.96895451347008,-0.2333261828766221,1502,0.7898929096793176,159941,纳指ETF,纳指ETF广发,0.1561458058744596,1.0,full_history,False
adaptive_core_overheat_28_cap35_hi25_m6005_m12010_ma90_dd03_oh20_ohh32,14.426509302275724,0.2159557710545412,0.1909036096281686,1.131229375259943,43.39025135022762,-0.2411553211366979,1393,0.8068737864077671,159941,纳指ETF,纳指ETF广发,0.1430594900849859,1.0,full_history,False
adaptive_core_overheat_28_cap33_hi25_m6005_m12010_ma90_dd03_oh20_ohh32,14.420166829883,0.2159200375218075,0.1906058936271786,1.1328088204037534,43.39047713598505,-0.2411553211366971,1393,0.8061559282141806,159941,纳指ETF,纳指ETF广发,0.1430594900849859,1.0,full_history,False
adaptive_core_overheat_28_cap30_hi25_m6005_m12010_ma90_dd03_oh20_ohh32,14.409386663210777,0.2158592706666995,0.1901915690323853,1.1349570949169865,43.39081654420322,-0.2411553211366971,1393,0.8050791409238011,159941,纳指ETF,纳指ETF广发,0.1430594900849859,1.0,full_history,False
adaptive_core_overheat_28_cap30_hi20_m6005_m12010_ma90_dd03_oh20_ohh35,14.380211887988612,0.2156946168265643,0.1900549212552819,1.1349067701164293,43.39197871106926,-0.2411553211366981,1386,0.8051674021771109,159941,纳指ETF,纳指ETF广发,0.1430594900849859,1.0,full_history,False
adaptive_core_overheat_28_cap30_hi25_m6005_m12010_ma90_dd03_oh20_ohh35,14.371986068538952,0.2156481403118486,0.1902439741004933,1.133534669528802,43.39197871106906,-0.2411553211366977,1386,0.8052409532215358,159941,纳指ETF,纳指ETF广发,0.1430594900849859,1.0,full_history,False
adaptive_core_overheat_28_cap33_hi25_m6005_m12010_ma90_dd03_oh20_ohh35,14.360148729807248,0.2155812178910583,0.190694056208154,1.130508324054623,43.392336547877406,-0.241155321136697,1386,0.8064148278905562,159941,纳指ETF,纳指ETF广发,0.1430594900849859,1.0,full_history,False
adaptive_core_overheat_28_cap35_hi25_m6005_m12010_ma90_dd03_oh20_ohh35,14.351343336594883,0.2155314055134138,0.1910173814096548,1.1283339972669104,43.39257556859883,-0.2411553211366985,1386,0.8071974110032363,159941,纳指ETF,纳指ETF广发,0.1430594900849859,1.0,full_history,False
short_brake_core_28_m6004_m12010_ma120_s05_sc09_mc06_dw80_cap35_hi30,14.163422300877784,0.2144619560874112,0.2044358803490848,1.0490426422270218,43.75240829309696,-0.2574634673344729,1377,0.8184160047072668,159941,纳指ETF,纳指ETF广发,0.1160891486506635,1.0,full_history,False
adaptive_core_overheat_28_cap35_hi25_m6005_m12010_ma90_dd03_oh24_ohh30,13.980777467247544,0.2134106742451709,0.1970828173148449,1.0828476939430078,43.39138417021891,-0.2411553211366984,1367,0.8167296263606945,159941,纳指ETF,纳指ETF广发,0.1430594900849859,1.0,full_history,False
adaptive_core_overheat_28_cap30_hi20_m6005_m12010_ma90_dd03_oh24_ohh30,13.968007160060388,0.2133367254530951,0.1964245820583095,1.0860999332037025,43.39079195061302,-0.2411553211366978,1367,0.8154939688143572,159941,纳指ETF,纳指ETF广发,0.1430594900849859,1.0,full_history,False
short_brake_core_28_m6004_m12010_ma120_s05_sc09_mc06_dw100_cap35_hi30,13.959695098878552,0.2132885614661133,0.2046031330159274,1.0424501244050342,43.75036184848205,-0.2574812788504205,1396,0.8197693439246837,159941,纳指ETF,纳指ETF广发,0.1160891486506635,1.0,full_history,False
adaptive_core_overheat_28_cap35_hi25_m6005_m12010_ma90_dd03_oh24_ohh28,13.958562928702056,0.2132819992175656,0.197058138237461,1.082330327106584,43.391384170218814,-0.241155321136698,1373,0.8164648426007649,159941,纳指ETF,纳指ETF广发,0.1430594900849859,1.0,full_history,False
adaptive_core_overheat_28_cap30_hi20_m6005_m12010_ma90_dd03_oh24_ohh28,13.945647426126577,0.2132071061382283,0.1964039571967925,1.0855540243753818,43.39079195061301,-0.2411553211366977,1373,0.8152291850544278,159941,纳指ETF,纳指ETF广发,0.1430594900849859,1.0,full_history,False
adaptive_core_overheat_28_cap33_hi25_m6005_m12010_ma90_dd03_oh24_ohh30,13.917925890611135,0.2130461542372763,0.1969251558054079,1.081863580942388,43.3913841702188,-0.2411553211366982,1367,0.8164236540158871,159941,纳指ETF,纳指ETF广发,0.1430594900849859,1.0,full_history,False
adaptive_core_overheat_28_cap33_hi25_m6005_m12010_ma90_dd03_oh24_ohh28,13.900200039389006,0.2129430918919452,0.196906046917377,1.081445162429661,43.39138417021887,-0.2411553211366981,1373,0.8162118270079436,159941,纳指ETF,纳指ETF广发,0.1430594900849859,1.0,full_history,False
adaptive_core_overheat_28_cap33_hi25_m6004_m12010_ma120_oh24_ohh30,13.872443284885778,0.2127814785370676,0.1967301724711451,1.0815904640569396,39.63271759294706,-0.2355627249337752,1377,0.8171979994115917,159941,纳指ETF,纳指ETF广发,0.1160891486506635,1.0,full_history,False
adaptive_core_overheat_28_cap37_hi30_m6004_m12010_ma120_oh24_ohh30,13.850445003275036,0.212653194755833,0.1973974397144642,1.0772844625717346,39.633316515493775,-0.2355627249337759,1377,0.8182806707855252,159941,纳指ETF,纳指ETF广发,0.1160891486506635,1.0,full_history,False
short_brake_core_28_m6005_m12010_ma90_s05_sc09_mc06_dw80_cap30_hi20,13.831806561181194,0.2125443658430819,0.2039140519527762,1.0423232916400698,46.76342993562312,-0.2603177252302553,1370,0.8162294792586055,159941,纳指ETF,纳指ETF广发,0.1430594900849859,1.0,full_history,False
adaptive_core_overheat_28_cap30_hi25_m6005_m12010_ma90_dd03_oh24_ohh30,13.823496121122204,0.2124958006688018,0.1967061171698169,1.0802704243577417,43.39138417021874,-0.2411553211366982,1367,0.8159646954986761,159941,纳指ETF,纳指ETF广发,0.1430594900849859,1.0,full_history,False
adaptive_core_overheat_28_cap30_hi25_m6005_m12010_ma90_dd03_oh24_ohh28,13.81246075657539,0.2124312722867427,0.1966947709834477,1.080004675389257,43.39138417021894,-0.2411553211366985,1373,0.8158323036187114,159941,纳指ETF,纳指ETF广发,0.1430594900849859,1.0,full_history,False
adaptive_core_overheat_28_cap35_hi30_m6004_m12010_ma120_oh24_ohh30,13.7884823481917,0.2122909065118774,0.1972306260006474,1.0763587319911494,39.63331651549374,-0.2355627249337758,1377,0.8179746984407179,159941,纳指ETF,纳指ETF广发,0.1160891486506635,1.0,full_history,False
short_brake_core_28_m6005_m12010_ma90_s03_sc10_mc06_dw80_cap30_hi20,13.781087262454246,0.2122475742215606,0.203024411667796,1.0454288352715742,41.52075317552459,-0.2451485545696698,1386,0.8101982936157693,159941,纳指ETF,纳指ETF广发,0.1430594900849859,1.0,full_history,False
adaptive_core_overheat_28_cap35_hi25_m6005_m12010_ma90_dd03_oh24_ohh32,13.778111564305988,0.2122301321222022,0.1972328904751368,1.0760382389110497,43.39025135022753,-0.2411553211366973,1370,0.8172003530450132,159941,纳指ETF,纳指ETF广发,0.1430594900849859,1.0,full_history,False
adaptive_core_overheat_28_cap30_hi20_m6005_m12010_ma90_dd03_oh24_ohh32,13.766491371936368,0.2121619889432562,0.1965509377221942,1.079424964347546,43.38965446864159,-0.2411553211366974,1370,0.8159646954986761,159941,纳指ETF,纳指ETF广发,0.1430594900849859,1.0,full_history,False
adaptive_core_overheat_28_cap33_hi25_m6005_m12010_ma90_dd03_oh24_ohh32,13.756410614969402,0.2121028329814427,0.1970414179851582,1.0764378126705267,43.39047713598536,-0.2411553211366983,1370,0.8168002353633422,159941,纳指ETF,纳指ETF广发,0.1430594900849859,1.0,full_history,False
adaptive_core_overheat_28_cap30_hi25_m6005_m12010_ma90_dd03_oh24_ohh32,13.723129868003475,0.2119072679023239,0.1967752072898989,1.0769002397244676,43.39081654420325,-0.2411553211366973,1370,0.8162000588408356,159941,纳指ETF,纳指ETF广发,0.1430594900849859,1.0,full_history,False
adaptive_core_overheat_28_cap33_hi25_m6004_m12010_ma120_oh24_ohh32,13.71142044603825,0.2118383631054012,0.1968465456265584,1.076159921583202,39.63180387397784,-0.2355627249337757,1380,0.8175745807590467,159941,纳指ETF,纳指ETF广发,0.1160891486506635,1.0,full_history,False
adaptive_core_overheat_28_cap37_hi30_m6004_m12010_ma120_oh24_ohh32,13.709047227638088,0.2118243915528592,0.1975140964228999,1.0724520193197724,39.61283319558328,-0.235562724933776,1380,0.8186101794645484,159941,纳指ETF,纳指ETF广发,0.1160891486506635,1.0,full_history,False
adaptive_core_overheat_28_cap35_hi25_m6005_m12010_ma90_dd03_oh24_ohh35,13.70610492917531,0.2118070668198004,0.1973430001641734,1.0732940446004875,43.39257556859856,-0.2411553211366971,1363,0.8175239776404826,159941,纳指ETF,纳指ETF广发,0.1430594900849859,1.0,full_history,False
short_brake_core_28_m6005_m12010_ma90_s03_sc10_mc06_dw100_cap30_hi20,13.70596786396444,0.2118062596790357,0.2033409303764876,1.0416312116152635,41.6619513514037,-0.245649460744406,1415,0.8130520741394527,159941,纳指ETF,纳指ETF广发,0.1430594900849859,1.0,full_history,False
adaptive_core_overheat_28_cap33_hi25_m6005_m12010_ma90_dd03_oh24_ohh35,13.69897597507096,0.211765077025765,0.1971266914926844,1.074258769435208,43.39233654787745,-0.2411553211366975,1363,0.8170591350397176,159941,纳指ETF,纳指ETF广发,0.1430594900849859,1.0,full_history,False
bear_guard_core_28_m6004_m12010_ma120_bgm06_bgx70_cap35_hi30,13.697392357296026,0.2117557468937849,0.194249098407583,1.090124734836445,37.10748176642117,-0.2322502290353219,1500,0.784906148867314,159941,纳指ETF,纳指ETF广发,0.1561458058744596,1.0,full_history,False
adaptive_core_overheat_28_cap30_hi20_m6005_m12010_ma90_dd03_oh24_ohh35,13.6952543909417,0.2117431492494812,0.1966431275916209,1.0767889620288145,43.39197871106904,-0.2411553211366975,1363,0.8162883200941454,159941,纳指ETF,纳指ETF广发,0.1430594900849859,1.0,full_history,False
adaptive_core_overheat_28_cap35_hi30_m6004_m12010_ma120_oh24_ohh32,13.687865841968032,0.2116996002319822,0.1973115945651253,1.0729202239664022,39.63274705202648,-0.235562724933776,1380,0.8182100617828774,159941,纳指ETF,纳指ETF广发,0.1160891486506635,1.0,full_history,False
adaptive_core_overheat_28_cap30_hi25_m6005_m12010_ma90_dd03_oh24_ohh35,13.687394908233143,0.2116968238010266,0.196825852348931,1.075553954293222,43.39197871106916,-0.241155321136698,1363,0.8163618711385703,159941,纳指ETF,纳指ETF广发,0.1430594900849859,1.0,full_history,False
adaptive_core_overheat_28_cap33_hi25_m6004_m12010_ma120_oh23_ohh30,13.676937496677276,0.211635149910871,0.1956604732998874,1.0816448838212678,39.63271759294705,-0.2355627249337757,1381,0.8148325978228891,159941,纳指ETF,纳指ETF广发,0.1160891486506635,1.0,full_history,False
adaptive_core_overheat_28_cap37_hi30_m6004_m12010_ma120_oh24_ohh34,13.675179694705124,0.2116247790487671,0.1975975350391166,1.0709889625236144,39.612833195583214,-0.2355627249337757,1373,0.8188161223889379,159941,纳指ETF,纳指ETF广发,0.1160891486506635,1.0,full_history,False
adaptive_core_overheat_28_cap33_hi25_m6004_m12010_ma120_oh24_ohh34,13.67321375402103,0.2116131788218396,0.1969293891686986,1.0745637292388197,39.63367698951748,-0.2355627249337757,1373,0.8178099441012062,159941,纳指ETF,纳指ETF广发,0.1160891486506635,1.0,full_history,False
adaptive_core_overheat_28_cap37_hi30_m6004_m12010_ma120_oh23_ohh30,13.668019543735824,0.21158252292673,0.1963646733261008,1.0774978988983273,39.633316515493775,-0.2355627249337759,1381,0.8160564872021182,159941,纳指ETF,纳指ETF广发,0.1160891486506635,1.0,full_history,False
adaptive_core_overheat_28_cap35_hi30_m6004_m12010_ma120_oh24_ohh34,13.663770900884076,0.211557440214342,0.1973694872103646,1.0718852402390615,39.6339177717933,-0.2355627249337756,1373,0.8183571638717271,159941,纳指ETF,纳指ETF广发,0.1160891486506635,1.0,full_history,False
short_brake_core_28_m6004_m12010_ma120_s05_sc08_mc08_dw80_cap35_hi30,13.65820885670368,0.2115245933731386,0.20407603726576,1.0364989256317176,57.91453064273291,-0.2891668903046516,1380,0.8186807884671962,159941,纳指ETF,纳指ETF广发,0.1160891486506635,1.0,full_history,False
adaptive_core_overheat_28_cap37_hi30_m6004_m12010_ma120_oh24_ohh38,13.636667026308771,0.2113972680550164,0.1976023256840479,1.0698116397325488,39.61283319558329,-0.2355627249337758,1365,0.8188984995586936,159941,纳指ETF,纳指ETF广发,0.1160891486506635,1.0,full_history,False
adaptive_core_overheat_28_cap35_hi30_m6004_m12010_ma120_oh24_ohh38,13.63627652143265,0.2113949583283885,0.1973728314041998,1.0710438555520987,39.63391777179341,-0.2355627249337764,1365,0.8184160047072669,159941,纳指ETF,纳指ETF广发,0.1160891486506635,1.0,full_history,False
adaptive_core_overheat_28_cap33_hi25_m6004_m12010_ma120_oh24_ohh38,13.629239404045329,0.2113533259466042,0.1969342697571035,1.073217608125214,39.63367698951754,-0.235562724933776,1365,0.81790408943807,159941,纳指ETF,纳指ETF广发,0.1160891486506635,1.0,full_history,False
bear_guard_core_28_m6005_m12010_ma90_bgm06_bgx70_cap30_hi20,13.6138794488507,0.2112623900877019,0.1931914396320145,1.0935390848068034,40.751799222411705,-0.2372364331608569,1503,0.7793656957928804,159941,纳指ETF,纳指ETF广发,0.1430594900849859,1.0,full_history,False
short_brake_core_28_m6005_m12010_ma90_s05_sc09_mc06_dw100_cap30_hi20,13.612022156829983,0.2112513883097551,0.2040840876962956,1.0351193505302838,46.91126991045057,-0.2608085654094959,1389,0.8177005001471019,159941,纳指ETF,纳指ETF广发,0.1430594900849859,1.0,full_history,False
adaptive_core_overheat_28_cap35_hi30_m6004_m12010_ma120_oh23_ohh30,13.60046672206017,0.2111829098311051,0.196179769110888,1.0764764929034896,39.63331651549379,-0.235562724933776,1381,0.8156799058546632,159941,纳指ETF,纳指ETF广发,0.1160891486506635,1.0,full_history,False
short_brake_core_28_m6004_m12010_ma120_s03_sc10_mc06_dw100_cap35_hi30,13.543074004211809,0.210842048297664,0.2039199724609359,1.0339450606686118,38.5385458945977,-0.2422539392426099,1414,0.8153709914680788,159941,纳指ETF,纳指ETF广发,0.1160891486506635,1.0,full_history,False
adaptive_core_overheat_28_cap37_hi30_m6004_m12010_ma120_oh23_ohh32,13.52835856283388,0.2107544505337255,0.1964817714552858,1.0726412377734889,39.61283319558333,-0.2355627249337759,1383,0.8163859958811415,159941,纳指ETF,纳指ETF广发,0.1160891486506635,1.0,full_history,False
short_brake_core_28_m6004_m12010_ma120_s03_sc10_mc06_dw80_cap35_hi30,13.525870534676294,0.2107396317113952,0.2036170178910017,1.0349804446316284,38.54097091612376,-0.2422357624537122,1383,0.8128408355398646,159941,纳指ETF,纳指ETF广发,0.1160891486506635,1.0,full_history,False
short_brake_core_28_m6005_m12010_ma90_s05_sc08_mc08_dw80_cap30_hi20,13.525301919864347,0.2107362446817755,0.2035464020588391,1.0353228676616844,64.9218459498875,-0.300508944789573,1372,0.816406001765225,159941,纳指ETF,纳指ETF广发,0.1430594900849859,1.0,full_history,False
adaptive_core_overheat_28_cap33_hi25_m6004_m12010_ma120_oh23_ohh32,13.518031189863551,0.2106929247579916,0.1957772724522801,1.0761868429306427,39.63180387397779,-0.2355627249337759,1383,0.8152091791703442,159941,纳指ETF,纳指ETF广发,0.1160891486506635,1.0,full_history,False
adaptive_core_overheat_28_cap35_hi30_m6004_m12010_ma120_oh23_ohh32,13.501129301273243,0.2105921432838358,0.1962610444418148,1.073020598065092,39.6327470520265,-0.2355627249337762,1383,0.8159152691968227,159941,纳指ETF,纳指ETF广发,0.1160891486506635,1.0,full_history,False
adaptive_core_overheat_28_cap37_hi30_m6004_m12010_ma120_oh23_ohh34,13.494907064958223,0.2105550142710159,0.1965656447753908,1.0711689446627886,39.61283319558326,-0.2355627249337761,1376,0.816591938805531,159941,纳指ETF,纳指ETF广发,0.1160891486506635,1.0,full_history,False
adaptive_core_overheat_28_cap33_hi25_m6004_m12010_ma120_oh23_ohh34,13.480326744640095,0.2104679533202365,0.1958605639975264,1.074580553760146,39.6336769895176,-0.2355627249337761,1376,0.8154445425125036,159941,纳指ETF,纳指ETF广发,0.1160891486506635,1.0,full_history,False
adaptive_core_overheat_28_cap35_hi30_m6004_m12010_ma120_oh23_ohh34,13.477340695091504,0.2104501131961709,0.1963192443015594,1.071979030608459,39.63391777179332,-0.2355627249337758,1376,0.8160623712856724,159941,纳指ETF,纳指ETF广发,0.1160891486506635,1.0,full_history,False
adaptive_core_overheat_28_cap37_hi30_m6004_m12010_ma120_oh23_ohh38,13.456867493324838,0.2103277041507134,0.1965704561734042,1.0699863460924834,39.612833195583214,-0.2355627249337754,1368,0.816674315975287,159941,纳指ETF,纳指ETF广发,0.1160891486506635,1.0,full_history,False
adaptive_core_overheat_28_cap35_hi30_m6004_m12010_ma120_oh23_ohh38,13.450195869847768,0.2102877798137685,0.1963226031421652,1.0711338197848292,39.63391777179344,-0.2355627249337761,1368,0.8161212121212121,159941,纳指ETF,纳指ETF广发,0.1160891486506635,1.0,full_history,False
adaptive_core_overheat_28_cap33_hi25_m6004_m12010_ma120_oh23_ohh38,13.436930460315102,0.2102083460598101,0.1958654658576683,1.0732282239716748,39.63367698951743,-0.2355627249337752,1368,0.8155386878493674,159941,纳指ETF,纳指ETF广发,0.1160891486506635,1.0,full_history,False
short_brake_core_28_m6005_m12010_ma90_s05_sc10_mc06_dw80_cap30_hi20,13.42996009022078,0.210166580065074,0.2030962277984522,1.034812819239746,41.520753175524575,-0.2451485545696698,1386,0.8111397469844073,159941,纳指ETF,纳指ETF广发,0.1430594900849859,1.0,full_history,False
short_brake_core_28_m6004_m12010_ma120_s05_sc08_mc08_dw100_cap35_hi30,13.414958213582423,0.210076626233052,0.2041800048994863,1.028879523910622,58.012300277041994,-0.2894301099778712,1397,0.8203283318623124,159941,纳指ETF,纳指ETF广发,0.1160891486506635,1.0,full_history,False
short_brake_core_28_m6004_m12010_ma120_s05_sc10_mc06_dw80_cap35_hi30,13.389921075087155,0.2099263054682636,0.2037159361214425,1.0304854370505354,38.54097091612368,-0.2422357624537117,1383,0.8140764930862019,159941,纳指ETF,纳指ETF广发,0.1160891486506635,1.0,full_history,False
adaptive_core_overheat_28_cap35_hi25_m6005_m12010_ma90_dd02_oh20_ohh30,13.322524469390826,0.209520452200757,0.1932489233780187,1.0841998420395291,43.39138417021865,-0.2411553211366973,1382,0.8105072080023535,159941,纳指ETF,纳指ETF广发,0.1430594900849859,1.0,full_history,False
adaptive_core_overheat_28_cap35_hi25_m6005_m12010_ma90_dd02_oh20_ohh28,13.287238104117291,0.2093072546705949,0.1932256619278655,1.0832270029885211,43.39138417021851,-0.2411553211366969,1385,0.8102718446601941,159941,纳指ETF,纳指ETF广发,0.1430594900849859,1.0,full_history,False
adaptive_core_overheat_28_cap33_hi25_m6005_m12010_ma90_dd02_oh20_ohh30,13.270694624927234,0.2092071318328052,0.1930163281999104,1.0838830775815285,43.391384170218686,-0.2411553211366975,1382,0.8099894086496028,159941,纳指ETF,纳指ETF广发,0.1430594900849859,1.0,full_history,False
adaptive_core_overheat_28_cap30_hi20_m6005_m12010_ma90_dd02_oh20_ohh30,13.265199821790777,0.2091738528750832,0.1924253953441229,1.0870387066167035,43.390791950612936,-0.2411553211366974,1382,0.8087861135628127,159941,纳指ETF,纳指ETF广发,0.1430594900849859,1.0,full_history,False
adaptive_core_overheat_28_cap33_hi25_m6005_m12010_ma90_dd02_oh20_ohh28,13.242537074660886,0.2090364713552253,0.1929983300497772,1.0830998967779233,43.391384170218714,-0.2411553211366979,1385,0.8098011179758753,159941,纳指ETF,纳指ETF广发,0.1430594900849859,1.0,full_history,False
short_brake_core_28_m6005_m12010_ma90_s05_sc08_mc08_dw100_cap30_hi20,13.2417996106149,0.2090319974407373,0.20366016894917,1.026376431480365,65.75484423657458,-0.3024537761960619,1389,0.8182889085025006,159941,纳指ETF,纳指ETF广发,0.1430594900849859,1.0,full_history,False
adaptive_core_overheat_28_cap30_hi20_m6005_m12010_ma90_dd02_oh20_ohh28,13.229906734253015,0.2089598181511018,0.1924060603300234,1.086035532314755,43.390791950612865,-0.2411553211366972,1385,0.8085507502206531,159941,纳指ETF,纳指ETF广发,0.1430594900849859,1.0,full_history,False
short_brake_core_28_m6004_m12010_ma120_s05_sc10_mc06_dw100_cap35_hi30,13.192501750700574,0.2087324371345769,0.2039148489969215,1.0236254895675994,38.53854589459756,-0.2422539392426087,1410,0.8162536040011767,159941,纳指ETF,纳指ETF广发,0.1160891486506635,1.0,full_history,False
adaptive_core_overheat_28_cap30_hi25_m6005_m12010_ma90_dd02_oh20_ohh30,13.192383312893629,0.2087317162800936,0.192692878163299,1.0832352408125971,43.391384170218615,-0.2411553211366974,1382,0.8092127096204766,159941,纳指ETF,纳指ETF广发,0.1430594900849859,1.0,full_history,False
adaptive_core_overheat_28_cap35_hi25_m6005_m12010_ma90_dd02_oh20_ohh35,13.189844824061527,0.2087162647940854,0.1934633650275892,1.0788412822464917,43.39257556859867,-0.2411553211366977,1380,0.8112132980288321,159941,纳指ETF,纳指ETF广发,0.1430594900849859,1.0,full_history,False
adaptive_core_overheat_28_cap35_hi25_m6005_m12010_ma90_dd02_oh20_ohh32,13.178327335548852,0.2086461269257387,0.193390199743715,1.0788867646977,43.390251350227416,-0.2411553211366968,1383,0.8109190938511328,159941,纳指ETF,纳指ETF广发,0.1430594900849859,1.0,full_history,False
adaptive_core_overheat_28_cap30_hi25_m6005_m12010_ma90_dd02_oh20_ohh28,13.174852839909574,0.2086249579572638,0.1926822052236758,1.0827411784865175,43.39138417021865,-0.2411553211366975,1385,0.8090950279493969,159941,纳指ETF,纳指ETF广发,0.1430594900849859,1.0,full_history,False
adaptive_core_overheat_28_cap33_hi25_m6005_m12010_ma90_dd02_oh20_ohh35,13.1650513146638,0.2085652144841085,0.1931823670211996,1.0796286312260626,43.39233654787736,-0.2411553211366971,1380,0.8105542806707855,159941,纳指ETF,纳指ETF广发,0.1430594900849859,1.0,full_history,False
adaptive_core_overheat_28_cap33_hi25_m6005_m12010_ma90_dd02_oh20_ohh32,13.155779143580943,0.2085086622539875,0.1931257751159982,1.0796521703472766,43.390477135985165,-0.2411553211366973,1383,0.8103189173286262,159941,纳指ETF,纳指ETF广发,0.1430594900849859,1.0,full_history,False
short_brake_core_28_m6005_m12010_ma90_s05_sc10_mc06_dw100_cap30_hi20,13.142913425137964,0.2084301354904425,0.2033089348810359,1.0251892550241497,41.6619513514035,-0.2456494607444055,1411,0.8136404824948514,159941,纳指ETF,纳指ETF广发,0.1430594900849859,1.0,full_history,False
adaptive_core_overheat_28_cap30_hi20_m6005_m12010_ma90_dd02_oh20_ohh35,13.134387118036456,0.2083780580579395,0.1926048991913366,1.0818938611262094,43.39197871106927,-0.2411553211366985,1380,0.809492203589291,159941,纳指ETF,纳指ETF广发,0.1430594900849859,1.0,full_history,False
adaptive_core_overheat_28_cap30_hi25_m6005_m12010_ma90_dd02_oh20_ohh35,13.126827604727229,0.2083318612583311,0.1927914510594469,1.080607361547854,43.39197871106898,-0.2411553211366973,1380,0.8095657546337158,159941,纳指ETF,纳指ETF广发,0.1430594900849859,1.0,full_history,False
adaptive_core_overheat_28_cap30_hi20_m6005_m12010_ma90_dd02_oh20_ohh32,13.122455549935989,0.2083051327987162,0.1925441590358345,1.081856410715364,43.38965446864185,-0.2411553211366985,1383,0.8091979994115918,159941,纳指ETF,纳指ETF广发,0.1430594900849859,1.0,full_history,False
adaptive_core_overheat_28_cap30_hi25_m6005_m12010_ma90_dd02_oh20_ohh32,13.120978617960231,0.2082961018717941,0.192757911734086,1.0806098696438642,43.39081654420322,-0.2411553211366972,1383,0.8094186525448661,159941,纳指ETF,纳指ETF广发,0.1430594900849859,1.0,full_history,False
bear_guard_core_28_m6004_m12010_ma120_bgm06_bgx60_cap35_hi30,13.083636130262471,0.2080674735906831,0.1935706830371709,1.0748914573532211,36.24820838976666,-0.2312026192837469,1500,0.7797281553398059,159941,纳指ETF,纳指ETF广发,0.1561458058744596,1.0,full_history,False
adaptive_core_overheat_28_cap35_hi25_m6005_m12010_ma90_dd02_oh24_ohh30,13.02712295201945,0.2077204005489876,0.1989323207132045,1.0441762294044348,43.39138417021876,-0.2411553211366981,1358,0.8191126802000589,159941,纳指ETF,纳指ETF广发,0.1430594900849859,1.0,full_history,False
adaptive_core_overheat_28_cap35_hi25_m6005_m12010_ma90_dd02_oh24_ohh28,12.99256436667515,0.2075075203070251,0.1989097224063013,1.0432246236971845,43.39138417021856,-0.2411553211366971,1361,0.8188773168578994,159941,纳指ETF,纳指ETF广发,0.1430594900849859,1.0,full_history,False
adaptive_core_overheat_28_cap33_hi25_m6005_m12010_ma90_dd02_oh24_ohh30,12.970740361440612,0.2073728332041318,0.1987933306709512,1.0431578992324528,43.391384170218714,-0.241155321136698,1358,0.8188596646072375,159941,纳指ETF,纳指ETF广发,0.1430594900849859,1.0,full_history,False
adaptive_core_overheat_28_cap30_hi20_m6005_m12010_ma90_dd02_oh24_ohh30,12.957302438340111,0.2072898036913948,0.1983406352912269,1.0451201963078702,43.390791950612886,-0.2411553211366972,1358,0.8180535451603413,159941,纳指ETF,纳指ETF广发,0.1430594900849859,1.0,full_history,False
bear_guard_core_28_m6005_m12010_ma90_bgm06_bgx60_cap30_hi20,12.945003928151277,0.2072137492426664,0.192489892654052,1.0764915829376895,39.84930059406008,-0.2359860769673799,1503,0.7739817593409827,159941,纳指ETF,纳指ETF广发,0.1430594900849859,1.0,full_history,False
adaptive_core_overheat_28_cap33_hi25_m6005_m12010_ma90_dd02_oh24_ohh28,12.943174651829066,0.2072024316088154,0.1987758543609817,1.0423923583421295,43.39138417021877,-0.2411553211366981,1361,0.8186713739335097,159941,纳指ETF,纳指ETF广发,0.1430594900849859,1.0,full_history,False
adaptive_core_overheat_28_cap30_hi20_m6005_m12010_ma90_dd02_oh24_ohh28,12.922771110149862,0.2070761024611842,0.1983218753512415,1.044141510332324,43.39079195061285,-0.2411553211366969,1361,0.8178181818181819,159941,纳指ETF,纳指ETF广发,0.1430594900849859,1.0,full_history,False
adaptive_core_overheat_28_cap35_hi25_m6005_m12010_ma90_dd02_oh24_ohh35,12.89718004519568,0.2069174113649112,0.1991408646588393,1.0390504817752722,43.39257556859867,-0.2411553211366975,1357,0.8198187702265372,159941,纳指ETF,纳指ETF广发,0.1430594900849859,1.0,full_history,False
adaptive_core_overheat_28_cap30_hi25_m6005_m12010_ma90_dd02_oh24_ohh30,12.88605770879718,0.2068483567573495,0.1986002717246454,1.0415310863428218,43.39138417021871,-0.2411553211366977,1358,0.8184801412180054,159941,纳指ETF,纳指ETF广发,0.1430594900849859,1.0,full_history,False
adaptive_core_overheat_28_cap35_hi25_m6005_m12010_ma90_dd02_oh24_ohh32,12.885900104258118,0.2068473778781709,0.1990697854760818,1.039069677919674,43.39025135022763,-0.241155321136698,1360,0.8195245660488379,159941,纳指ETF,纳指ETF广发,0.1430594900849859,1.0,full_history,False
adaptive_core_overheat_28_cap30_hi25_m6005_m12010_ma90_dd02_oh24_ohh28,12.868905610086742,0.2067417647777216,0.1985899154601734,1.0410486569706157,43.39138417021879,-0.2411553211366982,1361,0.8183624595469255,159941,纳指ETF,纳指ETF广发,0.1430594900849859,1.0,full_history,False
adaptive_core_overheat_28_cap33_hi25_m6005_m12010_ma90_dd02_oh24_ohh35,12.86731774294867,0.2067318907636546,0.1989547318603355,1.0390900926587592,43.3923365478774,-0.2411553211366972,1357,0.8194245366284202,159941,纳指ETF,纳指ETF广发,0.1430594900849859,1.0,full_history,False
adaptive_core_overheat_28_cap33_hi25_m6005_m12010_ma90_dd02_oh24_ohh32,12.858240462555122,0.206675424320005,0.1988997818517613,1.0390932679556124,43.390477135984995,-0.241155321136697,1360,0.8191891732862606,159941,纳指ETF,纳指ETF广发,0.1430594900849859,1.0,full_history,False
adaptive_core_overheat_28_cap30_hi20_m6005_m12010_ma90_dd02_oh24_ohh35,12.829313413430638,0.2064952503349169,0.1985150310668006,1.04019957191771,43.391978711069086,-0.2411553211366977,1357,0.8187596351868196,159941,纳指ETF,纳指ETF广发,0.1430594900849859,1.0,full_history,False
adaptive_core_overheat_28_cap30_hi25_m6005_m12010_ma90_dd02_oh24_ohh35,12.82191706310187,0.2064491255158365,0.1986960340699851,1.039019860069882,43.39197871106916,-0.2411553211366981,1357,0.8188331862312445,159941,纳指ETF,纳指ETF广发,0.1430594900849859,1.0,full_history,False
adaptive_core_overheat_28_cap30_hi20_m6005_m12010_ma90_dd02_oh24_ohh32,12.81763937384211,0.2064224387025839,0.1984560991527309,1.0401415707749155,43.38965446864134,-0.2411553211366964,1360,0.8184654310091203,159941,纳指ETF,纳指ETF广发,0.1430594900849859,1.0,full_history,False
adaptive_core_overheat_28_cap30_hi25_m6005_m12010_ma90_dd02_oh24_ohh32,12.816194319662351,0.2064134218470021,0.198663491266432,1.0390103412114935,43.39081654420344,-0.2411553211366983,1360,0.8186860841423949,159941,纳指ETF,纳指ETF广发,0.1430594900849859,1.0,full_history,False
short_brake_core_28_m6005_m12010_ma90_s03_sc08_mc08_dw80_cap30_hi20,12.647322526065292,0.2053536164895746,0.2032036369989319,1.0105804183546874,62.9573683115624,-0.2948906951913305,1388,0.816406001765225,159941,纳指ETF,纳指ETF广发,0.1430594900849859,1.0,full_history,False
short_brake_core_28_m6004_m12010_ma120_s03_sc08_mc08_dw80_cap35_hi30,12.621632724249734,0.205191326415244,0.2037515832400485,1.007066169265047,59.864273311286254,-0.2921698461602162,1394,0.8185631067961164,159941,纳指ETF,纳指ETF广发,0.1160891486506635,1.0,full_history,False
short_brake_core_28_m6005_m12010_ma90_s03_sc08_mc08_dw100_cap30_hi20,12.485784284778472,0.2043283777523987,0.2032904669657519,1.0051055556226436,63.461655107989905,-0.296025431147671,1400,0.8179947043248013,159941,纳指ETF,纳指ETF广发,0.1430594900849859,1.0,full_history,False
short_brake_core_28_m6004_m12010_ma120_s03_sc08_mc08_dw100_cap35_hi30,12.479295174348682,0.204286955352295,0.2038363044185736,1.0022108472531763,60.15927052022042,-0.2928566645585783,1406,0.820034127684613,159941,纳指ETF,纳指ETF广发,0.1160891486506635,1.0,full_history,False
short_brake_core_28_m6005_m12010_ma90_s03_sc09_mc08_dw80_cap30_hi20,11.725375375404452,0.1993436462120428,0.2023128811450367,0.9853235497602086,75.19406755124183,-0.3052348663581214,1422,0.80984524860253,159941,纳指ETF,纳指ETF广发,0.1430594900849859,1.0,full_history,False
short_brake_core_28_m6004_m12010_ma120_s03_sc09_mc08_dw80_cap35_hi30,11.72261267590032,0.1993250367076187,0.2028682298276111,0.982534509602596,70.55990993912428,-0.2986893247267742,1425,0.8121053250956164,159941,纳指ETF,纳指ETF广发,0.1160891486506635,1.0,full_history,False
short_brake_core_28_m6004_m12010_ma120_s03_sc09_mc08_dw100_cap35_hi30,11.511033227776592,0.1978885729275328,0.2030752101089129,0.9744595257166128,71.23840944659642,-0.2993698171756086,1446,0.8149296852015299,159941,纳指ETF,纳指ETF广发,0.1160891486506635,1.0,full_history,False
short_brake_core_28_m6005_m12010_ma90_s03_sc09_mc08_dw100_cap30_hi20,11.506134197703222,0.1978550457758245,0.2025228309468649,0.9769518076099526,76.05535145076894,-0.3062513444531555,1443,0.8129049720506031,159941,纳指ETF,纳指ETF广发,0.1430594900849859,1.0,full_history,False
short_brake_core_28_m6004_m12010_ma120_s05_sc09_mc08_dw80_cap35_hi30,10.88636283253831,0.1935119557873539,0.2026700040656772,0.9548130058982206,75.30268407484621,-0.3186151953088003,1406,0.8142971462194764,159941,纳指ETF,纳指ETF广发,0.1160891486506635,1.0,full_history,False
short_brake_core_28_m6004_m12010_ma120_s05_sc10_mc08_dw80_cap35_hi30,10.82345160529552,0.1930594128556055,0.2007762483608025,0.961564998010474,57.478330781831374,-0.272810651351095,1419,0.8068832009414534,159941,纳指ETF,纳指ETF广发,0.1160891486506635,1.0,full_history,False
short_brake_core_28_m6005_m12010_ma90_s05_sc10_mc08_dw80_cap30_hi20,10.637724295864738,0.1917102455792787,0.2001893156807216,0.957644742065226,64.54409183797621,-0.2836974192653907,1408,0.8040494263018535,159941,纳指ETF,纳指ETF广发,0.1430594900849859,1.0,full_history,False
short_brake_core_28_m6005_m12010_ma90_s05_sc09_mc08_dw80_cap30_hi20,10.58975553368706,0.1913585410539409,0.2021126386943441,0.9467915628143044,82.56714055300942,-0.3294873725816298,1398,0.8117575757575758,159941,纳指ETF,纳指ETF广发,0.1430594900849859,1.0,full_history,False
short_brake_core_28_m6004_m12010_ma120_s05_sc09_mc08_dw100_cap35_hi30,10.54230562527234,0.1910093084228799,0.2029780941463931,0.9410341013701652,75.82638767135117,-0.3193274741118266,1434,0.817474551338629,159941,纳指ETF,纳指ETF广发,0.1160891486506635,1.0,full_history,False
short_brake_core_28_m6004_m12010_ma120_s05_sc10_mc08_dw100_cap35_hi30,10.414293389395048,0.1900604424459699,0.2011385678910582,0.9449229177614088,57.922543238683886,-0.2737707844692317,1458,0.8118846719623418,159941,纳指ETF,纳指ETF广发,0.1160891486506635,1.0,full_history,False
short_brake_core_28_m6005_m12010_ma90_s05_sc09_mc08_dw100_cap30_hi20,10.220833129906646,0.1886075364005426,0.2024315513774442,0.93171017619123,84.04684657420222,-0.3318031670810069,1426,0.8151703442188879,159941,纳指ETF,纳指ETF广发,0.1430594900849859,1.0,full_history,False
short_brake_core_28_m6005_m12010_ma90_s05_sc10_mc08_dw100_cap30_hi20,10.20160081827782,0.1884618312046317,0.2005617847615785,0.9396696954440708,65.96787629121275,-0.2863678301563911,1448,0.8092862606649015,159941,纳指ETF,纳指ETF广发,0.1430594900849859,1.0,full_history,False
short_brake_core_28_m6005_m12010_ma90_s03_sc10_mc08_dw80_cap30_hi20,9.023420239860052,0.1790605609001172,0.2010446197403612,0.8906508472167259,79.16710072439824,-0.3197761446783163,1448,0.7979593998234775,159941,纳指ETF,纳指ETF广发,0.1430594900849859,1.0,full_history,False
short_brake_core_28_m6005_m12010_ma90_s03_sc10_mc08_dw100_cap30_hi20,8.840696208813512,0.1775113746012704,0.2016500768288801,0.8802941084515737,80.10179904778073,-0.32082235657484,1492,0.8043730508973227,159941,纳指ETF,纳指ETF广发,0.1430594900849859,1.0,full_history,False
short_brake_core_28_m6004_m12010_ma120_s03_sc10_mc08_dw80_cap35_hi30,8.666618256942975,0.1760104449906598,0.2015045413036752,0.8734812816223592,74.56856048971517,-0.3133675997642894,1448,0.8006313621653427,159941,纳指ETF,纳指ETF广发,0.1160891486506635,1.0,full_history,False
short_brake_core_28_m6004_m12010_ma120_s03_sc10_mc08_dw100_cap35_hi30,8.42025680581609,0.1738428057515597,0.2020336252680694,0.8604647148260367,75.3185969814107,-0.3140853640889296,1492,0.8066919682259488,159941,纳指ETF,纳指ETF广发,0.1160891486506635,1.0,full_history,False
