total_return,annualized_return,annualized_volatility,sharpe_rf0,max_drawdown,max_drawdown_integral,trade_count,avg_exposure,latest_holding_code,latest_holding_theme,latest_holding_name,latest_momentum,latest_exposure,strategy,ratio_cut,breadth_cut,risk_cap,short_ratio_cut,annualized_diff,sharpe_diff,max_drawdown_integral_diff,is_valid_change,drawdown_integral_definition,drawdown_integral_recomputed
26.0670780437231,0.2658064043207835,0.2097299607004818,1.2673745011585882,-0.2307938148462863,43.26820553457456,1557,0.821172109443954,159941,纳指ETF,纳指ETF广发,0.1170523751304608,1.0,regime_mix_rm511580_rm513650_volume_guard_ag28_co27_vr91_vs90_vb01_vg30_cap08_hi04_dd02_rm06_vm16_oh25_ohh32__proxy_hybrid_breadth_blend_vr91_vs90_vb-1__stressbond_511260_vr900_vb-10_cap15_vsna,0.9,-0.03,0.15,,0.000486115755754,0.0028226790390588,0.0426183275504428,False,full_history,False
25.980588573081917,0.265516924280728,0.2121104938380241,1.251785894588917,-0.2463965761154323,45.350053165305525,1478,0.821172109443954,159941,纳指ETF,纳指ETF广发,0.1170523751304608,1.0,regime_mix_rm511580_rm513650_volume_guard_ag28_co27_vr91_vs90_vb01_vg30_cap08_hi04_dd02_rm06_vm16_oh25_ohh32__proxy_hybrid_breadth_blend_vr91_vs90_vb-1__stressbond_511260_vr900_vb-10_cap15_vs90,0.9,-0.03,0.15,0.9,0.0001966357156986,-0.012765927530612,2.124465958281405,False,full_history,False
25.980588573081917,0.265516924280728,0.2121104938380241,1.251785894588917,-0.2463965761154323,45.350053165305525,1478,0.821172109443954,159941,纳指ETF,纳指ETF广发,0.1170523751304608,1.0,regime_mix_rm511580_rm513650_volume_guard_ag28_co27_vr91_vs90_vb01_vg30_cap08_hi04_dd02_rm06_vm16_oh25_ohh32__proxy_hybrid_breadth_blend_vr91_vs90_vb-1__stressbond_511260_vr900_vb-05_cap15_vs90,0.9,-0.0249999999999999,0.15,0.9,0.0001966357156986,-0.012765927530612,2.124465958281405,False,full_history,False
25.92198512362616,0.2653202885650294,0.2098136936138553,1.264551822119529,-0.2311905757856697,43.22558720702412,1557,0.821172109443954,159941,纳指ETF,纳指ETF广发,0.1170523751304608,1.0,regime_mix_rm511580_rm513650_volume_guard_ag28_co27_vr91_vs90_vb01_vg30_cap08_hi04_dd02_rm06_vm16_oh25_ohh32__proxy_hybrid_breadth_blend_vr91_vs90_vb-1__stressbond_511260_vr90_vb-1_cap20,,,,,0.0,0.0,0.0,False,full_history,False
25.92198512362616,0.2653202885650294,0.2098136936138553,1.264551822119529,-0.2311905757856697,43.22558720702412,1557,0.821172109443954,159941,纳指ETF,纳指ETF广发,0.1170523751304608,1.0,regime_mix_rm511580_rm513650_volume_guard_ag28_co27_vr91_vs90_vb01_vg30_cap08_hi04_dd02_rm06_vm16_oh25_ohh32__proxy_hybrid_breadth_blend_vr91_vs90_vb-1__stressbond_511260_vr900_vb-10_cap20_vsna,0.9,-0.03,0.2,,0.0,0.0,0.0,False,full_history,False
25.88290238357825,0.2651889308395438,0.2121063100670566,1.2502642224821383,-0.2491250802278184,45.88278414674586,1481,0.821172109443954,159941,纳指ETF,纳指ETF广发,0.1170523751304608,1.0,regime_mix_rm511580_rm513650_volume_guard_ag28_co27_vr91_vs90_vb01_vg30_cap08_hi04_dd02_rm06_vm16_oh25_ohh32__proxy_hybrid_breadth_blend_vr91_vs90_vb-1__stressbond_511260_vr905_vb-10_cap15_vs90,0.905,-0.03,0.15,0.9,-0.0001313577254855,-0.014287599637391,2.657196939721743,False,full_history,False
25.88290238357825,0.2651889308395438,0.2121063100670566,1.2502642224821383,-0.2491250802278184,45.88278414674586,1481,0.821172109443954,159941,纳指ETF,纳指ETF广发,0.1170523751304608,1.0,regime_mix_rm511580_rm513650_volume_guard_ag28_co27_vr91_vs90_vb01_vg30_cap08_hi04_dd02_rm06_vm16_oh25_ohh32__proxy_hybrid_breadth_blend_vr91_vs90_vb-1__stressbond_511260_vr905_vb-05_cap15_vs90,0.905,-0.0249999999999999,0.15,0.9,-0.0001313577254855,-0.014287599637391,2.657196939721743,False,full_history,False
25.858520692234787,0.2651068937321588,0.211441836833683,1.253805290864399,-0.2463965761154337,45.350053165305894,1515,0.821172109443954,159941,纳指ETF,纳指ETF广发,0.1170523751304608,1.0,regime_mix_rm511580_rm513650_volume_guard_ag28_co27_vr91_vs90_vb01_vg30_cap08_hi04_dd02_rm06_vm16_oh25_ohh32__proxy_hybrid_breadth_blend_vr91_vs90_vb-1__stressbond_511260_vr900_vb-15_cap15_vs95,0.9,-0.0349999999999999,0.15,0.95,-0.0002133948328706,-0.0107465312551302,2.124465958281774,False,full_history,False
25.847956795012415,0.2650713279011165,0.2121159901974159,1.249652737893146,-0.2470159292478125,45.555325509126945,1480,0.821172109443954,159941,纳指ETF,纳指ETF广发,0.1170523751304608,1.0,regime_mix_rm511580_rm513650_volume_guard_ag28_co27_vr91_vs90_vb01_vg30_cap08_hi04_dd02_rm06_vm16_oh25_ohh32__proxy_hybrid_breadth_blend_vr91_vs90_vb-1__stressbond_511260_vr890_vb-10_cap15_vs90,0.89,-0.03,0.15,0.9,-0.0002489606639128,-0.0148990842263831,2.3297383021028253,False,full_history,False
25.847956795012415,0.2650713279011165,0.2121159901974159,1.249652737893146,-0.2470159292478125,45.555325509126945,1480,0.821172109443954,159941,纳指ETF,纳指ETF广发,0.1170523751304608,1.0,regime_mix_rm511580_rm513650_volume_guard_ag28_co27_vr91_vs90_vb01_vg30_cap08_hi04_dd02_rm06_vm16_oh25_ohh32__proxy_hybrid_breadth_blend_vr91_vs90_vb-1__stressbond_511260_vr890_vb-05_cap15_vs90,0.89,-0.0249999999999999,0.15,0.9,-0.0002489606639128,-0.0148990842263831,2.3297383021028253,False,full_history,False
25.847956795012415,0.2650713279011165,0.2121159901974159,1.249652737893146,-0.2470159292478125,45.555325509126945,1480,0.821172109443954,159941,纳指ETF,纳指ETF广发,0.1170523751304608,1.0,regime_mix_rm511580_rm513650_volume_guard_ag28_co27_vr91_vs90_vb01_vg30_cap08_hi04_dd02_rm06_vm16_oh25_ohh32__proxy_hybrid_breadth_blend_vr91_vs90_vb-1__stressbond_511260_vr895_vb-10_cap15_vs90,0.895,-0.03,0.15,0.9,-0.0002489606639128,-0.0148990842263831,2.3297383021028253,False,full_history,False
25.847956795012415,0.2650713279011165,0.2121159901974159,1.249652737893146,-0.2470159292478125,45.555325509126945,1480,0.821172109443954,159941,纳指ETF,纳指ETF广发,0.1170523751304608,1.0,regime_mix_rm511580_rm513650_volume_guard_ag28_co27_vr91_vs90_vb01_vg30_cap08_hi04_dd02_rm06_vm16_oh25_ohh32__proxy_hybrid_breadth_blend_vr91_vs90_vb-1__stressbond_511260_vr895_vb-05_cap15_vs90,0.895,-0.0249999999999999,0.15,0.9,-0.0002489606639128,-0.0148990842263831,2.3297383021028253,False,full_history,False
25.82266511777491,0.2649861247293583,0.2121254614210441,1.249195277899205,-0.2463965761154335,45.350053165305845,1480,0.821172109443954,159941,纳指ETF,纳指ETF广发,0.1170523751304608,1.0,regime_mix_rm511580_rm513650_volume_guard_ag28_co27_vr91_vs90_vb01_vg30_cap08_hi04_dd02_rm06_vm16_oh25_ohh32__proxy_hybrid_breadth_blend_vr91_vs90_vb-1__stressbond_511260_vr900_vb-15_cap15_vs90,0.9,-0.0349999999999999,0.15,0.9,-0.000334163835671,-0.0153565442203242,2.124465958281725,False,full_history,False
25.79525502137598,0.264893700705495,0.212145349730205,1.2486425040302436,-0.246025237894228,45.22768849589398,1478,0.821172109443954,159941,纳指ETF,纳指ETF广发,0.1170523751304608,1.0,regime_mix_rm511580_rm513650_volume_guard_ag28_co27_vr91_vs90_vb01_vg30_cap08_hi04_dd02_rm06_vm16_oh25_ohh32__proxy_hybrid_breadth_blend_vr91_vs90_vb-1__stressbond_511260_vr900_vb-10_cap20_vs90,0.9,-0.03,0.2,0.9,-0.0004265878595344,-0.0159093180892857,2.0021012888698593,False,full_history,False
25.79525502137598,0.264893700705495,0.212145349730205,1.2486425040302436,-0.246025237894228,45.22768849589398,1478,0.821172109443954,159941,纳指ETF,纳指ETF广发,0.1170523751304608,1.0,regime_mix_rm511580_rm513650_volume_guard_ag28_co27_vr91_vs90_vb01_vg30_cap08_hi04_dd02_rm06_vm16_oh25_ohh32__proxy_hybrid_breadth_blend_vr91_vs90_vb-1__stressbond_511260_vr900_vb-05_cap20_vs90,0.9,-0.0249999999999999,0.2,0.9,-0.0004265878595344,-0.0159093180892857,2.0021012888698593,False,full_history,False
25.776595174985506,0.2648307313867379,0.2097127277231527,1.262826220716312,-0.2307938148462865,43.26820553457467,1556,0.821172109443954,159941,纳指ETF,纳指ETF广发,0.1170523751304608,1.0,regime_mix_rm511580_rm513650_volume_guard_ag28_co27_vr91_vs90_vb01_vg30_cap08_hi04_dd02_rm06_vm16_oh25_ohh32__proxy_hybrid_breadth_blend_vr91_vs90_vb-1__stressbond_511260_vr900_vb-05_cap15_vsna,0.9,-0.0249999999999999,0.15,,-0.0004895571782914,-0.0017256014032174,0.0426183275505565,False,full_history,False
25.775596292955665,0.2648273594212431,0.2099245825437485,1.2615357201725188,-0.2315910545183591,43.183931423543704,1557,0.821172109443954,159941,纳指ETF,纳指ETF广发,0.1170523751304608,1.0,regime_mix_rm511580_rm513650_volume_guard_ag28_co27_vr91_vs90_vb01_vg30_cap08_hi04_dd02_rm06_vm16_oh25_ohh32__proxy_hybrid_breadth_blend_vr91_vs90_vb-1__stressbond_511260_vr900_vb-10_cap25_vsna,0.9,-0.03,0.25,,-0.0004929291437862,-0.0030161019470105,-0.0416557834804152,False,full_history,False
25.7624689500242,0.2647830340739168,0.2121288007778837,1.248218219793579,-0.2463965761154336,45.35005316530583,1481,0.821172109443954,159941,纳指ETF,纳指ETF广发,0.1170523751304608,1.0,regime_mix_rm511580_rm513650_volume_guard_ag28_co27_vr91_vs90_vb01_vg30_cap08_hi04_dd02_rm06_vm16_oh25_ohh32__proxy_hybrid_breadth_blend_vr91_vs90_vb-1__stressbond_511260_vr900_vb-20_cap15_vs90,0.9,-0.04,0.15,0.9,-0.0005372544911126,-0.0163336023259503,2.1244659582817107,False,full_history,False
25.762284039562388,0.2647824095672557,0.2114955436558032,1.2519526652446815,-0.2460252378942273,45.22768849589387,1515,0.821172109443954,159941,纳指ETF,纳指ETF广发,0.1170523751304608,1.0,regime_mix_rm511580_rm513650_volume_guard_ag28_co27_vr91_vs90_vb01_vg30_cap08_hi04_dd02_rm06_vm16_oh25_ohh32__proxy_hybrid_breadth_blend_vr91_vs90_vb-1__stressbond_511260_vr900_vb-15_cap20_vs95,0.9,-0.0349999999999999,0.2,0.95,-0.0005378789977736,-0.0125991568748475,2.0021012888697527,False,full_history,False
25.74456062582533,0.2647225328576676,0.2114038648609178,1.2522123615470704,-0.2456222925260546,45.09491251897986,1509,0.821172109443954,159941,纳指ETF,纳指ETF广发,0.1170523751304608,1.0,regime_mix_rm511580_rm513650_volume_guard_ag28_co27_vr91_vs90_vb01_vg30_cap08_hi04_dd02_rm06_vm16_oh25_ohh32__proxy_hybrid_breadth_blend_vr91_vs90_vb-1__stressbond_511260_vr900_vb-10_cap15_vs95,0.9,-0.03,0.15,0.95,-0.0005977557073617,-0.0123394605724589,1.8693253119557411,False,full_history,False
25.7366635255379,0.2646958414591445,0.2098051008847786,1.2616272928679215,-0.2334599338998273,44.11814463832614,1558,0.821172109443954,159941,纳指ETF,纳指ETF广发,0.1170523751304608,1.0,regime_mix_rm511580_rm513650_volume_guard_ag28_co27_vr91_vs90_vb01_vg30_cap08_hi04_dd02_rm06_vm16_oh25_ohh32__proxy_hybrid_breadth_blend_vr91_vs90_vb-1__stressbond_511260_vr900_vb-15_cap15_vsna,0.9,-0.0349999999999999,0.15,,-0.0006244471058849,-0.0029245292516077,0.8925574313020235,False,full_history,False
25.730572174231057,0.2646752483077699,0.2121420843827108,1.247631977775271,-0.2478453076882817,45.58305073052415,1481,0.821172109443954,159941,纳指ETF,纳指ETF广发,0.1170523751304608,1.0,regime_mix_rm511580_rm513650_volume_guard_ag28_co27_vr91_vs90_vb01_vg30_cap08_hi04_dd02_rm06_vm16_oh25_ohh32__proxy_hybrid_breadth_blend_vr91_vs90_vb-1__stressbond_511260_vr905_vb-10_cap20_vs90,0.905,-0.03,0.2,0.9,-0.0006450402572595,-0.0169198443442584,2.35746352350003,False,full_history,False
25.730572174231057,0.2646752483077699,0.2121420843827108,1.247631977775271,-0.2478453076882817,45.58305073052415,1481,0.821172109443954,159941,纳指ETF,纳指ETF广发,0.1170523751304608,1.0,regime_mix_rm511580_rm513650_volume_guard_ag28_co27_vr91_vs90_vb01_vg30_cap08_hi04_dd02_rm06_vm16_oh25_ohh32__proxy_hybrid_breadth_blend_vr91_vs90_vb-1__stressbond_511260_vr905_vb-05_cap20_vs90,0.905,-0.0249999999999999,0.2,0.9,-0.0006450402572595,-0.0169198443442584,2.35746352350003,False,full_history,False
25.72648897817193,0.2646614417268533,0.2114473472790958,1.2516659354327044,-0.2470159292478115,45.55532550912669,1517,0.821172109443954,159941,纳指ETF,纳指ETF广发,0.1170523751304608,1.0,regime_mix_rm511580_rm513650_volume_guard_ag28_co27_vr91_vs90_vb01_vg30_cap08_hi04_dd02_rm06_vm16_oh25_ohh32__proxy_hybrid_breadth_blend_vr91_vs90_vb-1__stressbond_511260_vr890_vb-15_cap15_vs95,0.89,-0.0349999999999999,0.15,0.95,-0.000658846838176,-0.0128858866868248,2.3297383021025695,False,full_history,False
25.72648897817193,0.2646614417268533,0.2114473472790958,1.2516659354327044,-0.2470159292478115,45.55532550912669,1517,0.821172109443954,159941,纳指ETF,纳指ETF广发,0.1170523751304608,1.0,regime_mix_rm511580_rm513650_volume_guard_ag28_co27_vr91_vs90_vb01_vg30_cap08_hi04_dd02_rm06_vm16_oh25_ohh32__proxy_hybrid_breadth_blend_vr91_vs90_vb-1__stressbond_511260_vr895_vb-15_cap15_vs95,0.895,-0.0349999999999999,0.15,0.95,-0.000658846838176,-0.0128858866868248,2.3297383021025695,False,full_history,False
25.72555070751681,0.2646582688594445,0.2121212757600842,1.2476743217346162,-0.2491250802278188,45.88278414674604,1483,0.821172109443954,159941,纳指ETF,纳指ETF广发,0.1170523751304608,1.0,regime_mix_rm511580_rm513650_volume_guard_ag28_co27_vr91_vs90_vb01_vg30_cap08_hi04_dd02_rm06_vm16_oh25_ohh32__proxy_hybrid_breadth_blend_vr91_vs90_vb-1__stressbond_511260_vr905_vb-15_cap15_vs90,0.905,-0.0349999999999999,0.15,0.9,-0.0006620197055848,-0.016877500384913,2.6571969397219206,False,full_history,False
25.70935710142303,0.264603492061483,0.2121491280714129,1.2472523194741254,-0.2463868109978844,45.347524427978584,1480,0.821172109443954,159941,纳指ETF,纳指ETF广发,0.1170523751304608,1.0,regime_mix_rm511580_rm513650_volume_guard_ag28_co27_vr91_vs90_vb01_vg30_cap08_hi04_dd02_rm06_vm16_oh25_ohh32__proxy_hybrid_breadth_blend_vr91_vs90_vb-1__stressbond_511260_vr890_vb-10_cap20_vs90,0.89,-0.03,0.2,0.9,-0.0007167965035463,-0.0172995026454039,2.1219372209544645,False,full_history,False
25.70935710142303,0.264603492061483,0.2121491280714129,1.2472523194741254,-0.2463868109978844,45.347524427978584,1480,0.821172109443954,159941,纳指ETF,纳指ETF广发,0.1170523751304608,1.0,regime_mix_rm511580_rm513650_volume_guard_ag28_co27_vr91_vs90_vb01_vg30_cap08_hi04_dd02_rm06_vm16_oh25_ohh32__proxy_hybrid_breadth_blend_vr91_vs90_vb-1__stressbond_511260_vr890_vb-05_cap20_vs90,0.89,-0.0249999999999999,0.2,0.9,-0.0007167965035463,-0.0172995026454039,2.1219372209544645,False,full_history,False
25.70935710142303,0.264603492061483,0.2121491280714129,1.2472523194741254,-0.2463868109978844,45.347524427978584,1480,0.821172109443954,159941,纳指ETF,纳指ETF广发,0.1170523751304608,1.0,regime_mix_rm511580_rm513650_volume_guard_ag28_co27_vr91_vs90_vb01_vg30_cap08_hi04_dd02_rm06_vm16_oh25_ohh32__proxy_hybrid_breadth_blend_vr91_vs90_vb-1__stressbond_511260_vr895_vb-10_cap20_vs90,0.895,-0.03,0.2,0.9,-0.0007167965035463,-0.0172995026454039,2.1219372209544645,False,full_history,False
25.70935710142303,0.264603492061483,0.2121491280714129,1.2472523194741254,-0.2463868109978844,45.347524427978584,1480,0.821172109443954,159941,纳指ETF,纳指ETF广发,0.1170523751304608,1.0,regime_mix_rm511580_rm513650_volume_guard_ag28_co27_vr91_vs90_vb01_vg30_cap08_hi04_dd02_rm06_vm16_oh25_ohh32__proxy_hybrid_breadth_blend_vr91_vs90_vb-1__stressbond_511260_vr895_vb-05_cap20_vs90,0.895,-0.0249999999999999,0.2,0.9,-0.0007167965035463,-0.0172995026454039,2.1219372209544645,False,full_history,False
25.69370857165362,0.2645505297433741,0.2121555343063245,1.24696501841615,-0.2460252378942276,45.22768849589393,1480,0.821172109443954,159941,纳指ETF,纳指ETF广发,0.1170523751304608,1.0,regime_mix_rm511580_rm513650_volume_guard_ag28_co27_vr91_vs90_vb01_vg30_cap08_hi04_dd02_rm06_vm16_oh25_ohh32__proxy_hybrid_breadth_blend_vr91_vs90_vb-1__stressbond_511260_vr900_vb-15_cap20_vs90,0.9,-0.0349999999999999,0.2,0.9,-0.0007697588216553,-0.0175868037033792,2.0021012888698095,False,full_history,False
25.69080966334329,0.2645407152475696,0.2121309544430512,1.2470632395075014,-0.2470159292478129,45.55532550912696,1482,0.821172109443954,159941,纳指ETF,纳指ETF广发,0.1170523751304608,1.0,regime_mix_rm511580_rm513650_volume_guard_ag28_co27_vr91_vs90_vb01_vg30_cap08_hi04_dd02_rm06_vm16_oh25_ohh32__proxy_hybrid_breadth_blend_vr91_vs90_vb-1__stressbond_511260_vr890_vb-15_cap15_vs90,0.89,-0.0349999999999999,0.15,0.9,-0.0007795733174598,-0.0174885826120279,2.3297383021028395,False,full_history,False
25.69080966334329,0.2645407152475696,0.2121309544430512,1.2470632395075014,-0.2470159292478129,45.55532550912696,1482,0.821172109443954,159941,纳指ETF,纳指ETF广发,0.1170523751304608,1.0,regime_mix_rm511580_rm513650_volume_guard_ag28_co27_vr91_vs90_vb01_vg30_cap08_hi04_dd02_rm06_vm16_oh25_ohh32__proxy_hybrid_breadth_blend_vr91_vs90_vb-1__stressbond_511260_vr895_vb-15_cap15_vs90,0.895,-0.0349999999999999,0.15,0.9,-0.0007795733174598,-0.0174885826120279,2.3297383021028395,False,full_history,False
25.689403739489546,0.2645359550187101,0.2098827703848126,1.2603986241161804,-0.2327466765812034,43.722001308953686,1558,0.821172109443954,159941,纳指ETF,纳指ETF广发,0.1170523751304608,1.0,regime_mix_rm511580_rm513650_volume_guard_ag28_co27_vr91_vs90_vb01_vg30_cap08_hi04_dd02_rm06_vm16_oh25_ohh32__proxy_hybrid_breadth_blend_vr91_vs90_vb-1__stressbond_511260_vr900_vb-15_cap20_vsna,0.9,-0.0349999999999999,0.2,,-0.0007843335463193,-0.0041531980033489,0.4964141019295667,False,full_history,False
25.676538093260177,0.2644923832214152,0.2097978968298202,1.2607008326492477,-0.2311905757856687,43.22558720702392,1556,0.821172109443954,159941,纳指ETF,纳指ETF广发,0.1170523751304608,1.0,regime_mix_rm511580_rm513650_volume_guard_ag28_co27_vr91_vs90_vb01_vg30_cap08_hi04_dd02_rm06_vm16_oh25_ohh32__proxy_hybrid_breadth_blend_vr91_vs90_vb-1__stressbond_511260_vr900_vb-05_cap20_vsna,0.9,-0.0249999999999999,0.2,,-0.0008279053436142,-0.0038509894702818,-1.9895196601282805e-13,False,full_history,False
25.676491815142207,0.2644922264571285,0.2114993325696904,1.250558208593763,-0.2463868109978849,45.34752442797864,1517,0.821172109443954,159941,纳指ETF,纳指ETF广发,0.1170523751304608,1.0,regime_mix_rm511580_rm513650_volume_guard_ag28_co27_vr91_vs90_vb01_vg30_cap08_hi04_dd02_rm06_vm16_oh25_ohh32__proxy_hybrid_breadth_blend_vr91_vs90_vb-1__stressbond_511260_vr890_vb-15_cap20_vs95,0.89,-0.0349999999999999,0.2,0.95,-0.0008280621079008,-0.0139936135257663,2.1219372209545213,False,full_history,False
25.676491815142207,0.2644922264571285,0.2114993325696904,1.250558208593763,-0.2463868109978849,45.34752442797864,1517,0.821172109443954,159941,纳指ETF,纳指ETF广发,0.1170523751304608,1.0,regime_mix_rm511580_rm513650_volume_guard_ag28_co27_vr91_vs90_vb01_vg30_cap08_hi04_dd02_rm06_vm16_oh25_ohh32__proxy_hybrid_breadth_blend_vr91_vs90_vb-1__stressbond_511260_vr895_vb-15_cap20_vs95,0.895,-0.0349999999999999,0.2,0.95,-0.0008280621079008,-0.0139936135257663,2.1219372209545213,False,full_history,False
25.665572486614632,0.2644552308405199,0.2121246143439102,1.2466975209758917,-0.2491250802278187,45.88278414674603,1484,0.821172109443954,159941,纳指ETF,纳指ETF广发,0.1170523751304608,1.0,regime_mix_rm511580_rm513650_volume_guard_ag28_co27_vr91_vs90_vb01_vg30_cap08_hi04_dd02_rm06_vm16_oh25_ohh32__proxy_hybrid_breadth_blend_vr91_vs90_vb-1__stressbond_511260_vr905_vb-20_cap15_vs90,0.905,-0.04,0.15,0.9,-0.0008650577245095,-0.0178543011436378,2.6571969397219135,False,full_history,False
25.665259487845304,0.2644541701666116,0.211563970112318,1.2499962542119745,-0.2456541905222075,45.10541995805224,1515,0.821172109443954,159941,纳指ETF,纳指ETF广发,0.1170523751304608,1.0,regime_mix_rm511580_rm513650_volume_guard_ag28_co27_vr91_vs90_vb01_vg30_cap08_hi04_dd02_rm06_vm16_oh25_ohh32__proxy_hybrid_breadth_blend_vr91_vs90_vb-1__stressbond_511260_vr900_vb-15_cap25_vs95,0.9,-0.0349999999999999,0.25,0.95,-0.0008661183984177,-0.0145555679075548,1.8798327510281183,False,full_history,False
25.653742828413264,0.2644151350712049,0.2121579283303961,1.2463127687569993,-0.2460252378942277,45.22768849589389,1481,0.821172109443954,159941,纳指ETF,纳指ETF广发,0.1170523751304608,1.0,regime_mix_rm511580_rm513650_volume_guard_ag28_co27_vr91_vs90_vb01_vg30_cap08_hi04_dd02_rm06_vm16_oh25_ohh32__proxy_hybrid_breadth_blend_vr91_vs90_vb-1__stressbond_511260_vr900_vb-20_cap20_vs90,0.9,-0.04,0.2,0.9,-0.0009051534938244,-0.01823905336253,2.002101288869767,False,full_history,False
25.640273300940944,0.2643694609603548,0.2099862599306095,1.258984569027118,-0.2320359000792862,43.32593989833997,1558,0.821172109443954,159941,纳指ETF,纳指ETF广发,0.1170523751304608,1.0,regime_mix_rm511580_rm513650_volume_guard_ag28_co27_vr91_vs90_vb01_vg30_cap08_hi04_dd02_rm06_vm16_oh25_ohh32__proxy_hybrid_breadth_blend_vr91_vs90_vb-1__stressbond_511260_vr900_vb-15_cap25_vsna,0.9,-0.0349999999999999,0.25,,-0.0009508276046745,-0.0055672530924113,0.1003526913158481,False,full_history,False
25.630909409254404,0.264337696101611,0.212134292581073,1.2460865845185638,-0.2470159292478124,45.55532550912689,1483,0.821172109443954,159941,纳指ETF,纳指ETF广发,0.1170523751304608,1.0,regime_mix_rm511580_rm513650_volume_guard_ag28_co27_vr91_vs90_vb01_vg30_cap08_hi04_dd02_rm06_vm16_oh25_ohh32__proxy_hybrid_breadth_blend_vr91_vs90_vb-1__stressbond_511260_vr890_vb-20_cap15_vs90,0.89,-0.04,0.15,0.9,-0.0009825924634183,-0.0184652376009655,2.3297383021027684,False,full_history,False
25.630909409254404,0.264337696101611,0.212134292581073,1.2460865845185638,-0.2470159292478124,45.55532550912689,1483,0.821172109443954,159941,纳指ETF,纳指ETF广发,0.1170523751304608,1.0,regime_mix_rm511580_rm513650_volume_guard_ag28_co27_vr91_vs90_vb01_vg30_cap08_hi04_dd02_rm06_vm16_oh25_ohh32__proxy_hybrid_breadth_blend_vr91_vs90_vb-1__stressbond_511260_vr895_vb-20_cap15_vs90,0.895,-0.04,0.15,0.9,-0.0009825924634183,-0.0184652376009655,2.3297383021027684,False,full_history,False
25.629270854233287,0.2643321366126996,0.2121522681738051,1.2459547988247113,-0.2478453076882822,45.58305073052424,1483,0.821172109443954,159941,纳指ETF,纳指ETF广发,0.1170523751304608,1.0,regime_mix_rm511580_rm513650_volume_guard_ag28_co27_vr91_vs90_vb01_vg30_cap08_hi04_dd02_rm06_vm16_oh25_ohh32__proxy_hybrid_breadth_blend_vr91_vs90_vb-1__stressbond_511260_vr905_vb-15_cap20_vs90,0.905,-0.0349999999999999,0.2,0.9,-0.0009881519523298,-0.018597023294818,2.3574635235001224,False,full_history,False
25.62547785045511,0.2643192660290352,0.2115658845862706,1.2493472969232575,-0.2457575782098265,45.13968557872487,1517,0.821172109443954,159941,纳指ETF,纳指ETF广发,0.1170523751304608,1.0,regime_mix_rm511580_rm513650_volume_guard_ag28_co27_vr91_vs90_vb01_vg30_cap08_hi04_dd02_rm06_vm16_oh25_ohh32__proxy_hybrid_breadth_blend_vr91_vs90_vb-1__stressbond_511260_vr890_vb-15_cap25_vs95,0.89,-0.0349999999999999,0.25,0.95,-0.0010010225359942,-0.0152045251962715,1.914098371700753,False,full_history,False
25.62547785045511,0.2643192660290352,0.2115658845862706,1.2493472969232575,-0.2457575782098265,45.13968557872487,1517,0.821172109443954,159941,纳指ETF,纳指ETF广发,0.1170523751304608,1.0,regime_mix_rm511580_rm513650_volume_guard_ag28_co27_vr91_vs90_vb01_vg30_cap08_hi04_dd02_rm06_vm16_oh25_ohh32__proxy_hybrid_breadth_blend_vr91_vs90_vb-1__stressbond_511260_vr895_vb-15_cap25_vs95,0.895,-0.0349999999999999,0.25,0.95,-0.0010010225359942,-0.0152045251962715,1.914098371700753,False,full_history,False
25.613089119194388,0.2642772161882165,0.2114093740817419,1.2500733107796491,-0.2462422820076755,45.30039455154929,1511,0.821172109443954,159941,纳指ETF,纳指ETF广发,0.1170523751304608,1.0,regime_mix_rm511580_rm513650_volume_guard_ag28_co27_vr91_vs90_vb01_vg30_cap08_hi04_dd02_rm06_vm16_oh25_ohh32__proxy_hybrid_breadth_blend_vr91_vs90_vb-1__stressbond_511260_vr890_vb-10_cap15_vs95,0.89,-0.03,0.15,0.95,-0.0010430723768128,-0.0144785113398799,2.074807344525169,False,full_history,False
25.613089119194388,0.2642772161882165,0.2114093740817419,1.2500733107796491,-0.2462422820076755,45.30039455154929,1511,0.821172109443954,159941,纳指ETF,纳指ETF广发,0.1170523751304608,1.0,regime_mix_rm511580_rm513650_volume_guard_ag28_co27_vr91_vs90_vb01_vg30_cap08_hi04_dd02_rm06_vm16_oh25_ohh32__proxy_hybrid_breadth_blend_vr91_vs90_vb-1__stressbond_511260_vr895_vb-10_cap15_vs95,0.895,-0.03,0.15,0.95,-0.0010430723768128,-0.0144785113398799,2.074807344525169,False,full_history,False
25.610466648910304,0.2642683126667093,0.2121895271929575,1.2454352302995295,-0.2456541905222078,45.10541995805234,1478,0.821172109443954,159941,纳指ETF,纳指ETF广发,0.1170523751304608,1.0,regime_mix_rm511580_rm513650_volume_guard_ag28_co27_vr91_vs90_vb01_vg30_cap08_hi04_dd02_rm06_vm16_oh25_ohh32__proxy_hybrid_breadth_blend_vr91_vs90_vb-1__stressbond_511260_vr900_vb-10_cap25_vs90,0.9,-0.03,0.25,0.9,-0.00105197589832,-0.0191165918199998,1.8798327510282176,False,full_history,False
25.610466648910304,0.2642683126667093,0.2121895271929575,1.2454352302995295,-0.2456541905222078,45.10541995805234,1478,0.821172109443954,159941,纳指ETF,纳指ETF广发,0.1170523751304608,1.0,regime_mix_rm511580_rm513650_volume_guard_ag28_co27_vr91_vs90_vb01_vg30_cap08_hi04_dd02_rm06_vm16_oh25_ohh32__proxy_hybrid_breadth_blend_vr91_vs90_vb-1__stressbond_511260_vr900_vb-05_cap25_vs90,0.9,-0.0249999999999999,0.25,0.9,-0.00105197589832,-0.0191165918199998,1.8798327510282176,False,full_history,False
25.60813618056019,0.264260399834183,0.2121593112240135,1.2455753099384703,-0.2463868109978847,45.347524427978534,1482,0.821172109443954,159941,纳指ETF,纳指ETF广发,0.1170523751304608,1.0,regime_mix_rm511580_rm513650_volume_guard_ag28_co27_vr91_vs90_vb01_vg30_cap08_hi04_dd02_rm06_vm16_oh25_ohh32__proxy_hybrid_breadth_blend_vr91_vs90_vb-1__stressbond_511260_vr890_vb-15_cap20_vs90,0.89,-0.0349999999999999,0.2,0.9,-0.0010598887308463,-0.0189765121810587,2.1219372209544147,False,full_history,False
25.60813618056019,0.264260399834183,0.2121593112240135,1.2455753099384703,-0.2463868109978847,45.347524427978534,1482,0.821172109443954,159941,纳指ETF,纳指ETF广发,0.1170523751304608,1.0,regime_mix_rm511580_rm513650_volume_guard_ag28_co27_vr91_vs90_vb01_vg30_cap08_hi04_dd02_rm06_vm16_oh25_ohh32__proxy_hybrid_breadth_blend_vr91_vs90_vb-1__stressbond_511260_vr895_vb-15_cap20_vs90,0.895,-0.0349999999999999,0.2,0.9,-0.0010598887308463,-0.0189765121810587,2.1219372209544147,False,full_history,False
25.597441682747252,0.2642240796641317,0.21146214606563,1.2495100640004206,-0.245573356194345,45.07878536115948,1509,0.821172109443954,159941,纳指ETF,纳指ETF广发,0.1170523751304608,1.0,regime_mix_rm511580_rm513650_volume_guard_ag28_co27_vr91_vs90_vb01_vg30_cap08_hi04_dd02_rm06_vm16_oh25_ohh32__proxy_hybrid_breadth_blend_vr91_vs90_vb-1__stressbond_511260_vr900_vb-10_cap20_vs95,0.9,-0.03,0.2,0.95,-0.0010962089008976,-0.0150417581191086,1.853198154135363,False,full_history,False
25.589401586957027,0.2641967653237531,0.2121546618619214,1.2453026627135948,-0.2478453076882818,45.58305073052415,1484,0.821172109443954,159941,纳指ETF,纳指ETF广发,0.1170523751304608,1.0,regime_mix_rm511580_rm513650_volume_guard_ag28_co27_vr91_vs90_vb01_vg30_cap08_hi04_dd02_rm06_vm16_oh25_ohh32__proxy_hybrid_breadth_blend_vr91_vs90_vb-1__stressbond_511260_vr905_vb-20_cap20_vs90,0.905,-0.04,0.2,0.9,-0.0011235232412762,-0.0192491594059345,2.35746352350003,False,full_history,False
25.578345248670985,0.2641591914797048,0.2121876565538118,1.244931942649137,-0.2465647586826502,45.28320514750571,1481,0.821172109443954,159941,纳指ETF,纳指ETF广发,0.1170523751304608,1.0,regime_mix_rm511580_rm513650_volume_guard_ag28_co27_vr91_vs90_vb01_vg30_cap08_hi04_dd02_rm06_vm16_oh25_ohh32__proxy_hybrid_breadth_blend_vr91_vs90_vb-1__stressbond_511260_vr905_vb-10_cap25_vs90,0.905,-0.03,0.25,0.9,-0.0011610970853246,-0.0196198794703923,2.0576179404815917,False,full_history,False
25.578345248670985,0.2641591914797048,0.2121876565538118,1.244931942649137,-0.2465647586826502,45.28320514750571,1481,0.821172109443954,159941,纳指ETF,纳指ETF广发,0.1170523751304608,1.0,regime_mix_rm511580_rm513650_volume_guard_ag28_co27_vr91_vs90_vb01_vg30_cap08_hi04_dd02_rm06_vm16_oh25_ohh32__proxy_hybrid_breadth_blend_vr91_vs90_vb-1__stressbond_511260_vr905_vb-05_cap25_vs90,0.905,-0.0249999999999999,0.25,0.9,-0.0011610970853246,-0.0196198794703923,2.0576179404815917,False,full_history,False
25.57475522494672,0.2641469880268812,0.2099107813845072,1.2583774224680055,-0.2315910545183591,43.18393142354373,1556,0.821172109443954,159941,纳指ETF,纳指ETF广发,0.1170523751304608,1.0,regime_mix_rm511580_rm513650_volume_guard_ag28_co27_vr91_vs90_vb01_vg30_cap08_hi04_dd02_rm06_vm16_oh25_ohh32__proxy_hybrid_breadth_blend_vr91_vs90_vb-1__stressbond_511260_vr900_vb-05_cap25_vsna,0.9,-0.0249999999999999,0.25,,-0.0011733005381482,-0.0061743996515237,-0.0416557834803867,False,full_history,False
25.57076675641564,0.2641334283581995,0.212191435988387,1.2447883541004705,-0.2457575782098267,45.139685578724794,1480,0.821172109443954,159941,纳指ETF,纳指ETF广发,0.1170523751304608,1.0,regime_mix_rm511580_rm513650_volume_guard_ag28_co27_vr91_vs90_vb01_vg30_cap08_hi04_dd02_rm06_vm16_oh25_ohh32__proxy_hybrid_breadth_blend_vr91_vs90_vb-1__stressbond_511260_vr890_vb-10_cap25_vs90,0.89,-0.03,0.25,0.9,-0.0011868602068298,-0.019763468019059,1.9140983717006748,False,full_history,False
25.57076675641564,0.2641334283581995,0.212191435988387,1.2447883541004705,-0.2457575782098267,45.139685578724794,1480,0.821172109443954,159941,纳指ETF,纳指ETF广发,0.1170523751304608,1.0,regime_mix_rm511580_rm513650_volume_guard_ag28_co27_vr91_vs90_vb01_vg30_cap08_hi04_dd02_rm06_vm16_oh25_ohh32__proxy_hybrid_breadth_blend_vr91_vs90_vb-1__stressbond_511260_vr890_vb-05_cap25_vs90,0.89,-0.0249999999999999,0.25,0.9,-0.0011868602068298,-0.019763468019059,1.9140983717006748,False,full_history,False
25.57076675641564,0.2641334283581995,0.212191435988387,1.2447883541004705,-0.2457575782098267,45.139685578724794,1480,0.821172109443954,159941,纳指ETF,纳指ETF广发,0.1170523751304608,1.0,regime_mix_rm511580_rm513650_volume_guard_ag28_co27_vr91_vs90_vb01_vg30_cap08_hi04_dd02_rm06_vm16_oh25_ohh32__proxy_hybrid_breadth_blend_vr91_vs90_vb-1__stressbond_511260_vr895_vb-10_cap25_vs90,0.895,-0.03,0.25,0.9,-0.0011868602068298,-0.019763468019059,1.9140983717006748,False,full_history,False
25.57076675641564,0.2641334283581995,0.212191435988387,1.2447883541004705,-0.2457575782098267,45.139685578724794,1480,0.821172109443954,159941,纳指ETF,纳指ETF广发,0.1170523751304608,1.0,regime_mix_rm511580_rm513650_volume_guard_ag28_co27_vr91_vs90_vb01_vg30_cap08_hi04_dd02_rm06_vm16_oh25_ohh32__proxy_hybrid_breadth_blend_vr91_vs90_vb-1__stressbond_511260_vr895_vb-05_cap25_vs90,0.895,-0.0249999999999999,0.25,0.9,-0.0011868602068298,-0.019763468019059,1.9140983717006748,False,full_history,False
25.568298556056146,0.2641250362260503,0.2121617047137549,1.2449232371242651,-0.2463868109978854,45.347524427978726,1483,0.821172109443954,159941,纳指ETF,纳指ETF广发,0.1170523751304608,1.0,regime_mix_rm511580_rm513650_volume_guard_ag28_co27_vr91_vs90_vb01_vg30_cap08_hi04_dd02_rm06_vm16_oh25_ohh32__proxy_hybrid_breadth_blend_vr91_vs90_vb-1__stressbond_511260_vr890_vb-20_cap20_vs90,0.89,-0.04,0.2,0.9,-0.0011952523389791,-0.0196285849952642,2.1219372209546066,False,full_history,False
25.568298556056146,0.2641250362260503,0.2121617047137549,1.2449232371242651,-0.2463868109978854,45.347524427978726,1483,0.821172109443954,159941,纳指ETF,纳指ETF广发,0.1170523751304608,1.0,regime_mix_rm511580_rm513650_volume_guard_ag28_co27_vr91_vs90_vb01_vg30_cap08_hi04_dd02_rm06_vm16_oh25_ohh32__proxy_hybrid_breadth_blend_vr91_vs90_vb-1__stressbond_511260_vr895_vb-20_cap20_vs90,0.895,-0.04,0.2,0.9,-0.0011952523389791,-0.0196285849952642,2.1219372209546066,False,full_history,False
25.564702652791688,0.2641128084936839,0.2121941842498212,1.244675057553593,-0.2456541905222073,45.10541995805237,1480,0.821172109443954,159941,纳指ETF,纳指ETF广发,0.1170523751304608,1.0,regime_mix_rm511580_rm513650_volume_guard_ag28_co27_vr91_vs90_vb01_vg30_cap08_hi04_dd02_rm06_vm16_oh25_ohh32__proxy_hybrid_breadth_blend_vr91_vs90_vb-1__stressbond_511260_vr900_vb-15_cap25_vs90,0.9,-0.0349999999999999,0.25,0.9,-0.0012074800713455,-0.0198767645659363,1.879832751028253,False,full_history,False
25.548434974486916,0.264057471661155,0.2113794195870855,1.2492108842808458,-0.247560431617663,45.56923524672189,1527,0.821172109443954,159941,纳指ETF,纳指ETF广发,0.1170523751304608,1.0,regime_mix_rm511580_rm513650_volume_guard_ag28_co27_vr91_vs90_vb01_vg30_cap08_hi04_dd02_rm06_vm16_oh25_ohh32__proxy_hybrid_breadth_blend_vr91_vs90_vb-1__stressbond_511260_vr905_vb-15_cap15_vs95,0.905,-0.0349999999999999,0.15,0.95,-0.0012628169038744,-0.0153409378386835,2.3436480396977686,False,full_history,False
25.544802451173343,0.2640451108139203,0.2121954650802292,1.2443485100592853,-0.2456541905222063,45.10541995805213,1481,0.821172109443954,159941,纳指ETF,纳指ETF广发,0.1170523751304608,1.0,regime_mix_rm511580_rm513650_volume_guard_ag28_co27_vr91_vs90_vb01_vg30_cap08_hi04_dd02_rm06_vm16_oh25_ohh32__proxy_hybrid_breadth_blend_vr91_vs90_vb-1__stressbond_511260_vr900_vb-20_cap25_vs90,0.9,-0.04,0.25,0.9,-0.001275177751109,-0.020203312060244,1.8798327510280048,False,full_history,False
25.532636494110335,0.2640037007285136,0.2121923134383079,1.2441718385113376,-0.2465647586826514,45.283205147505946,1483,0.821172109443954,159941,纳指ETF,纳指ETF广发,0.1170523751304608,1.0,regime_mix_rm511580_rm513650_volume_guard_ag28_co27_vr91_vs90_vb01_vg30_cap08_hi04_dd02_rm06_vm16_oh25_ohh32__proxy_hybrid_breadth_blend_vr91_vs90_vb-1__stressbond_511260_vr905_vb-15_cap25_vs90,0.905,-0.0349999999999999,0.25,0.9,-0.0013165878365157,-0.0203799836081917,2.0576179404818262,False,full_history,False
25.53111552484095,0.2639985224634171,0.2113906177329501,1.2488658451101489,-0.2456222925260546,45.09491251897986,1509,0.821172109443954,159941,纳指ETF,纳指ETF广发,0.1170523751304608,1.0,regime_mix_rm511580_rm513650_volume_guard_ag28_co27_vr91_vs90_vb01_vg30_cap08_hi04_dd02_rm06_vm16_oh25_ohh32__proxy_hybrid_breadth_blend_vr91_vs90_vb-1__stressbond_511260_vr900_vb-05_cap15_vs95,0.9,-0.0249999999999999,0.15,0.95,-0.0013217661016122,-0.0156859770093804,1.8693253119557411,False,full_history,False
25.525071035151104,0.2639779407758555,0.2121960927416668,1.2440282823549882,-0.2457575782098262,45.13968557872472,1482,0.821172109443954,159941,纳指ETF,纳指ETF广发,0.1170523751304608,1.0,regime_mix_rm511580_rm513650_volume_guard_ag28_co27_vr91_vs90_vb01_vg30_cap08_hi04_dd02_rm06_vm16_oh25_ohh32__proxy_hybrid_breadth_blend_vr91_vs90_vb-1__stressbond_511260_vr890_vb-15_cap25_vs90,0.89,-0.0349999999999999,0.25,0.9,-0.0013423477891738,-0.0205235397645411,1.9140983717006037,False,full_history,False
25.525071035151104,0.2639779407758555,0.2121960927416668,1.2440282823549882,-0.2457575782098262,45.13968557872472,1482,0.821172109443954,159941,纳指ETF,纳指ETF广发,0.1170523751304608,1.0,regime_mix_rm511580_rm513650_volume_guard_ag28_co27_vr91_vs90_vb01_vg30_cap08_hi04_dd02_rm06_vm16_oh25_ohh32__proxy_hybrid_breadth_blend_vr91_vs90_vb-1__stressbond_511260_vr895_vb-15_cap25_vs90,0.895,-0.0349999999999999,0.25,0.9,-0.0013423477891738,-0.0205235397645411,1.9140983717006037,False,full_history,False
25.5127603139551,0.2639360088918543,0.2121935941868184,1.2438453191922516,-0.2465647586826502,45.28320514750567,1484,0.821172109443954,159941,纳指ETF,纳指ETF广发,0.1170523751304608,1.0,regime_mix_rm511580_rm513650_volume_guard_ag28_co27_vr91_vs90_vb01_vg30_cap08_hi04_dd02_rm06_vm16_oh25_ohh32__proxy_hybrid_breadth_blend_vr91_vs90_vb-1__stressbond_511260_vr905_vb-20_cap25_vs90,0.905,-0.04,0.25,0.9,-0.0013842796731751,-0.0207065029272777,2.057617940481549,False,full_history,False
25.512177895752,0.2639340246534352,0.211465933502868,1.2481160453669742,-0.2459351460005726,45.198692700632535,1511,0.821172109443954,159941,纳指ETF,纳指ETF广发,0.1170523751304608,1.0,regime_mix_rm511580_rm513650_volume_guard_ag28_co27_vr91_vs90_vb01_vg30_cap08_hi04_dd02_rm06_vm16_oh25_ohh32__proxy_hybrid_breadth_blend_vr91_vs90_vb-1__stressbond_511260_vr890_vb-10_cap20_vs95,0.89,-0.03,0.2,0.95,-0.0013862639115942,-0.0164357767525551,1.973105493608415,False,full_history,False
25.512177895752,0.2639340246534352,0.211465933502868,1.2481160453669742,-0.2459351460005726,45.198692700632535,1511,0.821172109443954,159941,纳指ETF,纳指ETF广发,0.1170523751304608,1.0,regime_mix_rm511580_rm513650_volume_guard_ag28_co27_vr91_vs90_vb01_vg30_cap08_hi04_dd02_rm06_vm16_oh25_ohh32__proxy_hybrid_breadth_blend_vr91_vs90_vb-1__stressbond_511260_vr895_vb-10_cap20_vs95,0.895,-0.03,0.2,0.95,-0.0013862639115942,-0.0164357767525551,1.973105493608415,False,full_history,False
25.505200522447172,0.2639102503187323,0.2121973734462889,1.243701776476196,-0.2457575782098268,45.13968557872484,1483,0.821172109443954,159941,纳指ETF,纳指ETF广发,0.1170523751304608,1.0,regime_mix_rm511580_rm513650_volume_guard_ag28_co27_vr91_vs90_vb01_vg30_cap08_hi04_dd02_rm06_vm16_oh25_ohh32__proxy_hybrid_breadth_blend_vr91_vs90_vb-1__stressbond_511260_vr890_vb-20_cap25_vs90,0.89,-0.04,0.25,0.9,-0.0014100382462971,-0.0208500456433333,1.9140983717007176,False,full_history,False
25.505200522447172,0.2639102503187323,0.2121973734462889,1.243701776476196,-0.2457575782098268,45.13968557872484,1483,0.821172109443954,159941,纳指ETF,纳指ETF广发,0.1170523751304608,1.0,regime_mix_rm511580_rm513650_volume_guard_ag28_co27_vr91_vs90_vb01_vg30_cap08_hi04_dd02_rm06_vm16_oh25_ohh32__proxy_hybrid_breadth_blend_vr91_vs90_vb-1__stressbond_511260_vr895_vb-20_cap25_vs90,0.895,-0.04,0.25,0.9,-0.0014100382462971,-0.0208500456433333,1.9140983717007176,False,full_history,False
25.496858152415943,0.2638818173370858,0.2114351331418193,1.248050943170774,-0.2463988595775271,45.29303954103192,1527,0.821172109443954,159941,纳指ETF,纳指ETF广发,0.1170523751304608,1.0,regime_mix_rm511580_rm513650_volume_guard_ag28_co27_vr91_vs90_vb01_vg30_cap08_hi04_dd02_rm06_vm16_oh25_ohh32__proxy_hybrid_breadth_blend_vr91_vs90_vb-1__stressbond_511260_vr905_vb-15_cap20_vs95,0.905,-0.0349999999999999,0.2,0.95,-0.0014384712279436,-0.0165008789487552,2.067452334007797,False,full_history,False
25.449934975428096,0.2637217358309058,0.2115360461491975,1.2466988044434826,-0.2455250197304511,45.06285591253974,1509,0.821172109443954,159941,纳指ETF,纳指ETF广发,0.1170523751304608,1.0,regime_mix_rm511580_rm513650_volume_guard_ag28_co27_vr91_vs90_vb01_vg30_cap08_hi04_dd02_rm06_vm16_oh25_ohh32__proxy_hybrid_breadth_blend_vr91_vs90_vb-1__stressbond_511260_vr900_vb-10_cap25_vs95,0.9,-0.03,0.25,0.95,-0.0015985527341235,-0.0178530176760467,1.8372687055156192,False,full_history,False
25.44420544852841,0.263702171111063,0.211506301568104,1.2467816285187707,-0.2452372069028586,45.016869505438954,1527,0.821172109443954,159941,纳指ETF,纳指ETF广发,0.1170523751304608,1.0,regime_mix_rm511580_rm513650_volume_guard_ag28_co27_vr91_vs90_vb01_vg30_cap08_hi04_dd02_rm06_vm16_oh25_ohh32__proxy_hybrid_breadth_blend_vr91_vs90_vb-1__stressbond_511260_vr905_vb-15_cap25_vs95,0.905,-0.0349999999999999,0.25,0.95,-0.0016181174539664,-0.0177701936007586,1.7912822984148349,False,full_history,False
25.435790594424947,0.263673429618841,0.2113414310832363,1.2476182652278616,-0.2467873438219698,45.31431979720811,1521,0.821172109443954,159941,纳指ETF,纳指ETF广发,0.1170523751304608,1.0,regime_mix_rm511580_rm513650_volume_guard_ag28_co27_vr91_vs90_vb01_vg30_cap08_hi04_dd02_rm06_vm16_oh25_ohh32__proxy_hybrid_breadth_blend_vr91_vs90_vb-1__stressbond_511260_vr905_vb-10_cap15_vs95,0.905,-0.03,0.15,0.95,-0.0016468589461884,-0.0169335568916677,2.0887325901839873,False,full_history,False
25.410474578552297,0.263586909836472,0.2115379596174821,1.246050166660908,-0.2456284251217146,45.09712736687401,1511,0.821172109443954,159941,纳指ETF,纳指ETF广发,0.1170523751304608,1.0,regime_mix_rm511580_rm513650_volume_guard_ag28_co27_vr91_vs90_vb01_vg30_cap08_hi04_dd02_rm06_vm16_oh25_ohh32__proxy_hybrid_breadth_blend_vr91_vs90_vb-1__stressbond_511260_vr890_vb-10_cap25_vs95,0.89,-0.03,0.25,0.95,-0.0017333787285573,-0.0185016554586212,1.8715401598498929,False,full_history,False
25.410474578552297,0.263586909836472,0.2115379596174821,1.246050166660908,-0.2456284251217146,45.09712736687401,1511,0.821172109443954,159941,纳指ETF,纳指ETF广发,0.1170523751304608,1.0,regime_mix_rm511580_rm513650_volume_guard_ag28_co27_vr91_vs90_vb01_vg30_cap08_hi04_dd02_rm06_vm16_oh25_ohh32__proxy_hybrid_breadth_blend_vr91_vs90_vb-1__stressbond_511260_vr895_vb-10_cap25_vs95,0.895,-0.03,0.25,0.95,-0.0017333787285573,-0.0185016554586212,1.8715401598498929,False,full_history,False
25.40069327639007,0.2635534607225285,0.2113961232101054,1.2467279755200815,-0.2462422820076755,45.30039455154929,1511,0.821172109443954,159941,纳指ETF,纳指ETF广发,0.1170523751304608,1.0,regime_mix_rm511580_rm513650_volume_guard_ag28_co27_vr91_vs90_vb01_vg30_cap08_hi04_dd02_rm06_vm16_oh25_ohh32__proxy_hybrid_breadth_blend_vr91_vs90_vb-1__stressbond_511260_vr890_vb-05_cap15_vs95,0.89,-0.0249999999999999,0.15,0.95,-0.0017668278425009,-0.0178238465994475,2.074807344525169,False,full_history,False
25.40069327639007,0.2635534607225285,0.2113961232101054,1.2467279755200815,-0.2462422820076755,45.30039455154929,1511,0.821172109443954,159941,纳指ETF,纳指ETF广发,0.1170523751304608,1.0,regime_mix_rm511580_rm513650_volume_guard_ag28_co27_vr91_vs90_vb01_vg30_cap08_hi04_dd02_rm06_vm16_oh25_ohh32__proxy_hybrid_breadth_blend_vr91_vs90_vb-1__stressbond_511260_vr895_vb-05_cap15_vs95,0.895,-0.0249999999999999,0.15,0.95,-0.0017668278425009,-0.0178238465994475,2.074807344525169,False,full_history,False
25.397657247445345,0.2635430760757411,0.2114490477901584,1.246366814275185,-0.245573356194345,45.07878536115948,1509,0.821172109443954,159941,纳指ETF,纳指ETF广发,0.1170523751304608,1.0,regime_mix_rm511580_rm513650_volume_guard_ag28_co27_vr91_vs90_vb01_vg30_cap08_hi04_dd02_rm06_vm16_oh25_ohh32__proxy_hybrid_breadth_blend_vr91_vs90_vb-1__stressbond_511260_vr900_vb-05_cap20_vs95,0.9,-0.0249999999999999,0.2,0.95,-0.0017772124892883,-0.0181850078443444,1.853198154135363,False,full_history,False
25.333650687029667,0.263323884994497,0.2114017194309366,1.2456090031023752,-0.2459472018013222,45.144175573313234,1521,0.821172109443954,159941,纳指ETF,纳指ETF广发,0.1170523751304608,1.0,regime_mix_rm511580_rm513650_volume_guard_ag28_co27_vr91_vs90_vb01_vg30_cap08_hi04_dd02_rm06_vm16_oh25_ohh32__proxy_hybrid_breadth_blend_vr91_vs90_vb-1__stressbond_511260_vr905_vb-10_cap20_vs95,0.905,-0.03,0.2,0.95,-0.0019964035705324,-0.0189428190171541,1.9185883662891143,False,full_history,False
25.31303391218025,0.2632531773098967,0.2114528329556702,1.2449735178770864,-0.2459351460005726,45.198692700632535,1511,0.821172109443954,159941,纳指ETF,纳指ETF广发,0.1170523751304608,1.0,regime_mix_rm511580_rm513650_volume_guard_ag28_co27_vr91_vs90_vb01_vg30_cap08_hi04_dd02_rm06_vm16_oh25_ohh32__proxy_hybrid_breadth_blend_vr91_vs90_vb-1__stressbond_511260_vr890_vb-05_cap20_vs95,0.89,-0.0249999999999999,0.2,0.95,-0.0020671112551327,-0.0195783042424428,1.973105493608415,False,full_history,False
25.31303391218025,0.2632531773098967,0.2114528329556702,1.2449735178770864,-0.2459351460005726,45.198692700632535,1511,0.821172109443954,159941,纳指ETF,纳指ETF广发,0.1170523751304608,1.0,regime_mix_rm511580_rm513650_volume_guard_ag28_co27_vr91_vs90_vb01_vg30_cap08_hi04_dd02_rm06_vm16_oh25_ohh32__proxy_hybrid_breadth_blend_vr91_vs90_vb-1__stressbond_511260_vr895_vb-05_cap20_vs95,0.895,-0.0249999999999999,0.2,0.95,-0.0020671112551327,-0.0195783042424428,1.973105493608415,False,full_history,False
25.26367580248768,0.2630836885723446,0.2115231768035258,1.2437582138656655,-0.2455250197304511,45.06285591253974,1509,0.821172109443954,159941,纳指ETF,纳指ETF广发,0.1170523751304608,1.0,regime_mix_rm511580_rm513650_volume_guard_ag28_co27_vr91_vs90_vb01_vg30_cap08_hi04_dd02_rm06_vm16_oh25_ohh32__proxy_hybrid_breadth_blend_vr91_vs90_vb-1__stressbond_511260_vr900_vb-05_cap25_vs95,0.9,-0.0249999999999999,0.25,0.95,-0.0022365999926847,-0.0207936082538637,1.8372687055156192,False,full_history,False
25.230665968552135,0.2629701723703683,0.2114783628070182,1.243485001869143,-0.245107964708699,44.974290296944375,1521,0.821172109443954,159941,纳指ETF,纳指ETF广发,0.1170523751304608,1.0,regime_mix_rm511580_rm513650_volume_guard_ag28_co27_vr91_vs90_vb01_vg30_cap08_hi04_dd02_rm06_vm16_oh25_ohh32__proxy_hybrid_breadth_blend_vr91_vs90_vb-1__stressbond_511260_vr905_vb-10_cap25_vs95,0.905,-0.03,0.25,0.95,-0.002350116194661,-0.0210668202503863,1.7487030899202551,False,full_history,False
25.22480974968522,0.2629500198003134,0.2113281702243753,1.244273394886868,-0.2467873438219698,45.31431979720811,1521,0.821172109443954,159941,纳指ETF,纳指ETF广发,0.1170523751304608,1.0,regime_mix_rm511580_rm513650_volume_guard_ag28_co27_vr91_vs90_vb01_vg30_cap08_hi04_dd02_rm06_vm16_oh25_ohh32__proxy_hybrid_breadth_blend_vr91_vs90_vb-1__stressbond_511260_vr905_vb-05_cap15_vs95,0.905,-0.0249999999999999,0.15,0.95,-0.002370268764716,-0.0202784272326612,2.0887325901839873,False,full_history,False
25.224493283833255,0.2629489306509316,0.2115250892963528,1.2431098907729687,-0.2456284251217146,45.09712736687401,1511,0.821172109443954,159941,纳指ETF,纳指ETF广发,0.1170523751304608,1.0,regime_mix_rm511580_rm513650_volume_guard_ag28_co27_vr91_vs90_vb01_vg30_cap08_hi04_dd02_rm06_vm16_oh25_ohh32__proxy_hybrid_breadth_blend_vr91_vs90_vb-1__stressbond_511260_vr890_vb-05_cap25_vs95,0.89,-0.0249999999999999,0.25,0.95,-0.0023713579140978,-0.0214419313465605,1.8715401598498929,False,full_history,False
25.224493283833255,0.2629489306509316,0.2115250892963528,1.2431098907729687,-0.2456284251217146,45.09712736687401,1511,0.821172109443954,159941,纳指ETF,纳指ETF广发,0.1170523751304608,1.0,regime_mix_rm511580_rm513650_volume_guard_ag28_co27_vr91_vs90_vb01_vg30_cap08_hi04_dd02_rm06_vm16_oh25_ohh32__proxy_hybrid_breadth_blend_vr91_vs90_vb-1__stressbond_511260_vr895_vb-05_cap25_vs95,0.895,-0.0249999999999999,0.25,0.95,-0.0023713579140978,-0.0214419313465605,1.8715401598498929,False,full_history,False
25.135847695497795,0.2626433663168204,0.2113886094672975,1.2424669757688724,-0.2459472018013222,45.144175573313234,1521,0.821172109443954,159941,纳指ETF,纳指ETF广发,0.1170523751304608,1.0,regime_mix_rm511580_rm513650_volume_guard_ag28_co27_vr91_vs90_vb01_vg30_cap08_hi04_dd02_rm06_vm16_oh25_ohh32__proxy_hybrid_breadth_blend_vr91_vs90_vb-1__stressbond_511260_vr905_vb-05_cap20_vs95,0.905,-0.0249999999999999,0.2,0.95,-0.002676922248209,-0.0220848463506568,1.9185883662891143,False,full_history,False
25.045950877437015,0.262332504572722,0.2114654837180589,1.240545265167164,-0.245107964708699,44.974290296944375,1521,0.821172109443954,159941,纳指ETF,纳指ETF广发,0.1170523751304608,1.0,regime_mix_rm511580_rm513650_volume_guard_ag28_co27_vr91_vs90_vb01_vg30_cap08_hi04_dd02_rm06_vm16_oh25_ohh32__proxy_hybrid_breadth_blend_vr91_vs90_vb-1__stressbond_511260_vr905_vb-05_cap25_vs95,0.905,-0.0249999999999999,0.25,0.95,-0.0029877839923073,-0.0240065569523653,1.7487030899202551,False,full_history,False
24.89894613804479,0.2618220114675573,0.210592004687323,1.243266627602022,-0.2320359000792865,43.32593989833997,1548,0.821172109443954,159941,纳指ETF,纳指ETF广发,0.1170523751304608,1.0,regime_mix_rm511580_rm513650_volume_guard_ag28_co27_vr91_vs90_vb01_vg30_cap08_hi04_dd02_rm06_vm16_oh25_ohh32__proxy_hybrid_breadth_blend_vr91_vs90_vb-1__stressbond_511260_vr900_vb-20_cap25_vsna,0.9,-0.04,0.25,,-0.003498277097472,-0.0212851945175072,0.1003526913158481,False,full_history,False
24.89413180805784,0.2618052476205588,0.2119278390339908,1.2353509044112332,-0.2463965761154324,45.35005316530559,1511,0.821172109443954,159941,纳指ETF,纳指ETF广发,0.1170523751304608,1.0,regime_mix_rm511580_rm513650_volume_guard_ag28_co27_vr91_vs90_vb01_vg30_cap08_hi04_dd02_rm06_vm16_oh25_ohh32__proxy_hybrid_breadth_blend_vr91_vs90_vb-1__stressbond_511260_vr900_vb-20_cap15_vs95,0.9,-0.04,0.15,0.95,-0.0035150409444706,-0.0292009177082961,2.124465958281469,False,full_history,False
24.881802369520447,0.2617623024192768,0.2105044113722543,1.2435003177029784,-0.2327466765812045,43.72200130895392,1548,0.821172109443954,159941,纳指ETF,纳指ETF广发,0.1170523751304608,1.0,regime_mix_rm511580_rm513650_volume_guard_ag28_co27_vr91_vs90_vb01_vg30_cap08_hi04_dd02_rm06_vm16_oh25_ohh32__proxy_hybrid_breadth_blend_vr91_vs90_vb-1__stressbond_511260_vr900_vb-20_cap20_vsna,0.9,-0.04,0.2,,-0.0035579861457526,-0.0210515044165509,0.4964141019298012,False,full_history,False
24.87134830977949,0.2617258745468391,0.2119708063156394,1.2347260412696217,-0.2460252378942273,45.22768849589386,1511,0.821172109443954,159941,纳指ETF,纳指ETF广发,0.1170523751304608,1.0,regime_mix_rm511580_rm513650_volume_guard_ag28_co27_vr91_vs90_vb01_vg30_cap08_hi04_dd02_rm06_vm16_oh25_ohh32__proxy_hybrid_breadth_blend_vr91_vs90_vb-1__stressbond_511260_vr900_vb-20_cap20_vs95,0.9,-0.04,0.2,0.95,-0.0035944140181902,-0.0298257808499078,2.0021012888697385,False,full_history,False
24.863025037319787,0.2616968617713282,0.2104391823607302,1.2435747888562558,-0.2334599338998267,44.11814463832596,1548,0.821172109443954,159941,纳指ETF,纳指ETF广发,0.1170523751304608,1.0,regime_mix_rm511580_rm513650_volume_guard_ag28_co27_vr91_vs90_vb01_vg30_cap08_hi04_dd02_rm06_vm16_oh25_ohh32__proxy_hybrid_breadth_blend_vr91_vs90_vb-1__stressbond_511260_vr900_vb-20_cap15_vsna,0.9,-0.04,0.15,,-0.0036234267937012,-0.0209770332632734,0.8925574313018387,False,full_history,False
24.847682152446367,0.2616433577141663,0.2120259662400648,1.2340156366410453,-0.2456541905222071,45.10541995805225,1511,0.821172109443954,159941,纳指ETF,纳指ETF广发,0.1170523751304608,1.0,regime_mix_rm511580_rm513650_volume_guard_ag28_co27_vr91_vs90_vb01_vg30_cap08_hi04_dd02_rm06_vm16_oh25_ohh32__proxy_hybrid_breadth_blend_vr91_vs90_vb-1__stressbond_511260_vr900_vb-20_cap25_vs95,0.9,-0.04,0.25,0.95,-0.003676930850863,-0.030536185478484,1.8798327510281323,False,full_history,False
24.8091202506119,0.2615087534611089,0.2120278719765439,1.2333697028758508,-0.2457575782098268,45.139685578724894,1513,0.821172109443954,159941,纳指ETF,纳指ETF广发,0.1170523751304608,1.0,regime_mix_rm511580_rm513650_volume_guard_ag28_co27_vr91_vs90_vb01_vg30_cap08_hi04_dd02_rm06_vm16_oh25_ohh32__proxy_hybrid_breadth_blend_vr91_vs90_vb-1__stressbond_511260_vr890_vb-20_cap25_vs95,0.89,-0.04,0.25,0.95,-0.0038115351039205,-0.0311821192436785,1.9140983717007745,False,full_history,False
24.8091202506119,0.2615087534611089,0.2120278719765439,1.2333697028758508,-0.2457575782098268,45.139685578724894,1513,0.821172109443954,159941,纳指ETF,纳指ETF广发,0.1170523751304608,1.0,regime_mix_rm511580_rm513650_volume_guard_ag28_co27_vr91_vs90_vb01_vg30_cap08_hi04_dd02_rm06_vm16_oh25_ohh32__proxy_hybrid_breadth_blend_vr91_vs90_vb-1__stressbond_511260_vr895_vb-20_cap25_vs95,0.895,-0.04,0.25,0.95,-0.0038115351039205,-0.0311821192436785,1.9140983717007745,False,full_history,False
24.78841217036159,0.2614363927074059,0.2119745760255816,1.233338439020419,-0.2463868109978844,45.34752442797858,1513,0.821172109443954,159941,纳指ETF,纳指ETF广发,0.1170523751304608,1.0,regime_mix_rm511580_rm513650_volume_guard_ag28_co27_vr91_vs90_vb01_vg30_cap08_hi04_dd02_rm06_vm16_oh25_ohh32__proxy_hybrid_breadth_blend_vr91_vs90_vb-1__stressbond_511260_vr890_vb-20_cap20_vs95,0.89,-0.04,0.2,0.95,-0.0038838958576234,-0.0312133830991103,2.121937220954458,False,full_history,False
24.78841217036159,0.2614363927074059,0.2119745760255816,1.233338439020419,-0.2463868109978844,45.34752442797858,1513,0.821172109443954,159941,纳指ETF,纳指ETF广发,0.1170523751304608,1.0,regime_mix_rm511580_rm513650_volume_guard_ag28_co27_vr91_vs90_vb01_vg30_cap08_hi04_dd02_rm06_vm16_oh25_ohh32__proxy_hybrid_breadth_blend_vr91_vs90_vb-1__stressbond_511260_vr895_vb-20_cap20_vs95,0.895,-0.04,0.2,0.95,-0.0038838958576234,-0.0312133830991103,2.121937220954458,False,full_history,False
24.766840858345443,0.2613609581453833,0.2119333190439239,1.2332225972038655,-0.2470159292478113,45.55532550912669,1513,0.821172109443954,159941,纳指ETF,纳指ETF广发,0.1170523751304608,1.0,regime_mix_rm511580_rm513650_volume_guard_ag28_co27_vr91_vs90_vb01_vg30_cap08_hi04_dd02_rm06_vm16_oh25_ohh32__proxy_hybrid_breadth_blend_vr91_vs90_vb-1__stressbond_511260_vr890_vb-20_cap15_vs95,0.89,-0.04,0.15,0.95,-0.0039593304196461,-0.0313292249156638,2.3297383021025695,False,full_history,False
24.766840858345443,0.2613609581453833,0.2119333190439239,1.2332225972038655,-0.2470159292478113,45.55532550912669,1513,0.821172109443954,159941,纳指ETF,纳指ETF广发,0.1170523751304608,1.0,regime_mix_rm511580_rm513650_volume_guard_ag28_co27_vr91_vs90_vb01_vg30_cap08_hi04_dd02_rm06_vm16_oh25_ohh32__proxy_hybrid_breadth_blend_vr91_vs90_vb-1__stressbond_511260_vr895_vb-20_cap15_vs95,0.895,-0.04,0.15,0.95,-0.0039593304196461,-0.0313292249156638,2.3297383021025695,False,full_history,False
24.72234809443672,0.2612051822172916,0.2119691222415969,1.2322793973717394,-0.2426183455901182,44.48708448296743,1523,0.821172109443954,159941,纳指ETF,纳指ETF广发,0.1170523751304608,1.0,regime_mix_rm511580_rm513650_volume_guard_ag28_co27_vr91_vs90_vb01_vg30_cap08_hi04_dd02_rm06_vm16_oh25_ohh32__proxy_hybrid_breadth_blend_vr91_vs90_vb-1__stressbond_511260_vr905_vb-20_cap25_vs95,0.905,-0.04,0.25,0.95,-0.0041151063477378,-0.0322724247477899,1.261497275943313,False,full_history,False
24.70958334251675,0.2611604446940481,0.2119108994456372,1.2324068529615444,-0.2436090615700671,44.728652527907315,1523,0.821172109443954,159941,纳指ETF,纳指ETF广发,0.1170523751304608,1.0,regime_mix_rm511580_rm513650_volume_guard_ag28_co27_vr91_vs90_vb01_vg30_cap08_hi04_dd02_rm06_vm16_oh25_ohh32__proxy_hybrid_breadth_blend_vr91_vs90_vb-1__stressbond_511260_vr905_vb-20_cap20_vs95,0.905,-0.04,0.2,0.95,-0.0041598438709813,-0.0321449691579849,1.503065320883195,False,full_history,False
24.695877641418893,0.2611123863929674,0.2118655547675842,1.2324437857744588,-0.244600155152672,44.97033617600883,1523,0.821172109443954,159941,纳指ETF,纳指ETF广发,0.1170523751304608,1.0,regime_mix_rm511580_rm513650_volume_guard_ag28_co27_vr91_vs90_vb01_vg30_cap08_hi04_dd02_rm06_vm16_oh25_ohh32__proxy_hybrid_breadth_blend_vr91_vs90_vb-1__stressbond_511260_vr905_vb-20_cap15_vs95,0.905,-0.04,0.15,0.95,-0.004207902172062,-0.0321080363450705,1.744748968984716,False,full_history,False
24.389751655998353,0.2600327219297824,0.2101091987635929,1.2376075081908315,-0.249319564592422,46.077311049980295,1545,0.821172109443954,159941,纳指ETF,纳指ETF广发,0.1170523751304608,1.0,regime_mix_rm511580_rm513650_volume_guard_ag28_co27_vr91_vs90_vb01_vg30_cap08_hi04_dd02_rm06_vm16_oh25_ohh32__proxy_hybrid_breadth_blend_vr91_vs90_vb-1__stressbond_511260_vr895_vb-10_cap15_vsna,0.895,-0.03,0.15,,-0.0052875666352469,-0.0269443139286977,2.851723842956176,False,full_history,False
24.384003187703268,0.26001233247985,0.2101822156877512,1.237080557120622,-0.2484174761454061,45.79739385923753,1545,0.821172109443954,159941,纳指ETF,纳指ETF广发,0.1170523751304608,1.0,regime_mix_rm511580_rm513650_volume_guard_ag28_co27_vr91_vs90_vb01_vg30_cap08_hi04_dd02_rm06_vm16_oh25_ohh32__proxy_hybrid_breadth_blend_vr91_vs90_vb-1__stressbond_511260_vr895_vb-10_cap20_vsna,0.895,-0.03,0.2,,-0.0053079560851794,-0.0274712649989072,2.571806652213411,False,full_history,False
24.37644183905376,0.2599855063292853,0.210280558682953,1.2363744321284311,-0.2475170295792108,45.51803996315222,1545,0.821172109443954,159941,纳指ETF,纳指ETF广发,0.1170523751304608,1.0,regime_mix_rm511580_rm513650_volume_guard_ag28_co27_vr91_vs90_vb01_vg30_cap08_hi04_dd02_rm06_vm16_oh25_ohh32__proxy_hybrid_breadth_blend_vr91_vs90_vb-1__stressbond_511260_vr895_vb-10_cap25_vsna,0.895,-0.03,0.25,,-0.0053347822357441,-0.0281773899910982,2.2924527561280996,False,full_history,False
24.2481901281013,0.2595293607377218,0.2103421049241802,1.2338440790600225,-0.2479526553108378,45.660434222594816,1546,0.821172109443954,159941,纳指ETF,纳指ETF广发,0.1170523751304608,1.0,regime_mix_rm511580_rm513650_volume_guard_ag28_co27_vr91_vs90_vb01_vg30_cap08_hi04_dd02_rm06_vm16_oh25_ohh32__proxy_hybrid_breadth_blend_vr91_vs90_vb-1__stressbond_511260_vr895_vb-15_cap25_vsna,0.895,-0.0349999999999999,0.25,,-0.0057909278273076,-0.0307077430595068,2.4348470155706963,False,full_history,False
24.18609568857185,0.2593077394471634,0.2102667394697479,1.2332323224352435,-0.2475170295792106,45.51803996315216,1544,0.821172109443954,159941,纳指ETF,纳指ETF广发,0.1170523751304608,1.0,regime_mix_rm511580_rm513650_volume_guard_ag28_co27_vr91_vs90_vb01_vg30_cap08_hi04_dd02_rm06_vm16_oh25_ohh32__proxy_hybrid_breadth_blend_vr91_vs90_vb-1__stressbond_511260_vr895_vb-05_cap25_vsna,0.895,-0.0249999999999999,0.25,,-0.0060125491178659,-0.0313194996842858,2.292452756128043,False,full_history,False
24.164708564026206,0.2592312891739998,0.2102511204494838,1.232960322017805,-0.2499387090107232,46.29467816723555,1546,0.821172109443954,159941,纳指ETF,纳指ETF广发,0.1170523751304608,1.0,regime_mix_rm511580_rm513650_volume_guard_ag28_co27_vr91_vs90_vb01_vg30_cap08_hi04_dd02_rm06_vm16_oh25_ohh32__proxy_hybrid_breadth_blend_vr91_vs90_vb-1__stressbond_511260_vr895_vb-15_cap20_vsna,0.895,-0.0349999999999999,0.2,,-0.0060889993910295,-0.0315915001017244,3.069090960211433,False,full_history,False
24.152577898200384,0.2591879001582409,0.2101663913105275,1.2332509424653084,-0.2484174761454057,45.79739385923736,1544,0.821172109443954,159941,纳指ETF,纳指ETF广发,0.1170523751304608,1.0,regime_mix_rm511580_rm513650_volume_guard_ag28_co27_vr91_vs90_vb01_vg30_cap08_hi04_dd02_rm06_vm16_oh25_ohh32__proxy_hybrid_breadth_blend_vr91_vs90_vb-1__stressbond_511260_vr895_vb-05_cap20_vsna,0.895,-0.0249999999999999,0.2,,-0.0061323884067885,-0.0313008796542209,2.5718066522132403,False,full_history,False
24.11726979128989,0.259061499301582,0.2100919259818875,1.233086412487438,-0.2493195645924193,46.077311049979784,1544,0.821172109443954,159941,纳指ETF,纳指ETF广发,0.1170523751304608,1.0,regime_mix_rm511580_rm513650_volume_guard_ag28_co27_vr91_vs90_vb01_vg30_cap08_hi04_dd02_rm06_vm16_oh25_ohh32__proxy_hybrid_breadth_blend_vr91_vs90_vb-1__stressbond_511260_vr895_vb-05_cap15_vsna,0.895,-0.0249999999999999,0.15,,-0.0062587892634473,-0.0314654096320912,2.851723842955664,False,full_history,False
24.07981267600565,0.2589272246431138,0.2101841244385552,1.2319066691395524,-0.2519214721831152,46.92792215132862,1546,0.821172109443954,159941,纳指ETF,纳指ETF广发,0.1170523751304608,1.0,regime_mix_rm511580_rm513650_volume_guard_ag28_co27_vr91_vs90_vb01_vg30_cap08_hi04_dd02_rm06_vm16_oh25_ohh32__proxy_hybrid_breadth_blend_vr91_vs90_vb-1__stressbond_511260_vr895_vb-15_cap15_vsna,0.895,-0.0349999999999999,0.15,,-0.0063930639219156,-0.0326451529799769,3.702334944304503,False,full_history,False
24.00763780360884,0.2586679693438773,0.2106294585614931,1.22807118771736,-0.2458210565057901,45.158691077090026,1536,0.821172109443954,159941,纳指ETF,纳指ETF广发,0.1170523751304608,1.0,regime_mix_rm511580_rm513650_volume_guard_ag28_co27_vr91_vs90_vb01_vg30_cap08_hi04_dd02_rm06_vm16_oh25_ohh32__proxy_hybrid_breadth_blend_vr91_vs90_vb-1__stressbond_511260_vr890_vb-10_cap25_vsna,0.89,-0.03,0.25,,-0.006652319221152,-0.0364806344021693,1.9331038700659064,False,full_history,False
23.99568203198938,0.2586249566266798,0.2092784451323805,1.2357935690084318,-0.2350518135174423,43.866148222213894,1568,0.821172109443954,159941,纳指ETF,纳指ETF广发,0.1170523751304608,1.0,regime_mix_rm511580_rm513650_volume_guard_ag28_co27_vr91_vs90_vb01_vg30_cap08_hi04_dd02_rm06_vm16_oh25_ohh32__proxy_hybrid_breadth_blend_vr91_vs90_vb-1__stressbond_511260_vr905_vb-10_cap25_vsna,0.905,-0.03,0.25,,-0.0066953319383495,-0.0287582531110974,0.6405610151897747,False,full_history,False
23.99191667802216,0.2586114062341729,0.2105380605520597,1.2283356536868355,-0.2466103918343165,45.414502323760146,1536,0.821172109443954,159941,纳指ETF,纳指ETF广发,0.1170523751304608,1.0,regime_mix_rm511580_rm513650_volume_guard_ag28_co27_vr91_vs90_vb01_vg30_cap08_hi04_dd02_rm06_vm16_oh25_ohh32__proxy_hybrid_breadth_blend_vr91_vs90_vb-1__stressbond_511260_vr890_vb-10_cap20_vsna,0.89,-0.03,0.2,,-0.0067088823308565,-0.0362161684326938,2.188915116736027,False,full_history,False
23.988450728899373,0.2585989316352857,0.2091516989041642,1.236418030502247,-0.2357139147859224,44.11123608943774,1568,0.821172109443954,159941,纳指ETF,纳指ETF广发,0.1170523751304608,1.0,regime_mix_rm511580_rm513650_volume_guard_ag28_co27_vr91_vs90_vb01_vg30_cap08_hi04_dd02_rm06_vm16_oh25_ohh32__proxy_hybrid_breadth_blend_vr91_vs90_vb-1__stressbond_511260_vr905_vb-10_cap20_vsna,0.905,-0.03,0.2,,-0.0067213569297437,-0.0281337916172823,0.8856488824136193,False,full_history,False
23.97902115499186,0.2585649847026714,0.2090562376512176,1.2368202336734504,-0.2363806815741609,44.35732187387066,1568,0.821172109443954,159941,纳指ETF,纳指ETF广发,0.1170523751304608,1.0,regime_mix_rm511580_rm513650_volume_guard_ag28_co27_vr91_vs90_vb01_vg30_cap08_hi04_dd02_rm06_vm16_oh25_ohh32__proxy_hybrid_breadth_blend_vr91_vs90_vb-1__stressbond_511260_vr905_vb-10_cap15_vsna,0.905,-0.03,0.15,,-0.006755303862358,-0.0277315884460789,1.1317346668465404,False,full_history,False
23.97457080280973,0.2585489590812579,0.2104698954268682,1.2284367726646956,-0.2474016179322246,45.67092960049268,1536,0.821172109443954,159941,纳指ETF,纳指ETF广发,0.1170523751304608,1.0,regime_mix_rm511580_rm513650_volume_guard_ag28_co27_vr91_vs90_vb01_vg30_cap08_hi04_dd02_rm06_vm16_oh25_ohh32__proxy_hybrid_breadth_blend_vr91_vs90_vb-1__stressbond_511260_vr890_vb-10_cap15_vsna,0.89,-0.03,0.15,,-0.0067713294837714,-0.0361150494548336,2.4453423934685574,False,full_history,False
23.881250016245467,0.2582123007329493,0.2106908959672861,1.2255503473346177,-0.246257664066296,45.30129336997336,1537,0.821172109443954,159941,纳指ETF,纳指ETF广发,0.1170523751304608,1.0,regime_mix_rm511580_rm513650_volume_guard_ag28_co27_vr91_vs90_vb01_vg30_cap08_hi04_dd02_rm06_vm16_oh25_ohh32__proxy_hybrid_breadth_blend_vr91_vs90_vb-1__stressbond_511260_vr890_vb-15_cap25_vsna,0.89,-0.0349999999999999,0.25,,-0.0071079878320801,-0.0390014747849116,2.0757061629492384,False,full_history,False
23.878244935026764,0.2582014403124024,0.2108916768924453,1.2243320557600057,-0.2479526553108386,45.660434222595,1542,0.821172109443954,159941,纳指ETF,纳指ETF广发,0.1170523751304608,1.0,regime_mix_rm511580_rm513650_volume_guard_ag28_co27_vr91_vs90_vb01_vg30_cap08_hi04_dd02_rm06_vm16_oh25_ohh32__proxy_hybrid_breadth_blend_vr91_vs90_vb-1__stressbond_511260_vr895_vb-20_cap25_vsna,0.895,-0.04,0.25,,-0.0071188482526269,-0.0402197663595238,2.434847015570881,False,full_history,False
23.869354668706382,0.2581693035874073,0.2093402768396653,1.2332519450384614,-0.2354946555836332,44.0077617496112,1569,0.821172109443954,159941,纳指ETF,纳指ETF广发,0.1170523751304608,1.0,regime_mix_rm511580_rm513650_volume_guard_ag28_co27_vr91_vs90_vb01_vg30_cap08_hi04_dd02_rm06_vm16_oh25_ohh32__proxy_hybrid_breadth_blend_vr91_vs90_vb-1__stressbond_511260_vr905_vb-15_cap25_vsna,0.905,-0.0349999999999999,0.25,,-0.0071509849776221,-0.0312998770810679,0.7821745425870787,False,full_history,False
23.820058015285767,0.2579909111865228,0.2106156515380227,1.2249370324690587,-0.2458210565057902,45.15869107709001,1535,0.821172109443954,159941,纳指ETF,纳指ETF广发,0.1170523751304608,1.0,regime_mix_rm511580_rm513650_volume_guard_ag28_co27_vr91_vs90_vb01_vg30_cap08_hi04_dd02_rm06_vm16_oh25_ohh32__proxy_hybrid_breadth_blend_vr91_vs90_vb-1__stressbond_511260_vr890_vb-05_cap25_vsna,0.89,-0.0249999999999999,0.25,,-0.0073293773785065,-0.0396147896504706,1.933103870065892,False,full_history,False
23.80819192271258,0.2579479216065716,0.2092645455727567,1.2326403447873535,-0.2350518135174422,43.86614822221395,1567,0.821172109443954,159941,纳指ETF,纳指ETF广发,0.1170523751304608,1.0,regime_mix_rm511580_rm513650_volume_guard_ag28_co27_vr91_vs90_vb01_vg30_cap08_hi04_dd02_rm06_vm16_oh25_ohh32__proxy_hybrid_breadth_blend_vr91_vs90_vb-1__stressbond_511260_vr905_vb-05_cap25_vsna,0.905,-0.0249999999999999,0.25,,-0.0073723669584577,-0.0319114773321758,0.6405610151898316,False,full_history,False
23.77600932399477,0.2578312313198749,0.2106068360978784,1.224230115683658,-0.2481352823100192,45.9125616194264,1537,0.821172109443954,159941,纳指ETF,纳指ETF广发,0.1170523751304608,1.0,regime_mix_rm511580_rm513650_volume_guard_ag28_co27_vr91_vs90_vb01_vg30_cap08_hi04_dd02_rm06_vm16_oh25_ohh32__proxy_hybrid_breadth_blend_vr91_vs90_vb-1__stressbond_511260_vr890_vb-15_cap20_vsna,0.89,-0.0349999999999999,0.2,,-0.0074890572451544,-0.0403217064358711,2.6869744124022787,False,full_history,False
23.772573317509757,0.2578187644536127,0.2092209265835988,1.2322800049860003,-0.2372608601637484,44.60585760286992,1569,0.821172109443954,159941,纳指ETF,纳指ETF广发,0.1170523751304608,1.0,regime_mix_rm511580_rm513650_volume_guard_ag28_co27_vr91_vs90_vb01_vg30_cap08_hi04_dd02_rm06_vm16_oh25_ohh32__proxy_hybrid_breadth_blend_vr91_vs90_vb-1__stressbond_511260_vr905_vb-15_cap20_vsna,0.905,-0.0349999999999999,0.2,,-0.0075015241114166,-0.032271817133529,1.3802703958457982,False,full_history,False
23.76406603091681,0.2577878905455579,0.2105222490345577,1.2245161341746895,-0.2466103918343163,45.41450232376,1535,0.821172109443954,159941,纳指ETF,纳指ETF广发,0.1170523751304608,1.0,regime_mix_rm511580_rm513650_volume_guard_ag28_co27_vr91_vs90_vb01_vg30_cap08_hi04_dd02_rm06_vm16_oh25_ohh32__proxy_hybrid_breadth_blend_vr91_vs90_vb-1__stressbond_511260_vr890_vb-05_cap20_vsna,0.89,-0.0249999999999999,0.2,,-0.0075323980194714,-0.0400356879448398,2.1889151167358776,False,full_history,False
23.760631680760874,0.2577754241088623,0.2091357786698425,1.23257448222576,-0.2357139147859202,44.111236089437305,1567,0.821172109443954,159941,纳指ETF,纳指ETF广发,0.1170523751304608,1.0,regime_mix_rm511580_rm513650_volume_guard_ag28_co27_vr91_vs90_vb01_vg30_cap08_hi04_dd02_rm06_vm16_oh25_ohh32__proxy_hybrid_breadth_blend_vr91_vs90_vb-1__stressbond_511260_vr905_vb-05_cap20_vsna,0.905,-0.0249999999999999,0.2,,-0.007544864456167,-0.0319773398937692,0.8856488824131858,False,full_history,False
23.755967546934567,0.2577584910774135,0.2108152891633312,1.2226745607512015,-0.2499387090107216,46.29467816723528,1542,0.821172109443954,159941,纳指ETF,纳指ETF广发,0.1170523751304608,1.0,regime_mix_rm511580_rm513650_volume_guard_ag28_co27_vr91_vs90_vb01_vg30_cap08_hi04_dd02_rm06_vm16_oh25_ohh32__proxy_hybrid_breadth_blend_vr91_vs90_vb-1__stressbond_511260_vr895_vb-20_cap20_vsna,0.895,-0.04,0.2,,-0.0075617974876158,-0.0418772613683278,3.069090960211156,False,full_history,False
23.71094723465069,0.2575948933939844,0.2090388560395693,1.2322823530244724,-0.2363806815741619,44.357321873870845,1567,0.821172109443954,159941,纳指ETF,纳指ETF广发,0.1170523751304608,1.0,regime_mix_rm511580_rm513650_volume_guard_ag28_co27_vr91_vs90_vb01_vg30_cap08_hi04_dd02_rm06_vm16_oh25_ohh32__proxy_hybrid_breadth_blend_vr91_vs90_vb-1__stressbond_511260_vr905_vb-05_cap15_vsna,0.905,-0.0249999999999999,0.15,,-0.0077253951710449,-0.0322694690950569,1.1317346668467252,False,full_history,False
23.706544643481912,0.2575788801249861,0.210452634866652,1.2239280362927951,-0.2474016179322242,45.67092960049247,1535,0.821172109443954,159941,纳指ETF,纳指ETF广发,0.1170523751304608,1.0,regime_mix_rm511580_rm513650_volume_guard_ag28_co27_vr91_vs90_vb01_vg30_cap08_hi04_dd02_rm06_vm16_oh25_ohh32__proxy_hybrid_breadth_blend_vr91_vs90_vb-1__stressbond_511260_vr890_vb-05_cap15_vsna,0.89,-0.0249999999999999,0.15,,-0.0077414084400433,-0.0406237858267339,2.4453423934683514,False,full_history,False
23.674096063841233,0.2574607751440858,0.2091315162786241,1.2310950531295006,-0.2390274361814456,45.20348602900678,1569,0.821172109443954,159941,纳指ETF,纳指ETF广发,0.1170523751304608,1.0,regime_mix_rm511580_rm513650_volume_guard_ag28_co27_vr91_vs90_vb01_vg30_cap08_hi04_dd02_rm06_vm16_oh25_ohh32__proxy_hybrid_breadth_blend_vr91_vs90_vb-1__stressbond_511260_vr905_vb-15_cap15_vsna,0.905,-0.0349999999999999,0.15,,-0.0078595134209435,-0.0334567689900286,1.977898821982663,False,full_history,False
23.66970003820925,0.2574447635828478,0.2105446733934718,1.222756004383582,-0.2500101732517492,46.52294924658029,1537,0.821172109443954,159941,纳指ETF,纳指ETF广发,0.1170523751304608,1.0,regime_mix_rm511580_rm513650_volume_guard_ag28_co27_vr91_vs90_vb01_vg30_cap08_hi04_dd02_rm06_vm16_oh25_ohh32__proxy_hybrid_breadth_blend_vr91_vs90_vb-1__stressbond_511260_vr890_vb-15_cap15_vsna,0.89,-0.0349999999999999,0.15,,-0.0078755249821815,-0.0417958177359472,3.2973620395561696,False,full_history,False
23.63284697199484,0.2573104300583422,0.2107597559745466,1.2208707913355974,-0.2519214721831155,46.92792215132867,1542,0.821172109443954,159941,纳指ETF,纳指ETF广发,0.1170523751304608,1.0,regime_mix_rm511580_rm513650_volume_guard_ag28_co27_vr91_vs90_vb01_vg30_cap08_hi04_dd02_rm06_vm16_oh25_ohh32__proxy_hybrid_breadth_blend_vr91_vs90_vb-1__stressbond_511260_vr895_vb-20_cap15_vsna,0.895,-0.04,0.15,,-0.0080098585066872,-0.0436810307839319,3.7023349443045537,False,full_history,False
23.516681356294217,0.2568857688825501,0.2112395419523784,1.2160875114019236,-0.2462576640662959,45.30129336997342,1533,0.821172109443954,159941,纳指ETF,纳指ETF广发,0.1170523751304608,1.0,regime_mix_rm511580_rm513650_volume_guard_ag28_co27_vr91_vs90_vb01_vg30_cap08_hi04_dd02_rm06_vm16_oh25_ohh32__proxy_hybrid_breadth_blend_vr91_vs90_vb-1__stressbond_511260_vr890_vb-20_cap25_vsna,0.89,-0.04,0.25,,-0.0084345196824793,-0.0484643107176057,2.0757061629493023,False,full_history,False
23.373581804327777,0.2563600707322673,0.2111700323106694,1.213998349704825,-0.2481352823100185,45.912561619426285,1533,0.821172109443954,159941,纳指ETF,纳指ETF广发,0.1170523751304608,1.0,regime_mix_rm511580_rm513650_volume_guard_ag28_co27_vr91_vs90_vb01_vg30_cap08_hi04_dd02_rm06_vm16_oh25_ohh32__proxy_hybrid_breadth_blend_vr91_vs90_vb-1__stressbond_511260_vr890_vb-20_cap20_vsna,0.89,-0.04,0.2,,-0.0089602178327621,-0.0505534724147043,2.686974412402165,False,full_history,False
23.230043251782693,0.2558298728690606,0.2111192958024715,1.211778733424829,-0.2500101732517487,46.52294924658017,1533,0.821172109443954,159941,纳指ETF,纳指ETF广发,0.1170523751304608,1.0,regime_mix_rm511580_rm513650_volume_guard_ag28_co27_vr91_vs90_vb01_vg30_cap08_hi04_dd02_rm06_vm16_oh25_ohh32__proxy_hybrid_breadth_blend_vr91_vs90_vb-1__stressbond_511260_vr890_vb-20_cap15_vsna,0.89,-0.04,0.15,,-0.0094904156959687,-0.0527730886947006,3.297362039556049,False,full_history,False
23.06730011456804,0.2552251983644253,0.2099982880396408,1.2153679953631202,-0.2289452486943666,42.71353136384304,1563,0.821172109443954,159941,纳指ETF,纳指ETF广发,0.1170523751304608,1.0,regime_mix_rm511580_rm513650_volume_guard_ag28_co27_vr91_vs90_vb01_vg30_cap08_hi04_dd02_rm06_vm16_oh25_ohh32__proxy_hybrid_breadth_blend_vr91_vs90_vb-1__stressbond_511260_vr905_vb-20_cap25_vsna,0.905,-0.04,0.25,,-0.010095090200604,-0.049183826756409,-0.5120558431810807,False,full_history,False
22.90654423328257,0.2546241686176318,0.2098958814125187,1.2130974981696108,-0.230287947976682,43.22709771462635,1563,0.821172109443954,159941,纳指ETF,纳指ETF广发,0.1170523751304608,1.0,regime_mix_rm511580_rm513650_volume_guard_ag28_co27_vr91_vs90_vb01_vg30_cap08_hi04_dd02_rm06_vm16_oh25_ohh32__proxy_hybrid_breadth_blend_vr91_vs90_vb-1__stressbond_511260_vr905_vb-20_cap20_vsna,0.905,-0.04,0.2,,-0.0106961199473976,-0.0514543239499185,0.0015105076022337,False,full_history,False
22.74511708223326,0.2540168409731704,0.2098196271329506,1.210643848929417,-0.2316326748934395,43.741815926895214,1563,0.821172109443954,159941,纳指ETF,纳指ETF广发,0.1170523751304608,1.0,regime_mix_rm511580_rm513650_volume_guard_ag28_co27_vr91_vs90_vb01_vg30_cap08_hi04_dd02_rm06_vm16_oh25_ohh32__proxy_hybrid_breadth_blend_vr91_vs90_vb-1__stressbond_511260_vr905_vb-20_cap15_vsna,0.905,-0.04,0.15,,-0.0113034475918589,-0.0539079731901124,0.5162287198710942,False,full_history,False
