date,nav,drawdown,entry_risk_level
2013-03-04,1.0746885472876495,-0.0708804658328831,低
2013-03-11,1.080140970463673,-0.06616658580301338,低
2013-03-12,1.0759698810570506,-0.069772691642916,低
2013-03-20,1.0724903157872188,-0.07278094186645256,低
2013-03-21,1.0732696340097632,-0.07210718407334504,低
2013-03-22,1.074047425270606,-0.07143474641149639,低
2013-03-25,1.0736038416303413,-0.07181824563668793,低
2013-03-26,1.0688299846401734,-0.07594547281713904,低
2013-03-27,1.0695042465463716,-0.07536254122288832,低
2013-03-28,1.0605293857361922,-0.08312173668115785,低
2013-09-17,1.0783718928766102,-0.06769603779889233,低
2013-09-18,1.0717586501452856,-0.0734135017296006,低
2013-09-25,1.066305190268234,-0.07812827803698141,低
2013-09-26,1.067278614557562,-0.07728670628623557,低
2013-09-27,1.0640346066105786,-0.08009130596317693,低
2013-09-30,1.0728001090906656,-0.07251311077202705,低
2013-10-09,1.0660019198030206,-0.07839046982647868,低
2013-10-10,1.0594795371197134,-0.08402938090975831,低
2013-10-16,1.0299690413032412,-0.10954261280865796,低
2013-10-17,1.0241504637454668,-0.11457305077474489,低
2013-10-18,1.0481053066746375,-0.09386294591732303,低
2013-10-22,1.0355894889061528,-0.10468346764347725,低
2013-10-29,1.0439077841118691,-0.09749190448212619,低
2013-10-31,1.0397027454523209,-0.10112736107126985,低
2013-11-01,1.0353258873581854,-0.10491136376098142,低
2013-11-20,1.0272386141838314,-0.1119031973516551,低
2013-11-21,1.0124935623055946,-0.12465099834660742,低
2013-11-28,1.010040718931854,-0.1267715984949448,低
2013-11-29,1.0110342016062133,-0.1259126853131366,低
2013-12-02,1.013351758515339,-0.12390904676944192,低
2013-12-03,1.0004470340803682,-0.13506579686772502,低
2013-12-04,0.9994511515080776,-0.13592678487582,低
2013-12-05,1.0064240665185988,-0.1298983670958841,低
2013-12-06,1.0027779027535253,-0.13305064966877678,低
2013-12-09,1.0051002998814904,-0.13104282652491617,低
2013-12-10,1.011731889488956,-0.12530950084425574,低
2013-12-11,1.0173595188129028,-0.12044414673852233,低
2013-12-12,1.013392560494217,-0.12387377151159729,低
2013-12-13,1.000156412765313,-0.13531705286328255,低
2013-12-16,1.0004884148940318,-0.13503002117958562,低
2013-12-17,1.0094517287728004,-0.12728080859455004,低
2013-12-18,1.0031581823095737,-0.13272187984531425,低
2013-12-19,0.99685474933268,-0.13817149845893617,低
2014-01-09,0.9767025956935992,-0.1555939969575596,低
2014-01-13,0.9821986157960988,-0.1508424253042695,低
2014-01-14,0.985007190269372,-0.14841427864460033,低
2014-01-20,0.9756051295280698,-0.15654280882966376,低
2014-01-21,0.9724311396800728,-0.15928687451870926,低
2014-01-23,0.9639282621005174,-0.16663801795066946,低
2014-01-24,0.9774375617342428,-0.1549585837422287,低
2014-01-27,0.983794879208937,-0.14946237940884477,低
2014-01-28,0.978629558760748,-0.15392804542971916,低
2014-01-29,0.9754509000234008,-0.15667614759641113,低
2014-01-30,0.977834894076411,-0.15461507097139227,低
2014-02-07,0.9853842085776106,-0.1480883283254989,低
2014-02-10,0.9937281877631468,-0.14087456013793254,低
2014-02-11,0.9992908405535044,-0.13606538134622148,低
2014-02-12,1.0016748346065147,-0.1340043047212025,低
2014-02-13,1.0000855052378412,-0.1353783558045485,低
2014-02-14,1.0139921372137348,-0.1233554088252713,低
2014-02-18,1.023107926527286,-0.11547437395061078,低
2014-03-24,1.0479028831033497,-0.09403795075452359,低
2014-03-25,1.0352010299748242,-0.10501930892719602,低
2014-03-26,1.0375826274364226,-0.10296030426982006,低
2014-03-27,1.0240869084873645,-0.11462799732828444,低
2014-03-28,1.0272623717694958,-0.11188265778511641,低
2014-04-01,1.0203894048368711,-0.11782466568210481,低
2014-04-02,1.0223063790612223,-0.11616734998553879,低
2014-04-03,1.026138531048332,-0.11285427171918228,低
2014-04-04,1.0232670979260825,-0.11533676268055881,低
2014-04-08,1.0366765263544429,-0.10374367189509359,低
2014-04-09,1.0379494982977793,-0.10264312690279276,低
2014-04-11,1.038164061197348,-0.10245762703699446,低
2014-04-14,1.047356964334668,-0.09450992358174948,低
2014-04-18,1.0294408924991054,-0.10999922265353634,低
2014-04-21,1.0249702690031806,-0.1138642900076583,低
2014-04-22,1.028806415039216,-0.11054775869540612,低
2014-04-23,1.0281676528102432,-0.11109999912462121,低
2014-04-24,1.0275287913560698,-0.11165232533875746,低
2014-04-25,1.0329599579174544,-0.10695682266662654,低
2014-04-30,1.0451002304384216,-0.09646097772828477,低
2014-05-05,1.0499016097513083,-0.09230995618645488,低
2014-05-06,1.0507018396367898,-0.09161811926281627,低
2014-05-07,1.0503017246940491,-0.09196403772463546,低
2014-05-08,1.035097356869907,-0.10510893927376441,低
2014-05-09,1.0354974718126473,-0.10476302081194544,低
2014-05-12,1.0373942967216974,-0.10312312515999944,低
2014-05-13,1.0380344166116915,-0.10256971096804257,低
2014-05-14,1.038890548997239,-0.10182954366538266,低
2014-05-15,1.0436891196623534,-0.09768095033358304,低
2014-05-23,1.0362539937395154,-0.10410897150430842,低
2014-05-26,1.0350569348326155,-0.10514388605397629,低
2014-05-27,1.0330618366544495,-0.10686874363675569,低
2014-06-05,1.0177805060942848,-0.12008018314390212,低
2014-06-10,1.023449099160804,-0.11517941392789077,低
2014-06-11,1.0263720795312754,-0.11265235791054862,低
2014-06-12,1.0263720795312754,-0.11265235791054862,低
2014-06-13,1.0309157029663547,-0.1087241786254094,低
2014-06-16,1.0344817635741,-0.10564114905461686,低
2014-06-17,1.0283275080726022,-0.11096179662188499,低
2014-06-18,1.027678721001263,-0.11152270400571984,低
2014-06-20,1.0339888176966148,-0.10606732428949261,低
2014-06-23,1.037033908860722,-0.10343469766382285,低
2014-06-24,1.036930205469836,-0.10352435419405659,低
2014-06-25,1.034413575467937,-0.10570010092638815,低
2014-06-26,1.035043115871417,-0.10515583320538469,低
2014-06-27,1.0359872829098402,-0.1043395557442266,低
2014-06-30,1.034414029632832,-0.10569970827916342,低
2014-07-01,1.0372469626923058,-0.10325050245931167,低
2014-07-02,1.039134296058842,-0.10161881269881312,低
2014-07-03,1.0372478192732586,-0.10324976190420121,低
2014-07-04,1.03630415181069,-0.10406560745819293,低
2014-07-07,1.0306408577742294,-0.1089617954098443,低
2014-07-08,1.0344215808291135,-0.10569317990962857,低
2014-07-09,1.035680671380142,-0.10460463604340953,低
2014-07-14,1.0347629743094662,-0.10539802895428108,低
2014-07-15,1.0284678383440855,-0.1108404744055097,低
2014-07-16,1.0224782938449168,-0.11601872145111747,低
2014-07-17,1.02658241358864,-0.11247051408063957,低
2014-07-18,1.031628594423484,-0.10810784994094425,低
2014-07-21,1.031628594423484,-0.10810784994094425,低
2014-07-22,1.027848581253077,-0.11137585171215314,低
2014-07-23,1.0269027083255438,-0.11219360399585343,低
2014-08-28,1.0561343362325486,-0.08692146671249845,低
2014-08-29,1.0568710732718756,-0.08628452238429218,低
2014-09-01,1.0569799558686108,-0.08619038818344593,低
2014-09-02,1.0573968278129064,-0.08582998249412421,低
2014-09-03,1.0578954341521307,-0.08539891351995299,低
2014-09-04,1.0599485226385268,-0.08362392054836276,低
2014-09-09,1.057694411879654,-0.08557270686746021,低
2014-09-10,1.0538338758049388,-0.08891032453206416,低
2014-09-11,1.0495075258502728,-0.09265066052491366,低
2014-09-12,1.0480895232014225,-0.093876591483118,低
2014-09-15,1.045792480604596,-0.09586249442486983,低
2014-09-16,1.0406998112480452,-0.10026535011005189,低
2014-09-17,1.0418706189747575,-0.0992531309583845,低
2014-09-18,1.0370840289574794,-0.10339136644840319,低
2014-09-19,1.0391099004881177,-0.10163990383388144,低
2014-09-22,1.02609506475808,-0.11289185040135286,低
2014-09-23,1.0302024091836568,-0.10934085513952807,低
2014-09-24,1.0372867856950447,-0.10321607357305673,低
2014-09-25,1.031808831546715,-0.10795202634684453,低
2014-09-26,1.038685202209643,-0.10200707576257995,低
2014-09-29,1.0387436410980635,-0.10195655255478786,低
2014-09-30,1.0399777919587745,-0.10088957024099121,低
2014-10-13,1.0287568811657952,-0.11059058309277625,低
2014-10-14,1.0284452462948586,-0.1108600063101779,低
2014-10-15,1.0264127227026156,-0.11261721994939888,低
2014-10-16,1.0298588924278498,-0.10963784176783031,低
2014-10-17,1.0293686581858392,-0.11006167266443678,低
2014-10-20,1.0300550781654034,-0.10946822983556759,低
2014-10-21,1.0282687120723988,-0.11101262856985517,低
2014-10-22,1.0266982653121426,-0.11237035473713053,低
2014-10-23,1.0237696095533084,-0.11490231739854662,低
2014-10-24,1.0235425723503684,-0.11509860189489363,低
2014-10-27,1.0209300777452324,-0.11735722815146277,低
2014-10-28,1.0258710897332202,-0.11308548749861991,低
2014-10-29,1.027654414393956,-0.11154371822766829,低
2014-10-30,1.021416849758766,-0.1169363905165951,低
2014-10-31,1.015222583921848,-0.1222916289281607,低
2014-11-03,1.0064522505537985,-0.12987400065248822,低
2014-11-04,1.0050018462534114,-0.13112794438468,低
2014-11-05,0.993531747553434,-0.14104439207352049,低
2014-11-06,0.9910833967464896,-0.1431611081834735,低
2014-11-07,0.9895341686015844,-0.1445004898452078,低
2014-11-10,1.0090220119033095,-0.12765231933467358,低
2014-11-11,0.9986005542858126,-0.13666216676567944,低
2014-11-12,1.0107586616108453,-0.12615090278813135,低
2014-11-13,1.0066086954195703,-0.12973874660034856,低
2014-11-14,1.0040911339995535,-0.13191529858809115,低
2014-11-17,1.0163340739145168,-0.1213306927882658,低
2014-11-18,1.014660043019228,-0.12277797238339838,低
2014-11-19,1.0163432032753723,-0.1213228000201455,低
2014-11-20,1.0117183647551309,-0.12532119362205918,低
2014-11-21,1.0210591624242735,-0.11724562828640284,低
2015-02-17,1.230259698208546,-0.07926956673558427,低
2015-02-26,1.223200659965907,-0.0845525743388077,低
2015-03-03,1.221884990598435,-0.08553722565146082,低
2015-03-09,1.218916145930581,-0.08775911883491494,低
2015-03-11,1.2155759787900742,-0.090258910986875,低
2015-03-12,1.2224415210497883,-0.08512071641821073,低
2015-06-19,1.5067573689659104,-0.12218820111807005,低
2015-06-23,1.5174277768147748,-0.11597179886145204,低
2015-06-24,1.5301300189526468,-0.10857168371980075,低
2015-06-25,1.5128023145745204,-0.11866651628139391,低
2015-06-26,1.482359423022712,-0.13640203889881475,低
2015-06-30,1.4668600059187034,-0.14543174168303186,低
2015-08-07,1.4407394149007846,-0.16064916385169503,低
2015-08-10,1.4449555704816557,-0.15819290168829814,低
2015-08-11,1.4731201441579602,-0.14178468919652376,低
2015-08-17,1.472871816280927,-0.1419293608901493,低
2015-08-18,1.4733838968776345,-0.14163103124595655,低
2015-08-19,1.477480185730813,-0.13924460144577144,低
2015-08-20,1.495900717916548,-0.1285131055676927,低
2015-08-21,1.5181937705131856,-0.11552554366457479,低
2015-08-25,1.5042187650942356,-0.12366714953879221,低
2015-08-26,1.4921494422324155,-0.1306985364301615,低
2015-08-27,1.4749982992182498,-0.1406905072757919,低
2015-08-28,1.4819858019277246,-0.1366197043386833,低
2015-08-31,1.4857971670419834,-0.13439926637298782,低
2015-09-07,1.4692812515468612,-0.1440211642243353,低
2015-09-08,1.4629289763564293,-0.14772189416716153,低
2015-09-09,1.4692812515468612,-0.1440211642243353,低
2015-09-10,1.4521301085326954,-0.15401313506996572,低
2015-09-11,1.4527653360517383,-0.15364306207568323,低
2015-09-14,1.4495891984565226,-0.15549342704709623,低
2015-09-15,1.448318743418436,-0.15623357303566154,低
2015-09-16,1.4464130608613066,-0.15734379201850923,低
2015-09-17,1.4641994313945157,-0.14698174817859622,低
2015-09-21,1.470985299867282,-0.14302841399636934,低
2015-09-22,1.4622107816746357,-0.14814030245143972,低
2015-09-23,1.457823522578312,-0.1506962466789752,低
2015-09-24,1.4691050459688575,-0.1441238186653132,低
2015-09-25,1.4785063154609794,-0.13864679532059443,低
2015-09-30,1.468409332597151,-0.1445291297120035,低
2015-10-13,1.5521521309695083,-0.09574196729507367,低
2015-10-21,1.541684616146887,-0.1018401674469499,低
2015-11-02,1.5136734370970977,-0.11815901477893576,低
2015-11-24,1.570837325040655,-0.0848562838015805,低
2015-11-27,1.509244097349144,-0.12073947449467537,低
2015-11-30,1.4966556606350805,-0.1280732884880108,低
2015-12-01,1.5147553901086332,-0.11752868693788887,低
2015-12-02,1.5090213027188857,-0.12086927094312583,低
2015-12-03,1.5122040526323448,-0.11901505374500965,低
2015-12-04,1.4822241000381409,-0.13648087582038093,低
2015-12-07,1.5024303179604428,-0.12470906911261004,低
2015-12-08,1.479915975491675,-0.13782555081710401,低
2015-12-09,1.4805924510744957,-0.1374314473864614,低
2015-12-10,1.4800615349109547,-0.1377407503188195,低
2015-12-11,1.4800615349109547,-0.1377407503188195,低
2015-12-16,1.4852441916121235,-0.13472142066724946,低
2015-12-17,1.4857777324083925,-0.13441058866748878,低
2015-12-18,1.4799093104850556,-0.13782943373917933,低
2015-12-21,1.4911237788730345,-0.1312960708554708,低
2015-12-22,1.4969870001661902,-0.12788025558448246,低
2015-12-23,1.4943245066132047,-0.12943138007432775,低
2015-12-24,1.4948572426226927,-0.12912101692996902,低
2015-12-25,1.4975206853712408,-0.12756933945456594,低
2015-12-28,1.4941765419783246,-0.12951758181124318,低
2015-12-29,1.4966902742783588,-0.12805312315476092,低
2015-12-30,1.4949428750673888,-0.12907112889101235,低
2015-12-31,1.4861375616484174,-0.13420095813308275,低
2016-01-04,1.4961085858886514,-0.12839200514218285,低
2016-01-05,1.5087367791946864,-0.12103502961917134,低
2016-01-06,1.5213649725007214,-0.11367805409615983,低
2016-01-12,1.5406395833362485,-0.10244898619261611,低
2016-01-13,1.5286760317831625,-0.10941875247757449,低
2016-01-14,1.539974941583299,-0.10283619543066946,低
2016-01-15,1.5313345987949594,-0.10786991552536151,低
2016-01-18,1.5373163745715026,-0.10438503238288221,低
2016-01-19,1.535987091065604,-0.10515945085898881,低
2016-05-27,1.6420311831703145,-0.07112410842984718,低
2016-05-30,1.6287931023137474,-0.07861272026886246,低
2016-05-31,1.6400173617502087,-0.07226330126993208,低
2016-06-02,1.6425637355744958,-0.07082285039387815,低
2016-06-03,1.638999862300874,-0.07283888760340729,低
2016-06-07,1.6649720395897192,-0.05814676142306552,低
2016-10-10,1.705350005807931,-0.062322276859227976,低
2016-10-11,1.7023592568024948,-0.06396672445552909,低
2016-10-12,1.699367193663479,-0.06561189462126082,低
2016-10-13,1.703857264780682,-0.0631430526547554,低
2016-10-14,1.6988715814894435,-0.06588440436608023,低
2016-10-17,1.7038609253411017,-0.06314103991487907,低
2016-10-18,1.7068523417425785,-0.061496225354378375,低
2016-10-19,1.7068523417425785,-0.061496225354378375,低
2016-10-21,1.7123417841343296,-0.05847788435359891,低
2016-10-24,1.716823376590079,-0.05601370433445896,低
2016-11-14,1.6874461776832597,-0.07216660250162998,低
2016-11-15,1.6964733646277277,-0.06720305128245108,低
2016-11-18,1.6834425512669726,-0.07436797541015017,低
2016-11-21,1.6944691939548395,-0.0683050339762904,低
2016-11-22,1.6974715756938517,-0.06665419018267138,低
2016-11-23,1.698059198588679,-0.0663310888274008,低
2016-11-28,1.711223674347698,-0.059092671133661345,低
2016-12-05,1.655859672156187,-0.08953427628339261,低
2016-12-06,1.6539938972639077,-0.09056016278582746,低
2016-12-07,1.6541886729746051,-0.09045306638666717,低
2016-12-13,1.6328511272148838,-0.10218540359442341,低
2018-02-26,1.8930560934801433,-0.0781058604713517,低
2018-02-27,1.884725813640847,-0.08216260035926637,低
2018-02-28,1.8736064873066824,-0.08757757026865132,低
2018-03-02,1.841369187300024,-0.10327672363907792,低
2018-03-05,1.8468250960031352,-0.10061976578319365,低
2018-03-06,1.8462799077829128,-0.10088526548333143,低
2018-03-09,1.850251103009752,-0.09895134412772244,低
2018-03-12,1.849702880460712,-0.09921832150724008,低
2018-03-23,1.66364199187813,-0.18982759788871384,低
2018-03-26,1.6715505794032357,-0.1859762167719815,低
2018-04-03,1.7660727847861564,-0.13994510998230214,低
2018-04-04,1.7247203149017116,-0.16008323466482066,低
2018-04-09,1.7221764796289951,-0.16132204995292565,低
2018-04-10,1.723703344627558,-0.16057848619965154,低
2018-04-11,1.7318448216796734,-0.15661369085771637,低
2018-04-12,1.7362453847352246,-0.154470672853384,低
2018-04-13,1.7227417759319863,-0.1610467578732987,低
2018-04-16,1.7283276741000784,-0.15832649680818622,低
2018-04-17,1.7301842341738665,-0.15742237576412266,低
2018-04-18,1.728916235467986,-0.1580398749390849,低
2018-04-19,1.7333542309385677,-0.15587862782671724,低
2018-04-20,1.725746238703285,-0.1595836228764902,低
2018-04-23,1.716870247762122,-0.16390611710122527,低
2018-04-24,1.7117982529386002,-0.16637611380107398,低
2018-04-25,1.71116425358566,-0.16668486338855515,低
2018-04-26,1.7130662516444806,-0.16575861462611186,低
2018-04-27,1.7067262581150784,-0.16884611050092269,低
2018-05-03,1.6999530344418312,-0.17214458392259724,低
2018-05-04,1.673592329975295,-0.1849819103205016,低
2018-05-08,1.6757388823727877,-0.18393656671855807,低
2018-05-09,1.6727380896959962,-0.18539791442621567,低
2018-05-10,1.6903458590612173,-0.17682315563070217,低
2018-05-11,1.7196921413365858,-0.16253189097151288,低
2018-05-14,1.7208659926276004,-0.16196024038514534,低
2018-05-15,1.727909100373689,-0.15853033686693985,低
2018-05-16,1.7138228848815122,-0.16539014390335072,低
2018-05-17,1.7243875465006449,-0.1602452886260426,低
2018-05-18,1.7208659926276004,-0.16196024038514534,低
2018-05-21,1.736126059410792,-0.15452878276236703,低
2018-05-22,1.7220398439186153,-0.1613885897987778,低
2018-05-23,1.6997366693893352,-0.1722499509397616,低
2018-05-24,1.709763707117183,-0.16736691163100992,低
2018-05-25,1.7071777890349389,-0.16862622070987576,低
2018-05-28,1.700036533022037,-0.17210392118047568,低
2018-05-29,1.689156299210696,-0.17740245608492067,低
2018-05-30,1.6902565643536405,-0.17686664101282557,低
2018-05-31,1.7075984579687598,-0.16842136031186283,低
2018-06-01,1.7064423317277515,-0.16898437902526053,低
2018-06-19,1.7834527201035717,-0.13148130345818754,低
2018-06-20,1.7775588481872593,-0.1343515438052615,低
2018-06-26,1.7576737526089727,-0.14403533138066738,低
2018-06-27,1.7608490759106372,-0.14248898948779098,低
2018-06-28,1.7550362638282544,-0.14531975473103242,低
2018-07-02,1.7825482627386908,-0.13192176264321054,低
2018-07-03,1.8008895953456483,-0.1229897679179961,低
2018-07-23,1.8634056836364776,-0.09254523137200299,低
2018-07-30,1.8218016480650272,-0.11280586533111181,低
2018-07-31,1.8212523520188824,-0.1130733654900089,低
2018-08-13,1.892219881938104,-0.07851308481228236,低
2018-08-14,1.8791504953661589,-0.08487770915141679,低
2018-08-15,1.8768735996504555,-0.08598652828459208,低
2018-08-16,1.858083511280804,-0.09513706133475752,低
2018-08-17,1.8546584725503328,-0.09680501145211273,低
2018-08-20,1.8643672312980943,-0.0920769699416234,低
2018-08-21,1.8712115622428216,-0.08874386818691571,低
2018-08-22,1.8706417224065848,-0.08902137290920364,低
2018-08-23,1.8712116056426564,-0.08874384705175042,低
2018-08-24,1.87178144549211,-0.08846634232302608,低
2018-08-27,1.879188799766508,-0.08485905539766825,低
2018-08-28,1.8843119195538305,-0.08236416149341352,低
2018-08-29,1.8774857329773336,-0.08568842717253178,低
2018-08-30,1.8791938322036963,-0.08485660466503153,低
2018-08-31,1.8820400174853376,-0.08347054878417592,低
2018-09-05,1.8743754147701408,-0.08720311241464151,低
2018-09-06,1.870638221672874,-0.08902307772180962,低
2018-09-11,1.8742532228833573,-0.08726261830287774,低
2018-09-12,1.8736852673612712,-0.08753920538824067,低
2018-09-13,1.8799332515798317,-0.08449651687267246,低
2018-09-14,1.8833384136959008,-0.08283824641266824,低
2018-09-17,1.8753966252044116,-0.08670579597598849,低
2018-09-18,1.8776681124113208,-0.08559961071751887,低
2018-09-19,1.878803512630466,-0.08504668531205706,低
2018-09-25,1.86785838735131,-0.09037682153253812,低
2018-09-26,1.870114765924177,-0.08927799398588043,低
2018-09-27,1.863911595950512,-0.09229885853654929,低
2018-09-28,1.8531881075862249,-0.09752106041022224,低
2018-10-08,1.8716529121546777,-0.08852893641673576,低
2018-10-09,1.8688341577689025,-0.0899016338016504,低
2018-10-10,1.8688341577689025,-0.0899016338016504,低
2018-10-11,1.8779951095226717,-0.08544036730067806,低
2018-11-23,1.7471942111172312,-0.1491387342430851,低
2018-11-27,1.7437511294579766,-0.15081547103631454,低
2018-11-28,1.737601235687662,-0.15381039075639213,低
2018-11-29,1.7483730809863898,-0.1485646396732584,低
2018-11-30,1.747311240429969,-0.14908174246247285,低
2018-12-06,1.732538252713575,-0.15627599880066478,低
2018-12-07,1.733885172927548,-0.15562006585924226,低
2018-12-10,1.752249917271923,-0.14667666991691863,低
2018-12-11,1.749716849086492,-0.1479102417710323,低
2018-12-12,1.741484377483841,-0.1519193502969015,低
2018-12-13,1.7400438216067866,-0.1526208826103358,低
2018-12-14,1.738350280266351,-0.15344561561332193,低
2018-12-17,1.7389835590569762,-0.15313721693048532,低
2018-12-18,1.7484827409163552,-0.1485112366879351,低
2018-12-19,1.7541822500319826,-0.14573564854240506,低
2018-12-20,1.7541822500319826,-0.14573564854240506,低
2018-12-21,1.765581268263237,-0.140184472251345,低
2018-12-24,1.7719140561694895,-0.13710048542297837,低
2018-12-25,1.7858461895632456,-0.13031571440057133,低
2018-12-26,1.7852129107726205,-0.13062411308340793,低
2018-12-27,1.778880122866368,-0.13370809991177457,低
2018-12-28,1.7896458623069973,-0.12846532230355123,低
2019-01-02,1.7966119290038751,-0.12507293679234777,低
2019-01-03,1.8162435715132583,-0.1155125776244108,低
2019-01-04,1.8067443896538795,-0.12013855786696082,低
2019-01-07,1.7991450441663766,-0.12383934206100089,低
2019-01-08,1.790912419888248,-0.12784852493787768,低
2019-01-09,1.7839463531913702,-0.13124091044908115,低
2019-01-10,1.7877460259351217,-0.12939051835206117,低
2019-01-11,1.776347007703867,-0.13494169464312122,低
2019-01-14,1.7776135652851175,-0.1343248972774479,低
2019-01-15,1.773813892541366,-0.136175289374468,低
2019-01-16,1.774902942077604,-0.13564493615959394,低
2019-01-17,1.7782711037741163,-0.13400468443134672,低
2019-01-18,1.7789039404658509,-0.1336965010450234,低
2019-01-21,1.7719427368567706,-0.1370865182945804,低
2019-01-22,1.771309900165036,-0.13739470168090373,低
2019-01-23,1.7730310893992158,-0.13655650450678136,低
2019-01-24,1.772018651946311,-0.13704954861555707,低
2019-01-25,1.7704997788160717,-0.13778922043102926,低
2019-01-28,1.782060870181928,-0.1321591165934063,低
2019-01-29,1.77656989512568,-0.13483315131540274,低
2019-01-30,1.763120710188324,-0.14138273260773104,低
2020-03-12,2.9460379273620263,-0.10080512217370063,低
2020-03-13,2.874494800726537,-0.1226416411189657,低
2020-03-16,2.8742073512464645,-0.12272937695485375,低
2020-03-17,2.877204439203969,-0.12181460049703807,低
2020-03-18,2.871210263288961,-0.12364415341266921,低
2020-03-20,2.8413929462588703,-0.13274504736076187,低
2020-04-01,2.887925481714491,-0.11854230504527796,低
2020-04-02,2.8762923478505855,-0.12209299062414902,低
2020-04-03,2.8384846627928932,-0.13363271875547977,低
2020-04-07,2.844362303677632,-0.13183873486675501,低
2020-04-08,2.817280508076784,-0.14010468815284416,低
2020-04-09,2.821420153975771,-0.13884117815054187,低
2020-04-10,2.824293290588781,-0.13796423434010452,低
2020-04-13,2.804181334297711,-0.14410284101316595,低
2020-04-14,2.8039009161642814,-0.14418843072906462,低
2020-04-15,2.80619919560376,-0.14348694583621957,低
2020-04-16,2.7692375023093616,-0.1547684588735858,低
2020-05-22,2.9188190538066214,-0.10911291463417916,低
2020-05-29,2.971892342709703,-0.09291379204726147,低
2020-06-15,2.8975417778690895,-0.11560720221935539,低
2021-08-04,4.5709171568860905,-0.10301426701910565,低
2021-08-05,4.566952143358837,-0.10379235168853884,低
2021-08-06,4.541049208763283,-0.10887548095495891,低
2021-08-09,4.469639598615439,-0.12288873022241664,低
2021-08-10,4.48614288328725,-0.11965016553400709,低
2021-08-11,4.480646843001446,-0.12072869519338358,低
2021-08-12,4.417422991842529,-0.13313559090537885,低
2021-08-13,4.5001850151089,-0.11689457153124072,低
2021-08-16,4.535884423314188,-0.10988900596596596,低
2021-08-17,4.538625138977823,-0.10935117454963117,低
2021-08-18,4.503001213358676,-0.11634192759467554,低
2021-08-20,4.444528806857596,-0.12781641129331656,低
2021-08-23,4.4756764480916384,-0.12170407347488699,低
2021-08-24,4.483596631444103,-0.1201498358403128,低
2021-08-25,4.479561394475803,-0.12094170098805657,低
2021-08-26,4.524594022250955,-0.11210460697682556,低
2021-08-27,4.543508066498117,-0.10839296065719917,低
2021-10-14,4.605908293189325,-0.09614769101969001,低
2021-10-15,4.626570311700829,-0.0920930264560399,低
2021-10-20,4.692433172624324,-0.07916825784747328,低
2021-10-21,4.749140805691057,-0.06804008902136682,低
2021-10-22,4.763911807363854,-0.06514146336100546,低
2021-10-25,4.754423518286947,-0.06700342227215372,低
2021-10-27,4.741789746109604,-0.0694826431829364,低
2022-04-12,5.376301666995531,-0.094250369910156,低
2022-04-13,5.366193461746185,-0.09595330693500181,低
2022-04-18,5.249413470320984,-0.11562732089232897,低
2022-04-25,5.068105044285446,-0.14617248929721738,低
2022-04-26,5.06303693924116,-0.14702631680792022,低
2022-04-27,5.060574403022897,-0.1474411821571745,低
2022-04-28,5.167709851156633,-0.12939199174207094,低
2022-04-29,5.249636958553018,-0.11558966965993311,低
2022-05-05,5.244387321594465,-0.11647407999027315,低
2022-05-06,5.2298087524098245,-0.11893014262665547,低
2022-05-09,5.250347520444872,-0.11546996075768656,低
2022-05-10,5.211693019786608,-0.12198211387726687,低
2022-05-11,5.185034743470564,-0.12647325395973608,低
2022-05-12,5.235685468471047,-0.11794008780304466,低
2022-05-13,5.177186546923119,-0.12779544560001532,低
2022-05-19,5.262135375004298,-0.11348405193633138,低
2022-05-24,5.24168678849554,-0.11692904085499045,低
2022-05-25,5.2572561551940415,-0.11430605780802494,低
2022-05-26,5.26762805389726,-0.11255869614648717,低
2023-10-10,7.776029028563095,-0.06905984194187176,低
2023-10-23,7.622086263786166,-0.08748975022113936,低
2023-10-24,7.627087632725659,-0.08689099021472269,低
2023-10-25,7.597079419088706,-0.09048355025322208,低
2023-10-26,7.65209447742312,-0.08389719018263986,低
2023-10-27,7.667098584241597,-0.08210091016339005,低
2023-11-01,7.673767076160917,-0.08130256348816822,低
2023-11-02,7.690438305959225,-0.07930669680011293,低
2023-11-20,7.519390287688502,-0.09978443274728721,低
2023-11-22,7.530029816210873,-0.09851067665302649,低
2023-12-07,7.327292673571685,-0.1227822099664323,低
2023-12-08,7.329641371382078,-0.12250102568808063,低
2023-12-11,7.388345592892002,-0.11547300186636045,低
2023-12-13,7.5408927056442225,-0.09721017996391901,低
2023-12-18,7.577252092780514,-0.09285726236507486,低
2023-12-20,7.600565901940479,-0.09006615123308281,低
2023-12-21,7.60188659106332,-0.0899080393566678,低
2023-12-22,7.630940489869555,-0.08642972914878022,低
2024-01-04,7.640629957291476,-0.08526971363184632,低
2024-01-08,7.639325979829636,-0.0854258248011811,低
2024-04-23,7.225295798742701,-0.14074569420479766,低
2024-07-25,8.455583194412771,-0.06969161854243,低
2024-08-06,8.399484275186532,-0.07586378828482776,低
2024-11-22,9.285027047638192,-0.0689592530750609,低
2025-12-01,20.12978392035491,-0.08773624857212459,低
2026-02-02,20.52971658804636,-0.13534285120580747,低
2026-03-27,20.482333298023907,-0.1373385095616153,低
2026-03-30,20.60575335208384,-0.13214038460992328,低
2026-03-31,20.101869814504635,-0.1533626212179655,低
2026-04-01,19.80042916672104,-0.1660585008676143,低
2026-04-02,19.84672941838157,-0.16410845721174827,低
2026-04-03,19.64625740405448,-0.1725518061288015,低
2026-04-07,19.6176185448649,-0.17375799883123755,低
2026-04-08,19.464486564778195,-0.18020751121116363,低
2026-04-09,19.30484093364752,-0.18693136127693977,低
2026-04-10,20.090788656136983,-0.153829330183889,低
