date,hs300_benchmark,base_pool,plus_sh_dividend,plus_soymeal,plus_coal,plus_reits
2023-04-04,1.0,1.0,1.0,1.0,1.0,1.0
2023-04-06,0.9968586387434556,1.0,1.0,1.0,1.0,1.0
2023-04-07,1.004450261780105,1.0,1.0,1.0,1.0,1.0
2023-04-10,1.0005235602094245,1.0,1.0,1.0,1.0,1.0
2023-04-11,0.9979057591623038,1.0,1.0,1.0,1.0,1.0
2023-04-12,0.9968586387434558,1.0,1.0,1.0,1.0,1.0
2023-04-13,0.9903141361256547,1.0,1.0,1.0,1.0,1.0
2023-04-14,0.9958115183246076,1.0,1.0,1.0,1.0,1.0
2023-04-17,1.011780104712042,1.0,1.0,1.0,1.0,1.0
2023-04-18,1.0136125654450263,1.0,1.0,1.0,1.0,1.0
2023-04-19,1.0049738219895288,1.0,1.0,1.0,1.0,1.0
2023-04-20,1.0007853403141362,1.0,1.0,1.0,1.0,1.0
2023-04-21,0.9816753926701574,1.0,1.0,1.0,1.0,1.0
2023-04-24,0.9683246073298432,1.0,1.0,1.0,1.0,1.0
2023-04-25,0.9633507853403143,1.0,1.0,1.0,1.0,1.0
2023-04-26,0.960994764397906,1.0,1.0,1.0,1.0,1.0
2023-04-27,0.9701570680628275,1.0,1.0,1.0,1.0,1.0
2023-04-28,0.9803664921465971,1.0,1.0,1.0,1.0,1.0
2023-05-04,0.9803664921465971,1.0,1.0,1.0,1.0,1.0
2023-05-05,0.9761780104712043,1.0,1.0,1.0,1.0,1.0
2023-05-08,0.9879581151832463,1.0,1.0,1.0,1.0,1.0
2023-05-09,0.9787958115183247,1.0,1.0,1.0,1.0,1.0
2023-05-10,0.9706806282722515,1.0,1.0,1.0,1.0,1.0
2023-05-11,0.9693717277486914,1.0,1.0,1.0,1.0,1.0
2023-05-12,0.9560209424083772,1.0,1.0,1.0,1.0,1.0
2023-05-15,0.9725130890052359,1.0,1.0,1.0,1.0,1.0
2023-05-16,0.9680628272251314,0.9895935766423358,0.9936764444444444,0.9895935766423358,0.9895935766423358,0.9895935766423358
2023-05-17,0.9609947643979062,1.0002097806073358,1.0043364487719086,1.0002097806073358,1.0002097806073358,1.0002097806073358
2023-05-18,0.9607329842931941,1.0179126085826868,1.0221123151218539,1.0179126085826868,1.0179126085826868,
2023-05-19,0.9591623036649218,1.0205680327789897,1.0247786950743458,1.0205680327789897,1.0205680327789897,1.0205680327789897
2023-05-22,0.9643979057591627,1.02764916396913,1.0318890416143238,1.02764916396913,1.02764916396913,1.02764916396913
2023-05-23,0.9494764397905763,1.011716618791314,1.015890761899373,1.011716618791314,1.011716618791314,1.011716618791314
2023-05-24,0.9356020942408381,0.9958614389897487,0.9999701667549473,0.9958614389897487,0.9958614389897487,0.9958614389897487
2023-05-25,0.9332460732984298,1.0107049021725225,1.0148748711374735,1.0107049021725225,1.0107049021725225,1.0107049021725225
2023-05-26,0.93455497382199,1.014753119404188,1.0189397905145263,1.014753119404188,1.014753119404188,1.014753119404188
2023-05-29,0.9303664921465974,1.051187074489179,1.055524064908,1.051187074489179,1.051187074489179,1.051187074489179
2023-05-30,0.9314136125654455,1.0525364802330675,1.056879038033684,1.0525364802330675,1.0525364802330675,1.0525364802330675
2023-05-31,0.9219895287958121,1.0484882630014019,1.0528141186566315,1.0484882630014019,1.0484882630014019,1.0484882630014019
2023-06-01,0.9240837696335085,1.0471388572575133,1.0514591455309472,1.0471388572575133,1.0471388572575133,1.0471388572575133
2023-06-02,0.9379581151832467,1.0606329146963989,1.0650088767877892,1.0606329146963989,1.0606329146963989,1.0606329146963989
2023-06-05,0.93324607329843,1.066030537671953,1.0704287692905259,1.066030537671953,1.066030537671953,1.066030537671953
2023-06-06,0.9235602094240842,1.0673799434158415,1.07178374241621,1.0673799434158415,1.0673799434158415,1.0673799434158415
2023-06-07,0.9204188481675398,1.0714281606475071,1.0758486617932628,1.0714281606475071,1.0714281606475071,1.0714281606475071
2023-06-08,0.9287958115183251,1.047138857257513,1.051459145530947,1.047138857257513,1.047138857257513,1.047138857257513
2023-06-09,0.9329842931937178,1.0646811319280642,1.0690737961648415,1.0646811319280642,1.0646811319280642,1.0646811319280642
2023-06-12,0.9340314136125658,1.0768257836230613,1.0812685542959994,1.0768257836230613,1.0768257836230613,1.0768257836230613
2023-06-13,0.941623036649215,1.101115087013055,1.1056580705583152,1.101115087013055,1.101115087013055,1.101115087013055
2023-06-14,0.941623036649215,1.1024644927569436,1.1070130436839993,1.1024644927569436,1.1024644927569436,1.1024644927569436
2023-06-15,0.9586387434554978,1.1092115214763865,1.1137879093124206,1.1092115214763865,1.1092115214763865,1.1092115214763865
2023-06-16,0.9683246073298433,1.120006767427495,1.124627694317894,1.120006767427495,1.120006767427495,1.120006767427495
2023-06-19,0.960471204188482,1.1146091444519408,1.1192078018151572,1.1146091444519408,1.1146091444519408,1.1146091444519408
2023-06-20,0.9586387434554977,1.1132597387080523,1.1178528286894729,1.1132597387080523,1.1132597387080523,1.1132597387080523
2023-06-21,0.9442408376963355,1.1173079559397179,1.1219177480665254,1.1173079559397179,1.1173079559397179,1.1173079559397179
2023-06-26,0.9327225130890054,1.1092115214763865,1.11378790931242,1.1092115214763865,1.1092115214763865,1.1092115214763865
2023-06-27,0.9395287958115188,1.0943680582936126,1.098883204929894,1.0943680582936126,1.0943680582936126,1.0943680582936126
2023-06-28,0.9416230366492149,1.1092115214763865,1.11378790931242,1.08924583979761,1.1092115214763865,1.1092115214763865
2023-06-29,0.9369109947643982,1.1173079559397179,1.1219177480665254,1.0960993428188184,1.1173079559397179,1.1173079559397179
2023-06-30,0.9429319371727753,1.1173079559397179,1.1219177480665254,1.0960993428188184,1.1173079559397179,1.1173079559397179
2023-07-03,0.9547120418848172,1.137549042098046,1.1422423449517887,1.1159562149713333,1.137549042098046,1.137549042098046
2023-07-04,0.9565445026178013,1.129452607634715,1.1341125061976833,1.0941950687793922,1.129452607634715,1.129452607634715
2023-07-05,0.9494764397905762,1.1308020133786034,1.1354674793233677,1.0969115411447832,1.1308020133786034,1.1308020133786034
2023-07-06,0.9421465968586391,1.132151419122492,1.1368224524490518,1.0958249521986267,1.132151419122492,1.132151419122492
2023-07-07,0.9392670157068067,1.1267537961469378,1.131402559946315,1.089848712994767,1.1267537961469378,1.1267537961469378
2023-07-10,0.9434554973821995,1.1173079559397179,1.1219177480665254,1.0909353019409234,1.127876047430413,1.1173079559397179
2023-07-11,0.9502617801047124,1.122705578915272,1.1273376405692623,1.0958249521986265,1.1171932733022085,1.122705578915272
2023-07-12,0.9452879581151835,1.1240549846591605,1.1286926136949467,1.1137536698102055,1.117417517625095,1.1240549846591605
2023-07-13,0.9617801047120423,1.1429466650736002,1.1476622374545256,1.1056042527140333,1.1361976439717352,1.1429466650736002
2023-07-14,0.961256544502618,1.1469948823052658,1.1517271568315783,1.1061475471871114,1.140221956760301,1.1469948823052658
2023-07-17,0.9539267015706809,1.15239250528082,1.157147049334315,1.1170134366486746,1.1169471121541448,1.15239250528082
2023-07-18,0.9523560209424087,1.1645371569758167,1.1693418074654727,1.1186433200679091,1.1275894993340023,1.1645371569758167
2023-07-19,0.9518324607329847,1.1820794316463679,1.1869564580993675,1.144178160302582,1.1445752044224635,1.1820794316463679
2023-07-20,0.9445026178010474,1.1672359684635938,1.1720517537168411,1.1523275773987542,1.130202684732227,1.1672359684635938
2023-07-21,0.9450261780104716,1.1483442880491541,1.1530821299572622,1.1425482768833477,1.1119103869446534,1.1483442880491541
2023-07-24,0.9405759162303668,1.1450434674223215,1.1497676907959362,1.1447214547756603,1.1087142925515237,1.1450434674223215
2023-07-25,0.9698952879581155,1.1405066000142547,1.145212105168289,1.165909939225708,1.1043213678444306,1.1405066000142547
2023-07-26,0.9675392670157071,1.137668797995516,1.142362594938458,1.1740593563218804,1.1015736017140407,1.137668797995516
2023-07-27,0.966492146596859,1.13959500971699,1.1442967538293591,1.1876417181488341,1.1034386998756731,1.13959500971699
2023-07-28,0.9916230366492148,1.154998194642415,1.16154963680954,1.1740593563218804,1.118353182830698,1.154998194642415
2023-07-31,0.9958115183246076,1.1588328618269719,1.1654060551971777,1.1686264115910987,1.1128705641550691,1.1588328618269719
2023-08-01,0.9910994764397908,1.15334942557227,1.1598915155038156,1.1805788899988183,1.1212632531758462,1.15334942557227
2023-08-02,0.9835078534031416,1.1362854283748216,1.1427307269942268,1.183295362364209,1.1046739762528521,1.1362854283748216
2023-08-03,0.9929319371727752,1.1371568491059503,1.1436070906443572,1.1697130005372554,1.105521154065756,1.1371568491059503
2023-08-04,0.9984293193717281,1.1424236271789752,1.1489037432159852,1.1816654789449745,1.1106414104121662,1.1424236271789752
2023-08-07,0.9903141361256547,1.1331380654478402,1.139565511427916,1.168626411591099,1.1016141729389681,1.1331380654478402
2023-08-08,0.9863874345549741,1.1359196875392046,1.1423629115839966,1.171495150310726,1.1043184103245474,1.1359196875392046
2023-08-09,0.9842931937172777,1.1292727175807724,1.1356782383291686,1.1950298972106448,1.097856359020663,1.1292727175807724
2023-08-10,0.9856020942408379,1.1292727175807724,1.1356782383291686,1.1966691700463246,1.097856359020663,1.1292727175807724
2023-08-11,0.960732984293194,1.1197630525906186,1.1203162227374386,1.205411958503284,1.0886112528394363,1.1197630525906186
2023-08-14,0.9536649214659688,1.1178570729266346,1.1175145740660413,1.2125154741245636,1.0867582975154542,1.1178570729266346
2023-08-15,0.9526178010471208,1.1235774502721014,1.1232331987520936,1.2223511111386431,1.0923195340059384,1.1235774502721014
2023-08-16,0.9447643979057595,1.1188165288726435,1.1219911279965522,1.2207118383029631,1.0876910614042183,1.1188165288726435
2023-08-17,0.9481675392670159,1.1178633305519852,1.1216476175096037,1.240383112331122,1.0867643810537142,1.1152130044789832
2023-08-18,0.9350785340314138,1.1153682786662245,1.1219648307925492,1.254590143573681,1.0843387414927612,1.111375445415788
2023-08-21,0.9214659685863875,1.1185375291336765,1.1112303796751313,1.2802720846659994,1.0874198234359036,1.0971487557762076
2023-08-22,0.9274869109947648,1.1167732743558634,1.1189591844796722,1.2414759608882417,1.0857046502128187,1.09432281899674
2023-08-23,0.9130890052356022,1.1121034548997193,1.1215354527478527,1.240383112331122,1.0811647450990307,1.0897468767631644
2023-08-24,0.9191099476439794,1.1104004614589431,1.114665404032705,1.2491259007880815,1.0795091289230445,1.0880781185419237
2023-08-25,0.9172774869109949,1.108103654515134,1.1159535381667953,1.27535426615896,1.07727621913124,1.0858274842304156
2023-08-28,0.9311518324607332,1.1211541258209865,1.1339874160440577,1.2879220245658392,1.0899636264229353,1.0986156023530436
2023-08-29,0.9369109947643979,1.1223405323033366,1.1339874160440577,1.2961183887442385,1.0907772583185453,1.0997781585460096
2023-08-30,0.936649214659686,1.124987414737543,1.1211060747031558,1.2933862673514387,1.0934591476210633,1.1023718307921726
2023-08-31,0.9316753926701572,1.1282920030761554,1.1234996524495946,1.2961183887442385,1.0966711234179842,1.1056099871031928
2023-09-01,0.937696335078534,1.126923967852399,1.1221374278709937,1.2824577817802394,1.095341427983095,1.1042694534452653
2023-09-04,0.9528795811518325,1.1302250944233563,1.12542453311064,1.2589615378021608,1.098550039029922,1.1075042175804284
2023-09-05,0.9458115183246073,1.130613675141572,1.1258114633562448,1.27262214476616,1.1006942498292234,1.1078849866736098
2023-09-06,0.9431937172774869,1.1298612703000848,1.125062254307871,1.2922934187943187,1.103827155663652,1.1071477074012006
2023-09-07,0.9293193717277487,1.1295476629461205,1.1247499789817816,1.2939326916299985,1.1053936085808662,1.106840404485265
2023-09-08,0.9238219895287959,1.1359678272825817,1.1311428740665803,1.2698900233733599,1.0834632677398666,1.1131315044752346
2023-09-11,0.9311518324607333,1.137770950817951,1.132938338946051,1.2824577817802394,1.0918176832983426,1.1148983798791634
2023-09-12,0.9298429319371729,1.1379712185320665,1.1331377560354146,1.2682507505376803,1.0897290794087233,1.115094621618196
2023-09-13,0.923298429319372,1.1401740664693922,1.135331247512122,1.2480330522309615,1.101216400801628,1.1172531857779497
2023-09-14,0.9225130890052359,1.147179744297161,1.1423071691558215,1.254571326769569,1.1424663276216036,1.1241180287013164
2023-09-15,0.9180628272251311,1.1383860319715382,1.1335508075804113,1.2449544037072242,1.1351562140079374,1.1155010960771252
2023-09-18,0.9214659685863876,1.133580180649231,1.1287653688149004,1.2341835089657025,1.1429884785940085,1.1107918566213906
2023-09-19,0.9201570680628275,1.1405961499370687,1.1349563616076557,1.2407044937693075,1.145599233456032,1.1176667841159527
2023-09-20,0.9154450261780107,1.1476013467342256,1.1376546233885951,1.2483245257556073,1.1382891198423655,1.1245311556788495
2023-09-21,0.9062827225130892,1.1448035376172419,1.1339731591595128,1.2452811572992593,1.128368251366675,1.1217895908239075
2023-09-22,0.9259162303664924,1.1410041896321366,1.130209754788503,1.2411483464715412,1.1226245906702232,1.1180666210028325
2023-09-25,0.9185863874345553,1.1450068353313503,1.1341745335818851,1.245502298136427,1.125235345532247,1.1219888016509458
2023-09-26,0.9130890052356022,1.1444069627260687,1.1288841598095631,1.2448497756488637,1.1106151183049136,1.1214009882643572
2023-09-27,0.9157068062827228,1.127545558513851,1.1113615745086343,1.2265084723062971,1.1027828537188424,1.1048785482906747
2023-09-28,0.9120418848167542,1.125585096352732,1.1090280821808471,1.2243759434411952,1.116358779001366,1.1120806627194917
2023-10-09,0.9094240837696339,1.1219258806860282,1.1068335319104483,1.2203955641267454,1.1294125533114852,1.1099902743720216
2023-10-10,0.9023560209424087,1.1095198394612698,1.0970556911451608,1.2069006640270963,1.1053936085808664,1.1053935819880654
2023-10-11,0.904450261780105,1.1075750532165907,1.095132752282867,1.204785186929153,1.0928619852431523,1.1035446560444773
2023-10-12,0.9138743455497385,1.1074289053639925,1.094988246229222,1.2046262119076405,1.0928619852431523,1.110150730010622
2023-10-13,0.9047120418848171,1.1052650967549147,1.092347684558285,1.2022724891942265,1.0975613439947953,1.106741914239648
2023-10-16,0.8934554973821993,1.1099335871319154,1.100209277742606,1.2073507256850153,1.1137480241393427,1.106741914239648
2023-10-17,0.8965968586387437,1.1157692001031663,1.0985542054932755,1.2136985212985012,1.1174259691128543,1.1011356530530942
2023-10-18,0.8892670157068067,1.1152113155031147,1.0890375400596235,1.213091672037852,1.1127505466479468,1.100805872983297
2023-10-19,0.8691099476439794,1.091211991446933,1.0650684078293524,1.186985964767515,1.094029191499296,1.1047632338208644
2023-10-20,0.8643979057591624,1.1021080323635077,1.0757033981351973,1.1988383341887467,1.1050639688472124,1.111688615286607
2023-10-23,0.854450261780105,1.0961144059094967,1.0698533687783602,1.192318656495747,1.0990542670370795,1.0895933506101896
2023-10-24,0.8557591623036651,1.096833641083978,1.0705553723011807,1.1931010178189072,1.0997754312542956,1.0932209313779595
2023-10-25,0.8609947643979059,1.0925182300370904,1.0663433511642582,1.1884068498799476,1.095448445951,1.104433453751067
2023-10-26,0.8643979057591624,1.1004298169563844,1.074065389915283,1.1970128244347067,1.1016845115933938,1.1004760929134996
2023-10-27,0.8785340314136127,1.1025875224798283,1.0761714004837444,1.1993599084041866,1.1037342928346703,1.0909124708893785
2023-10-30,0.8827225130890054,1.1049849730614325,1.0785114122264792,1.2019677794813863,1.1061342369373766,1.0813488488652576
2023-10-31,0.880628272251309,1.1076221687011971,1.0810854251434874,1.204836437666306,1.1087741754503535,1.0750830275391094
2023-11-01,0.880104712041885,1.1035465027124698,1.077107405180838,1.2004030568350663,1.1046942704757525,1.070055967226571
2023-11-02,0.8756544502617802,1.1059439532940742,1.079447416923573,1.2023691047614566,1.107094214578459,1.072380659747159
2023-11-03,0.8829842931937174,1.1052247181195929,1.0787454134007526,1.2017435496234927,1.106374231347647,1.0716405707372527
2023-11-06,0.8955497382198954,1.1007033277085359,1.074332347814941,1.1969470027009173,1.1018481383652472,1.066402679877881
2023-11-07,0.8926701570680629,1.0972478823370506,1.070959689038282,1.1931894189121899,1.0983890990819556,1.0630549147611945
2023-11-08,0.8897905759162303,1.0961493583183404,1.0698874837869279,1.1919948417736548,1.0972894325192268,1.061990623477637
2023-11-09,0.8905759162303666,1.0961578481962244,1.0698957702617755,1.1920040739923923,1.0972979312271947,1.0619988487898528
2023-11-10,0.8835078534031414,1.0962257670877877,1.0699620619321988,1.192077931599285,1.097365920759292,1.0620646511601686
2023-11-13,0.8821989528795813,1.0922700722741023,1.0661011388392587,1.187776357386098,1.0934061117383873,1.058232225615608
2023-11-14,0.8821989528795813,1.0961211787431162,1.0698599793464045,1.1919641982230695,1.0972612236352173,1.0619633220479239
2023-11-15,0.8887434554973822,1.099776519225103,1.073427744086656,1.203084858060143,1.100920365934308,1.0655047530472939
2023-11-16,0.8793193717277489,1.0963164401609036,1.0700505626326802,1.2010526201242306,1.0974566881389283,1.0621524986352595
2023-11-17,0.8780104712041886,1.0988173594365502,1.0724915641355053,1.1741254674733914,1.0999602085505633,1.0645754830585554
2023-11-20,0.8808900523560211,1.0892039092227572,1.0631084358403564,1.1628056858339193,1.0903367596568576,1.0552616118156983
2023-11-21,0.8821989528795814,1.0880477440824943,1.0619799704506983,1.1615713940842503,1.0891793920216624,1.0541414756510112
2023-11-22,0.8719895287958118,1.0847710723996948,1.0587818022491637,1.158073304854944,1.0858993123645553,1.0509669131911232
2023-11-23,0.8769633507853404,1.083324553168158,1.0573699391584872,1.1565290386501896,1.0844512886489401,1.049565471089356
2023-11-24,0.8704188481675396,1.0768273694321928,1.0510284168958302,1.1495928147474688,1.0779473473744157,1.0432707557257566
2023-11-27,0.8641361256544505,1.0695893132995147,1.0439637722791697,1.1418656547967951,1.0707017631425795,1.036258255388301
2023-11-28,0.8651832460732987,1.0703462534289265,1.0447025774103211,1.1426737443371129,1.0715670452009385,1.036991607384422
2023-11-29,0.8581151832460735,1.0694329887075709,1.0438111929586058,1.1416987667395557,1.0826989521745705,1.0361068022586675
2023-11-30,0.8591623036649219,1.0671383681549655,1.0415715476122462,1.1392490896838565,1.0803758676109023,1.0338836877781332
2023-12-01,0.8554973821989532,1.0610124303354767,1.0355923768452413,1.1327091982390582,1.0741739395534344,1.0279486493867547
2023-12-04,0.8492146596858642,1.0622376178993744,1.0367882109986422,1.1340171765280178,1.0821735954076788,1.0291356570650303
2023-12-05,0.8319371727748694,1.0548802720933648,1.029607134686361,1.126162666033303,1.0539969660479906,1.0220075844165621
2023-12-06,0.8332460732984297,1.0620746814512054,1.036629178230684,1.1338432298255166,1.0601241658020242,1.028977798121023
2023-12-07,0.8308900523560215,1.054880272093365,1.0296071346863611,1.126162666033303,1.0529429690819427,1.0220075844165624
2023-12-08,0.8327225130890057,1.0620746814512056,1.0366291782306842,1.1338432298255166,1.0480684456365197,1.0289777981210233
2023-12-11,0.8390052356020946,1.0683697896393158,1.0427734663319668,1.1405637231437031,1.0724310211731936,1.0350767351124264
2023-12-12,0.841099476439791,1.0728662954879662,1.0471622435471688,1.1453640755138368,1.0795964845663328,1.0394331186777146
2023-12-13,0.8259162303664925,1.0838360519923937,1.057869183340741,1.1570751014544838,1.0676540455777674,1.050061030340599
2023-12-14,0.8217277486910998,1.0970829370723008,1.0707986955815723,1.1712171304722607,1.0752972065304494,1.0628951096003174
2023-12-15,0.8198952879581153,1.0838360519923937,1.057869183340741,1.1570751014544838,1.0657432553395967,1.050061030340599
2023-12-18,0.8162303664921469,1.0854345087957449,1.0594293438373936,1.158781572248206,1.06731502862947,1.0516096752623068
2023-12-19,0.8167539267015709,1.0899049968879844,1.063792726637383,1.1635541487401673,1.071710889538158,1.0559408518490543
2023-12-20,0.8086387434554977,1.0961636802171195,1.069901462557368,1.1702357558289131,1.0778650948103212,1.0620044990705009
2023-12-21,0.816753926701571,1.084540411177297,1.0585566672773958,1.157827056949814,1.0758206343567,1.0507434399449573
2023-12-22,0.8183246073298432,1.087705634713124,1.0616460574400324,1.161206167044104,1.0789604092854164,1.0538100272587665
2023-12-25,0.8206806282722514,1.0890220711847889,1.0629309543325467,1.1626115602871228,1.0890185953321359,1.0550854403023475
2023-12-26,0.8154450261780107,1.0952316558448683,1.0689917679040901,1.1692407509173326,1.067439627128725,1.0611015188911377
2023-12-27,0.8180628272251311,1.0966948730814183,1.0704199289439762,1.1708028434767368,1.079907475424029,1.0625191386466344
2023-12-28,0.8400523560209425,1.0921271030953326,1.0659615949588812,1.1659264113721253,1.0607261703543305,1.0580937117113236
2023-12-29,0.8426701570680631,1.0892580460639112,1.0631612756548605,1.1628634809135858,1.0579396046983345,1.0553140616185055
2024-01-02,0.8306282722513091,1.0916493143127814,1.06549525318304,1.165416336529138,1.0602621189960981,1.0576308120131925
2024-01-03,0.8280104712041887,1.0910878144511547,1.0649472059032201,1.1648168939214076,1.0597167634269617,1.0570868098809956
2024-01-04,0.8201570680628274,1.0888415260062199,1.0627547347094242,1.1624188149633021,1.0691785655690549,1.0549105213596879
2024-01-05,0.8157068062827226,1.0888905123649373,1.0628025474382923,1.1624711115222501,1.066461466291878,1.054957981181875
2024-01-08,0.8034031413612568,1.0787719944042071,1.052926451960513,1.1516688456496043,1.0569516188217594,1.0451547813567426
2024-01-09,0.8054973821989531,1.0777235301029964,1.0519031070809577,1.1505495325067494,1.0558186848831226,1.0441389898056301
2024-01-10,0.8013089005235604,1.0755716320774669,1.049802764872637,1.1482522222985938,1.053710524413526,1.0420541502639655
2024-01-11,0.8062827225130892,1.1141963164939739,1.0875020675350389,1.1894869280068248,1.0915501580167422,1.079475193640794
2024-01-12,0.8034031413612568,1.1159224145830426,1.0891868112492682,1.1913296653081522,1.093241172978813,1.0811475022289285
2024-01-15,0.8023560209424088,1.1323203464291973,1.105191876534447,1.2088356696707623,1.1093058151184862,1.097034433816206
2024-01-16,0.8081151832460736,1.1003875317814227,1.0740241178212042,1.1747450295962056,1.078022038320175,1.0660967249357183
2024-01-17,0.7884816753926703,1.0848526489798025,1.05886142439314,1.158160393884259,1.0628029036615372,1.051045947642508
2024-01-18,0.8002617801047124,1.0831265508907335,1.0571766806789107,1.1563176565829316,1.0611118886994664,1.0493736390543735
2024-01-19,0.8020942408376966,1.095209237514216,1.0689698866785162,1.1692168176922233,1.0729489934339624,1.0610797991713148
2024-01-22,0.7840314136125658,1.1271420521619908,1.100137645391759,1.20330745776678,1.1042327702322736,1.0920175080518024
2024-01-23,0.7897905759162307,1.121963757894784,1.095083414249071,1.1977792458627978,1.099159725346061,1.087000582287399
2024-01-24,0.8031413612565448,1.1021136298704917,1.0757088615354335,1.1765877668975329,1.0797130532822459,1.0677690335238526
2024-01-25,0.8178010471204191,1.0919028377194993,1.0657427026000705,1.1656869915059764,1.0697097965662627,1.057876435001267
2024-01-26,0.816230366492147,1.1055725675602202,1.0790849289603297,1.1802804385621357,1.0805037256492918,1.0711201821294773
2024-01-29,0.8083769633507856,1.1150529979504116,1.0883382243606388,1.1904014987865097,1.075484493815617,1.0803051787766147
2024-01-30,0.7937172774869111,1.1336760125299592,1.1065150631808582,1.2102829434426519,1.0923532098950257,1.0983478539962659
2024-01-31,0.7882198952879582,1.1080693674830813,1.0815219098030564,1.1829459570404564,1.0676799341068424,1.0735391755692454
2024-02-01,0.78717277486911,1.0978079033364272,1.0707587458365848,1.1719910855479139,1.0451888456487533,1.06359748411616
2024-02-02,0.7793193717277488,1.099664660889639,1.0733753384190032,1.1739733114854156,1.046014345963674,1.0653963804952147
2024-02-05,0.7845549738219897,1.10666117737694,1.0802045914807823,1.1814426100103077,1.0526695171970275,1.0721748681621868
2024-02-06,0.81151832460733,1.1100838408121263,1.0835454304235064,1.1850965562268345,1.0559251961161935,1.0754908729090802
2024-02-07,0.8191099476439792,1.1009567383182959,1.074636526576242,1.17535269964943,1.047243385665084,1.0666481935840313
2024-02-08,0.8248691099476442,1.1271971579880584,1.1002496251371265,1.2033662873094682,1.0722035907120238,1.092070896643547
2024-02-19,0.8319371727748693,1.1192109433059567,1.0924543342707704,1.1948404128042391,1.064607006567303,1.084333552234129
2024-02-20,0.8350785340314137,1.1097849587195405,1.0832536936071053,1.1847774774999682,1.055640895849289,1.0752013047243771
2024-02-21,0.8476439790575917,1.1072929266266074,1.0808212377082869,1.1821170490325281,1.053270444735855,1.0727869305371216
2024-02-22,0.8544502617801047,1.1355359570131824,1.1083890712282283,1.2122685716635153,1.080135557354774,1.1001498379926822
2024-02-23,0.8552356020942409,1.1471654401135367,1.1197405320893805,1.2246839045115687,1.0634526417257668,1.111416917533207
2024-02-26,0.8460732984293194,1.1333741412517504,1.1062789372873512,1.209960673539176,1.03758487476487,1.0980553897763834
2024-02-27,0.856806282722513,1.1310752079023554,1.1040349637837257,1.2075063922541067,1.0429226679472772,1.0958280968965124
2024-02-28,0.8473821989528795,1.1175157829306277,1.090799699538696,1.1930307037992107,1.0359424768625907,1.0826912172637815
2024-02-29,0.8617801047120419,1.1073402690369651,1.080867448319164,1.1821675905550835,1.0404590710938584,1.0728327976404606
2024-03-01,0.868848167539267,1.1153059205895361,1.0886426676519847,1.190671512399535,1.054830052738801,1.0805502197185053
2024-03-04,0.868062827225131,1.1316743475667475,1.1046197800126174,1.2081460181335812,1.0794660212729887,1.096408565881792
2024-03-05,0.8756544502617802,1.1364426383570567,1.1092740768385132,1.2132365210189755,1.0745388275661512,1.1010282648953387
2024-03-06,0.8719895287958116,1.1305545404899817,1.103526743796454,1.2069505413042432,1.083161416553117,1.0953236547730962
2024-03-07,0.8670157068062829,1.113899257620289,1.087269633313102,1.1891697957009053,1.0938370029179318,1.0791873918589647
2024-03-08,0.8696335078534032,1.1224378582013503,1.0956041043698572,1.1982853829850235,1.0819296181264078,1.0874599084516117
2024-03-11,0.8821989528795812,1.0898359287100248,1.0637815785167908,1.1634804133547532,1.0494537722445554,1.0558739360069591
2024-03-12,0.8835078534031413,1.0941627400090825,1.0680049501568725,1.1680996042495646,1.0536202603552578,1.0600659131260315
2024-03-13,0.8780104712041884,1.0901002545882568,1.0640395852429236,1.16376260076844,1.0497083039430477,1.056130024834722
2024-03-14,0.8746073298429319,1.086037769167431,1.0600742203289748,1.1594255972873155,1.0457963475308376,1.0521941365434127
2024-03-15,0.8769633507853403,1.084683607360489,1.0587524320243253,1.157979929460274,1.044492362060101,1.0508821737796428
2024-03-18,0.8850785340314137,1.1131210053062695,1.0865099864219667,1.1883389538281461,1.0718760569455716,1.0784333918188094
2024-03-19,0.8790575916230368,1.0982252254299083,1.0719703150708213,1.1724366077306894,1.057532216767468,1.0640018014173411
2024-03-20,0.8798429319371729,1.0968710636229664,1.0706485267661718,1.1709909399036478,1.0562282312967313,1.0626898386535713
2024-03-21,0.8793193717277488,1.0914544163951987,1.0653613735475733,1.1652082685954817,1.0510122894137843,1.0574419875984917
2024-03-22,0.8712041884816755,1.0724961510980116,1.0468563372824788,1.144207348984993,1.0327564928234705,1.0390745089057138
2024-03-25,0.8662303664921466,1.0528612215625246,1.0276908135691534,1.113931789568419,1.0138491047240867,1.0200514525119013
2024-03-26,0.8691099476439791,1.0572161154069823,1.0319415963944305,1.1165417515870892,1.018042634825632,1.0242706370545533
2024-03-27,0.8591623036649214,1.0301773400768806,1.0055492282001997,1.1207176908169616,0.9920057387942859,0.9980744570787335
2024-03-28,0.8636125654450261,1.0184268797916287,0.9940796823160412,1.1014039718788025,0.9806906733361637,0.9866901703026792
2024-03-29,0.8678010471204187,1.026326569372715,1.0017905166086007,1.1154977667796213,0.9882976523428523,0.9943436859479999
2024-04-01,0.8829842931937173,1.0300437936636895,1.0054188744373191,1.1259376148543019,0.9918771407334209,0.997945072303263
2024-04-02,0.8798429319371728,1.0239453132732645,0.9994661884179118,1.1154977667796213,0.9860046299434102,0.9920366356993046
2024-04-03,0.8761780104712041,1.0110167108329455,0.9868466658368775,1.108189873127345,0.9735550765350338,0.9795109206020911
2024-04-08,0.868586387434555,0.992916667416499,0.9691793342234296,1.087261806571917,0.9561257017633069,0.9619749194659923
2024-04-09,0.8670157068062828,0.9942464784466405,0.9704773538973152,1.0907404349581933,0.9574062387369836,0.9632632902836098
2024-04-10,0.8602094240837697,0.9970612570781154,0.9732248405390062,1.0871891870304224,0.960116720172782,0.9659903534261524
2024-04-11,0.8594240837696336,0.9911395866574585,0.9674447375513952,1.079759576647695,0.9544144679371606,0.9602532169544307
2024-04-12,0.8520942408376965,1.0142686480663685,0.9900208600731629,1.1049566587654274,0.9766865183482596,0.9826615193994405
2024-04-15,0.8712041884816756,1.0014428671969247,0.9775017009414239,1.0909840963653414,0.9643359766191465,0.9702354216977325
2024-04-16,0.8628272251308903,1.0066192379337742,0.9825543218803864,1.096623297897228,0.9693205450786879,0.9752504838737591
2024-04-17,0.8748691099476442,1.0081801070415455,0.9840778758022031,1.0980715164857937,0.970823578636289,0.9767627124257805
2024-04-18,0.8764397905759165,1.0052262740965419,0.9811946591728613,1.0954977542790516,0.9679791953258732,0.9739009282472761
2024-04-19,0.8691099476439793,1.0100262526321726,0.9858798861955416,1.099682575819732,0.9726013182052987,0.9785513275373457
2024-04-22,0.867277486910995,0.9902724948124609,0.9665983749868187,1.0824767947029033,0.953579504816893,0.9594131458435976
2024-04-23,0.860732984293194,0.9659033730161812,0.9428118377947494,1.055733079423304,0.9301133425059628,0.9358034263709364
2024-04-24,0.8643979057591625,0.9760571737646312,0.9527228949581117,1.0668311909233579,0.9398909101355171,0.9456408094845452
2024-04-25,0.867015706806283,0.9761072449253402,0.9527717690839997,1.0668859187379223,0.9399391259881077,0.9456893203036011
2024-04-26,0.8801047120418851,0.98357703113773,0.960062977566734,1.073503516721017,0.947132131019362,0.9529263294362896
2024-04-29,0.8913612565445029,0.978311211836536,0.9549230464809249,1.0678630403711975,0.9420614283713613,0.9478246061352106
2024-04-30,0.8866492146596862,0.9771285160005417,0.9537686249664787,1.0665720839189166,0.9409225554696656,0.946678766037125
2024-05-06,0.8997382198952885,0.9723963007130628,0.9491495411981962,1.0614066950902514,0.9363656849777959,0.9420940183241945
2024-05-07,0.9002617801047126,0.9744691668280203,0.9511728519826309,1.0940040366687662,0.938361744298647,0.9441022887857916
2024-05-08,0.8926701570680634,0.9734332846461228,0.9501617342963928,1.0973120402353673,0.9373642451019744,0.9430986872639238
2024-05-09,0.9018324607329848,0.9785662085248804,0.9551719470470537,1.091641176978337,0.9423069765584261,0.9480716564937994
2024-05-10,0.9023560209424089,0.9668088988254221,0.9436957154953882,1.0751011591453317,0.9309853154803693,0.9366807337482868
2024-05-13,0.9015706806282726,0.9702882136869475,0.9470918515173776,1.0850251698451348,0.9343357098012616,0.9400516245224556
2024-05-14,0.9000000000000004,0.9673918309595239,0.9442647116621019,1.080772022402362,0.9315466479809593,0.9372455002701499
2024-05-15,0.8931937172774873,0.9659425548082736,0.9428500828805856,1.0878606014736498,0.9301510724783661,0.9358413871611309
2024-05-16,0.8963350785340316,0.9673923747779671,0.9442652424796559,1.0859703137213064,0.9315471716490654,0.9372460271418606
2024-05-17,0.9070680628272253,0.9724648441588253,0.9492164459982758,1.0987297560496248,0.9364316886539669,0.94216042578605
2024-05-20,0.9091623036649216,0.9811491813717785,0.9576931696090512,1.0949491805449378,0.9447942414084581,0.9505741374953951
2024-05-21,0.906020942408377,0.9768791060013448,0.9535251775303515,1.0958943244211095,0.9406823869657674,0.9464371282725822
2024-05-22,0.9081151832460734,0.9791371334061443,0.9557292230143859,1.1048731912447407,0.9428567467160496,0.948624789938627
2024-05-23,0.8984293193717278,0.9659462859572232,0.9428537248301808,1.1062909070589984,0.9301546653754592,0.9358450020382177
2024-05-24,0.8876963350785341,0.9650769342998617,0.9420051564778337,1.0973120402353669,0.9293175261766213,0.9350027415363833
2024-05-27,0.8955497382198954,0.9787099913643208,0.9553122925172975,1.096366896359195,0.9424454317508636,0.9482109587030683
2024-05-28,0.8895287958115183,0.9816045545048038,0.9581376562859009,1.0859703137213061,0.9452327414061577,0.9510153200712789
2024-05-29,0.8897905759162305,0.9768853018389152,0.9535312252460647,1.0703754397644727,0.9406883532263203,0.9464431310324746
2024-05-30,0.8861256544502619,0.9674467965071382,0.9443183631663925,1.058973614427851,0.9315995768666456,0.9372987529548661
2024-05-31,0.8824607329842933,0.961783693308072,0.9387906459185892,1.0527747444897366,0.9261463110508409,0.931812126108301
2024-06-03,0.8837696335078536,0.9674467965071383,0.9443183631663925,1.058973614427851,0.9192558123482362,0.9372987529548662
2024-06-04,0.8903141361256546,0.9636713943744275,0.9406332183345236,1.0548410344691082,0.9035993873204072,0.9336410017238228
2024-06-05,0.886910994764398,0.9712221986398492,0.9480035079982614,1.0631061943865938,0.9097688205515635,0.9409565041859096
2024-06-06,0.886910994764398,0.9919869103697585,0.9682718045735401,1.0858353841596795,0.9292196602523745,0.9610741359566483
2024-06-07,0.880890052356021,0.9919869103697585,0.9682718045735401,1.0858353841596795,0.9292196602523745,0.9610741359566483
2024-06-11,0.87434554973822,0.9938746114361139,0.9701143769894746,1.0879016741390508,0.9309879184069936,0.96290301157217
2024-06-12,0.8732984293193717,1.0023692662347132,0.9784059528611797,1.0971999790462224,0.93894508010278,0.9711329518420178
2024-06-13,0.8698952879581151,1.0221901274314447,0.997752963228491,1.1188960238296222,0.9575117907262811,0.9903361458049954
2024-06-14,0.8751308900523559,1.0221901274314447,0.997752963228491,1.1188960238296222,0.9575117907262811,0.9903361458049954
2024-06-17,0.8725130890052356,1.0269093800973332,1.0023593942683273,1.1240617487780509,0.9619324361128292,0.9949083348437998
2024-06-18,0.875392670157068,1.0401232875618212,1.0152574011798683,1.138525778633651,0.9743102431951635,1.0077104641524517
2024-06-19,0.8727748691099475,1.0401232875618212,1.0152574011798683,1.138525778633651,0.9743102431951635,1.0077104641524517
2024-06-20,0.8667539267015705,1.0457863907608873,1.0207851184276715,1.144724648571765,0.9796150176590209,1.0131970909990167
2024-06-21,0.8651832460732983,1.0325724832963996,1.0078871115161305,1.1302606187161652,0.9672372105766868,1.000394961690365
2024-06-24,0.8607329842931937,1.0287970811636888,1.0042019666842616,1.1261280387574224,0.9637006942674484,0.9967372104593215
2024-06-25,0.8552356020942409,1.0165270242323787,0.9922252459806878,1.112697153891508,0.9522070162624238,0.9848495189584304
2024-06-26,0.8607329842931937,1.0325724832963996,1.0078871115161305,1.1302606187161652,0.9672372105766868,1.000394961690365
2024-06-27,0.8557591623036649,1.0316286327632218,1.0069658253081633,1.1292274737264794,0.966353081499377,0.999480523882604
2024-06-28,0.8575916230366492,1.0448425402277095,1.0198638322197042,1.1436915035820792,0.9787308885817112,1.0122826531912557
2024-07-01,0.8612565445026177,1.0429548391613541,1.01802125980377,1.1416252136027079,0.9769626304270921,1.010453777575734
2024-07-02,0.8599476439790575,1.0448425402277095,1.0198638322197042,1.1436915035820792,0.9787308885817112,1.0122826531912557
2024-07-03,0.8583769633507853,1.0674949530239743,1.0419747012109175,1.1684869833345364,0.9999499864371414,1.034229160577516
2024-07-04,0.8544502617801046,1.0712703551566851,1.0456598460427864,1.1726195632932792,1.0034865027463797,1.0378869118085594
2024-07-05,0.85,1.0797650099552845,1.0539514219144912,1.1819178682004505,1.011443664442166,1.046116852078407
2024-07-08,0.8437172774869109,1.0901473658202394,1.0640855702021308,1.1932824630869936,1.0211690842925716,1.0561756679637764
2024-07-09,0.8534031413612565,1.0948666184861278,1.0686920012419667,1.198448188035422,1.0255897296791194,1.0607478570025806
2024-07-10,0.8513089005235602,1.0863719636875286,1.060400425370262,1.1891498831282508,1.0176325679833333,1.052517916732733
2024-07-11,0.8633507853403141,1.0995858711520166,1.0732984322818029,1.2036139129838508,1.0300103750656675,1.065320046041385
2024-07-12,0.8659685863874345,1.0590002982253757,1.0336831253392127,1.1591886784273653,0.9919928247413553,1.0259992203076687
2024-07-15,0.8678010471204186,1.0892035152870618,1.0631642839941633,1.1922493180973077,1.020284955215262,1.0552612301560156
2024-07-24,0.8554973821989527,1.0306847822300447,1.0060445391001962,1.128194328736794,0.9654689524220678,0.9985660860748433
2024-07-25,0.8502617801047119,1.0089547521807065,0.9848340017540259,1.1044084951942632,0.9451138742162541,0.9775132176995992
2024-07-26,0.8541884816753926,1.0124397845516704,0.9882357185988305,1.1082232345056156,0.9483783936991862,0.9808896478114206
2024-07-29,0.8489528795811518,1.018041320555919,0.993703340518555,1.1143547125881141,0.9536254965876902,0.9863166260497792
2024-07-30,0.8429319371727749,1.019099614856107,0.9947363345239205,1.1155131284764552,0.9546168280859065,0.9873419412727008
2024-07-31,0.8630890052356022,1.0254477325904718,1.0009326898891417,1.1224618198218035,0.9605632732886663,0.9934922359013183
2024-08-01,0.8565445026178011,1.0116615193625071,0.9874760591403536,1.1073713403205019,0.9476493726737064,0.9801356352973429
2024-08-02,0.8471204188481677,1.0144398963454277,0.9901880143757663,1.110412570005141,0.9502519498742061,0.9828274311570554
2024-08-05,0.836910994764398,0.9887266367558921,0.9650894732519251,1.0822666672593138,0.9261656780796889,0.9896655989068358
2024-08-06,0.836910994764398,0.9874424069205815,0.9638359450781916,1.0808609408510348,0.9249627069529747,1.0124476005984095
2024-08-07,0.8350785340314137,0.9910844696972241,0.9673909382542561,1.0848475666752961,0.9283743208569003,1.0213287199019043
2024-08-08,0.8361256544502619,0.9905289290751964,0.966848678759719,1.0842394682634826,0.9278539316635949,1.0159228211954292
2024-08-09,0.8329842931937174,0.9992323988202952,0.9753440775074674,1.093766343381894,0.9360066956920466,1.0155366855735382
2024-08-12,0.8319371727748692,1.006824787321339,0.9827549572661417,1.1020770216766786,0.9431186813338877,1.010516922488954
2024-08-13,0.8332460732984295,1.0136764549930126,0.9894428243654331,1.1095769020890451,0.949536814717988,1.0112891937327362
2024-08-14,0.8269633507853404,1.010343211260847,0.9861892673982102,1.1059283116181642,0.9464144795581554,1.0047248881605877
2024-08-15,0.8369109947643981,1.0079358685653939,0.9838394762552158,1.1032932185003055,0.9441594597204983,1.0035664812949145
2024-08-16,0.8374345549738222,1.0097876706388191,0.985647007903673,1.1053202132063504,0.9458940903648498,1.0074278375138253
2024-08-19,0.8397905759162306,1.0185744529592016,0.9942237275002855,1.114938282816587,0.9541248954259911,1.0036205634501165
2024-08-20,0.835602094240838,1.0184725955139056,0.9941243051275355,1.1148267889883055,0.9540294829364485,1.002747371049995
2024-08-21,0.8316753926701573,1.0229063597606558,0.9984520728262587,1.1196800164390075,0.9581827039758962,1.0093164289720953
2024-08-22,0.829319371727749,1.020319997283385,0.9959275416686701,1.1168489670927648,0.9557599917028852,1.0116349200034247
2024-08-23,0.8329842931937176,1.0168099339213743,0.9925013922405143,1.1130068286942925,0.9524720250466558,1.0058386924251013
2024-08-26,0.8332460732984297,1.023091099937604,0.9986323964803723,1.1198822342494537,0.9583557548525401,0.9984968041592245
2024-08-27,0.8287958115183249,1.0223976813782334,0.9979555552511304,1.119123213742301,0.9577062118480757,0.9888148165256063
2024-08-28,0.8235602094240843,1.0211870620203485,0.9967738777732754,1.1177980618458407,0.9565721935493771,1.0022705992533303
2024-08-29,0.8209424083769639,1.0221193274824822,0.9976838558706933,1.1188185257407095,0.9574454705925852,1.0046486915064023
2024-08-30,0.8327225130890058,1.0201988142022984,0.9958092556717673,1.11671631929668,0.9556464763930977,1.0055774884477027
2024-09-02,0.8170157068062832,1.0156169723710384,0.991336950430793,1.111701005149893,0.9513545472705789,0.999077410800176
2024-09-03,0.8201570680628276,1.0170966547201494,0.9927812584991679,1.1133206751628597,0.9527406037954678,0.9956670612210288
2024-09-04,0.8146596858638747,1.0114759060738137,0.9872948832476909,1.1071681667962079,0.9474755039308281,0.993184681325503
2024-09-05,0.816492146596859,1.0185948967919825,0.9942436825890594,1.1149606607701563,0.954144045690125,0.9985184207237257
2024-09-06,0.8091623036649218,1.0213718730645889,0.9969542706004801,1.1180003572280903,0.9567453108092367,0.995025740666783
2024-09-09,0.7984293193717281,1.0153461122506604,0.9910725656744986,1.1114045198840194,0.9511008256272765,0.9877863618131117
2024-09-10,0.7984293193717281,1.0104912273201492,0.9863337448861167,1.1060903309683534,0.946553130008982,0.9830632540327501
2024-09-11,0.7965968586387437,1.0144323007496348,0.9901806003653917,1.1104042558161238,0.950244834884212,0.9868973540874799
2024-09-12,0.7937172774869112,1.0119099702962868,0.9877185704391263,1.1076432963436165,0.9478821030553912,0.9844434877735783
2024-09-13,0.7897905759162307,1.0157412740778184,0.9914582804974276,1.1118370666141346,0.9514709838772878,0.9881707976807104
2024-09-18,0.792408376963351,1.0062179254402945,0.982162603433099,1.1014127466778383,0.9425502181968954,0.9789059432734919
2024-09-19,0.7994764397905761,1.004021858854374,0.9800190374909634,1.0990089177764322,0.9404931061266363,0.9767694849790908
2024-09-20,0.8018324607329845,1.0130580555840634,0.9888392088283822,1.1088999980364203,0.9489575440817761,0.9855604103439027
2024-09-23,0.8041884816753929,1.0199274586097438,0.9955443872883875,1.1039187759599813,0.9553922906282604,0.9922433557363107
2024-09-24,0.841884816753927,1.017927250671304,0.993591997665269,1.1007622718615666,0.9535186443920431,0.9902974398574372
2024-09-25,0.854188481675393,1.024073765929,0.999591570198126,1.0846755854015093,0.9592762433681863,0.9962771189747089
2024-09-26,0.8976439790575919,1.0684995610151062,1.0429552923682142,1.1316170997248551,1.0008910285884527,1.0394970554764464
2024-09-27,0.9575916230366495,1.1917879719014648,1.1632962876414696,1.2621883035392616,1.1163784549640434,1.1594390234160366
2024-09-30,1.0528795811518323,1.4298621446475361,1.395678899203618,1.514325800560184,1.3393886576203564,1.3910510994373138
2024-10-08,1.099738219895288,1.4865184694343778,1.4509807598112459,1.5743288817738494,1.3924600946718328,1.4461695898315337
2024-10-09,0.997643979057592,1.44036397360388,1.4059296643786257,1.525447985031738,1.3492259909892061,1.401267875068804
2024-10-10,1.0143979057591628,1.3919356421371258,1.35865909315272,1.4741589344804598,1.30386192696607,1.354154043862825
2024-10-11,0.9858638743455501,1.3173425288577856,1.2858492529736563,1.3951595173647224,1.2339886386655627,1.2815856269520771
2024-10-14,1.0023560209424087,1.3553427941132985,1.3229410583478962,1.4354045034425509,1.2695844647809154,1.318554443114156
2024-10-15,0.9738219895287962,1.3088980254676716,1.2776066295571584,1.386216187125205,1.2260784550843733,1.273370334471615
2024-10-16,0.9672774869109951,1.2751200119072155,1.244636135891167,1.350442866167135,1.1944377207596153,1.2405091645497668
2024-10-17,0.9560209424083772,1.272305177443844,1.2418885947523344,1.347461756087296,1.1918009928992188,1.237770733722946
2024-10-18,0.9960732984293197,1.3848985559786975,1.351790240305638,1.466706159280862,1.2972701073150787,1.347307966795773
2024-10-21,0.9960732984293197,1.3891208076737547,1.3559115520138871,1.4711778244006208,1.3012251991056736,1.3514156130360042
2024-10-22,1.0023560209424087,1.3947504766004974,1.3614066342915523,1.4771400445602991,1.3064986548264665,1.3568924746896456
2024-10-23,1.0062827225130893,1.3834911387470121,1.350416469736222,1.4652156042409425,1.2959517433848806,1.3459387513823629
2024-10-24,0.9947643979057594,1.3637872975034127,1.3311836817643938,1.4443478336820685,1.277494648362105,1.326769735594618
2024-10-25,1.0023560209424087,1.4088246489173541,1.3751443399857155,1.492045594959495,1.3196822941284492,1.3705846288237489
2024-10-28,1.003926701570681,1.3989727282955546,1.3655279459998015,1.4816117096800583,1.3104537466170616,1.3610001209298768
2024-10-29,0.9952879581151836,1.3637872975034129,1.331183681764394,1.444347833682069,1.2774946483621052,1.3267697355946182
2024-10-30,0.9842931937172779,1.3483057079548706,1.3160722055008147,1.4279517282429537,1.2629926451299245,1.3117083660471045
2024-10-31,0.9842931937172779,1.35815762857667,1.3256885994867287,1.4383856135223907,1.272221192641312,1.3212928739409768
2024-11-01,0.9863874345549742,1.3342315356380137,1.3023344998066515,1.4130461778437577,1.2498090058279419,1.298016211913001
2024-11-04,1.0002617801047125,1.3736392181252124,1.340800075750308,1.454781718961506,1.286723195873493,1.3363542434884905
2024-11-05,1.0277486910994766,1.446824914172867,1.4122361453599557,1.532290581037324,1.355278120243802,1.4075534449858282
2024-11-06,1.0209424083769636,1.4228988212342104,1.3888820456798783,1.506951145358691,1.3328659334304316,1.3842767829578522
2024-11-07,1.0568062827225133,1.4820103449650086,1.446580409595363,1.5695544570353133,1.3882372184987584,1.4417838303210866
2024-11-08,1.0426701570680632,1.459491669258038,1.424600080484702,1.5457055763966001,1.3671433956155863,1.4198763837065211
2024-11-11,1.048167539267016,1.5003067689769225,1.464439426997775,1.588931672554268,1.4053759495913356,1.459583630695421
2024-11-12,1.0361256544502622,1.501395074405196,1.4655017146650273,1.5900842654773644,1.4063953932853397,1.4606423960233867
2024-11-13,1.0429319371727754,1.4910406256161948,1.455394806288027,1.5791181670947618,1.396696114710958,1.4505690001887426
2024-11-14,1.0243455497382203,1.4962178500106955,1.4604482604765274,1.5846012162860632,1.401545753998149,1.4556056981060648
2024-11-15,1.0062827225130895,1.4737229885415692,1.4384911762845356,1.560777556620521,1.380474238524246,1.4337214193345391
2024-11-18,1.001832460732985,1.4400209234215189,1.4055948153844886,1.525084670467477,1.3489046470575767,1.4009341363688022
2024-11-19,1.0070680628272257,1.4389073187861459,1.4045078333299852,1.5239052838830558,1.347861504945398,1.3998507585353703
2024-11-20,1.0096858638743462,1.4390286689994345,1.4046262824635152,1.5240338023976374,1.3479751768122188,1.3999688149146123
2024-11-21,1.0109947643979067,1.436195935399042,1.401861270096461,1.5210337358574846,1.345321682369675,1.3972129707907648
2024-11-22,0.9795811518324615,1.37954126339119,1.3465610227553777,1.461032405054428,1.2922517935188003,1.3420960883138116
2024-11-25,0.9738219895287966,1.3610537302218066,1.3285154649794595,1.4414527913329875,1.274934045561667,1.3241103660975668
2024-11-26,0.9717277486911002,1.362388058116548,1.329817893534744,1.4428659395619814,1.276183944829546,1.325408476053088
2024-11-27,0.9884816753926708,1.3709189789563512,1.3381448684472974,1.4519007920326263,1.2841750778591614,1.3337078403364513
2024-11-28,0.9808900523560217,1.3632411502005286,1.3306505910259996,1.443769424809046,1.276983058132508,1.3262384124814246
2024-11-29,0.9921465968586396,1.361534966032568,1.3289851960434889,1.441962454314917,1.2753848315265848,1.3245785396247518
2024-12-02,1.0000000000000007,1.3658004264524695,1.3331486834997655,1.4464798805502392,1.2793803980413923,1.3287282217664333
2024-12-03,1.001047120418849,1.372625163124312,1.3398102634298081,1.4537077625267552,1.2857733044650845,1.3353677131931239
2024-12-04,0.9955497382198961,1.3717720710403318,1.3389775659385528,1.4528042772796907,1.284974191162123,1.3345377767647877
2024-12-05,0.9937172774869116,1.3777437156281938,1.3448064483773399,1.459128674009142,1.2905679842828535,1.3403473317631416
2024-12-06,1.006806282722514,1.3706071184736006,1.3378404635108496,1.4515705095805924,1.283882950121589,1.333404444747565
2024-12-09,1.006020942408378,1.3913389908538736,1.3580767058160557,1.4735270382969374,1.3033030283587221,1.353573587609293
2024-12-10,1.0141361256544512,1.3786695132881512,1.3457101132962075,1.4601091596369489,1.291435202769363,1.3412480003049037
2024-12-11,1.011518324607331,1.3786695132881512,1.3457101132962075,1.4601091596369489,1.291435202769363,1.3412480003049037
2024-12-12,1.0225130890052367,1.4063120097951818,1.372691769703149,1.4893845312587424,1.317328640418874,1.3681401907872075
2024-12-13,0.9971204188481686,1.4143744046097322,1.380561419488507,1.4979231813150986,1.3248808930666478,1.375983746344546
2024-12-16,0.9908376963350797,1.4328027356144193,1.398549190426468,1.5174400957296277,1.3421431848329886,1.3939118733327485
2024-12-17,0.993717277486912,1.4500792959313134,1.4154127256808062,1.5357372029932486,1.3583265833639329,1.4107194923841884
2024-12-18,0.9981675392670168,1.458141690745864,1.4232823754661643,1.544275853049605,1.365878836011707,1.418563047941527
2024-12-19,0.9997382198952892,1.4212850287364898,1.387306833590242,1.5052420242205469,1.3313542524790254,1.3827067939651219
2024-12-20,0.9965968586387446,1.3901872201660805,1.356952470132433,1.4723072311460295,1.3022241351233257,1.3524530796725303
2024-12-23,0.9976439790575928,1.44086513042897,1.4064188402118256,1.525978745785984,1.3496954374807624,1.401755428890087
2024-12-24,1.0099476439790587,1.439713359741177,1.405294604528203,1.524758938635076,1.3486165442453661,1.4006349209533244
2024-12-25,1.010732984293195,1.4523828373068994,1.4176611970480513,1.5381768172950645,1.3604843698347253,1.4129605082577135
2024-12-26,1.0109947643979071,1.4546863786824853,1.4199096684152963,1.5406164315968807,1.362642156305518,1.4152015241312388
2024-12-27,1.0094240837696349,1.4454722131801419,1.410915782946316,1.5308579743896162,1.3540110104223477,1.4062374606371375
2024-12-30,1.0143979057591637,1.4270438821754552,1.3929280120083551,1.5113410599750876,1.3367487186560074,1.3883093336489352
2024-12-31,0.997643979057593,1.4178297166731118,1.3839341265393748,1.5015826027678232,1.3281175727728372,1.3793452701548339
2025-01-02,0.968062827225132,1.4351062769900058,1.4007976617937132,1.519879710031444,1.3443009713037815,1.3961528892062738
2025-01-03,0.9575916230366505,1.4281956528632482,1.3940522476919779,1.5125608671259958,1.3378276118914036,1.3894298415856978
2025-01-06,0.9534031413612578,1.467355856248208,1.432276260935145,1.5540343102568697,1.3745099818948776,1.427527111435628
2025-01-07,0.960471204188483,1.4558381493702786,1.4210339040989193,1.541836238747789,1.3637210495409147,1.4163220320680014
2025-01-08,0.9589005235602107,1.4477757545557277,1.4131642543135612,1.5332975886914324,1.3561687968931404,1.4084784765106626
2025-01-09,0.9568062827225144,1.4420169011167632,1.4075430758954486,1.5271985529368923,1.350774330716159,1.4028759368268495
2025-01-10,0.9455497382198965,1.4362580476777986,1.401921897477336,1.5210995171823523,1.3453798645391777,1.3972733971430364
2025-01-13,0.9416230366492159,1.437785986276038,1.4034133081485145,1.5227177129291571,1.3468111239341363,1.3890125993059086
2025-01-14,0.967277486910996,1.428012800486972,1.3938737667075047,1.5123672134425796,1.3376563293662178,1.3766383222519585
2025-01-15,0.961256544502619,1.4344139125788058,1.4001218495114673,1.5191464468317752,1.343652415747029,1.40557666536236
2025-01-16,0.961780104712043,1.438175076558036,1.403793096576722,1.5231297872364473,1.3471755948115904,1.4092782571658016
2025-01-17,0.9651832460732997,1.4413699770874688,1.4069116176667977,1.5265134143364825,1.3501683403342035,1.424896944376097
2025-01-20,0.9701570680628284,1.4391160022088176,1.4047115278264977,1.5241262944834721,1.34805698407631,1.421617785640388
2025-01-21,0.9714659685863887,1.4391160022088176,1.4047115278264977,1.5435375829713394,1.34805698407631,1.421617785640388
2025-01-22,0.9620418848167551,1.4492628622211272,1.4146158101836226,1.5379421593147886,1.3575618089028314,1.4335115947377037
2025-01-23,0.9649214659685875,1.4503883211660653,1.415714363150599,1.5339454281315383,1.358616055251761,1.4400601130862556
2025-01-24,0.9732984293193729,1.4562020645578413,1.4213891192854196,1.5379421593147888,1.36406193825972,1.4613186300147112
2025-01-27,0.9675392670157081,1.4532044147626755,1.418463133320985,1.5267513120016873,1.3612539625746567,1.488202819444947
2025-02-05,0.9623036649214672,1.4976300124793802,1.4618266628401173,1.589100318460395,1.402868562913927,1.4829312563242973
2025-02-06,0.9740837696335091,1.4907454266167632,1.4551066645142798,1.5739127399640431,1.3964195942134685,1.4857723151800675
2025-02-07,0.9887434554973834,1.494098555973727,1.458379631707189,1.5747120862006931,1.3995605567496563,1.4861779868019596
2025-02-10,0.9897905759162315,1.5123442455046212,1.4761891275211836,1.5699160087807926,1.416651763548593,1.5064601838241631
2025-02-11,0.9856020942408389,1.524595208401621,1.4881472106652645,1.5707153550174429,1.4281275556804378,1.54041997059135
2025-02-12,0.9955497382198966,1.5160737771031432,1.4798294984306835,1.54833366039124,1.4201453117483238,1.5323786265360608
2025-02-13,0.9929319371727761,1.5220100708770556,1.4856238751758388,1.5419388904980393,1.425705990852141,1.5106384765635295
2025-02-14,1.0007853403141376,1.5284965673739441,1.4919553011278819,1.5627218926509419,1.4317820590018913,1.5183154089753532
2025-02-17,1.002617801047122,1.5442795824909854,1.5073609968777306,1.5451362754446396,1.4465664153190008,1.533993295052301
2025-02-18,0.9950261780104726,1.5130820151679352,1.4769092595670694,1.5124074797920395,1.4173428513731623,1.5030035315158907
2025-02-19,1.0005235602094258,1.5411598257586803,1.5043158231466645,1.5404727732314794,1.4436440589244168,1.5308943186986597
2025-02-20,0.9973821989528812,1.5380400690263754,1.5012706494155983,1.5514439451774207,1.4407217025298331,1.5277953423450188
2025-02-21,1.0115183246073316,1.5739172714478828,1.5362901473228585,1.560045700921852,1.474328801067547,1.5634335704118902
2025-02-24,1.008115183246075,1.5645580012509677,1.52715462612966,1.5389323004582478,1.4655617318837955,1.5541366413509672
2025-02-25,0.9973821989528813,1.5442795824909852,1.5073609968777304,1.5174670333760836,1.4465664153190008,1.5339932950523008
2025-02-26,1.0060209424083788,1.5661178796171205,1.5286772129951933,1.538926163140998,1.4670229100810879,1.555686129527788
2025-02-27,1.0094240837696353,1.5567586094202055,1.519541691801995,1.529729393241749,1.4582558408973363,1.546389200466865
2025-02-28,0.9903141361256563,1.494363474774105,1.4586382171806724,1.4684175939134223,1.3998087130056593,1.4844096733940446
2025-03-03,0.9869109947643997,1.4943160187620816,1.4585918956839679,1.5053200803278663,1.3997642597382742,1.5069014816608166
2025-03-04,0.9858638743455516,1.503211032732081,1.4672742594716388,1.4883483343241697,1.4080964481701377,1.5265433747007946
2025-03-05,0.9903141361256564,1.5120929074292515,1.4759437981027683,1.442598410314205,1.4164163287071023,1.5334775730628287
2025-03-06,1.0047120418848188,1.5098756946735892,1.4737795915254372,1.4391866639720872,1.4143394084756087,1.5249214710278054
2025-03-07,1.0020942408376983,1.5082121743978967,1.4721558404835116,1.4376010260255532,1.412781146235207,1.5249214710278054
2025-03-10,0.9979057591623056,1.5115401326129334,1.4754042382927304,1.4407731766192962,1.4158985303151619,1.5281855169858585
2025-03-11,1.0010471204188502,1.5043335231787152,1.4683699149072271,1.4339039646525293,1.409147913850334,1.5196828272795657
2025-03-12,0.9984293193717299,1.5082186581809292,1.472162169260869,1.437607206252247,1.4127872197615847,1.5236076038357989
2025-03-13,0.993193717277489,1.5172781389349426,1.4810050679790772,1.4462425422137988,1.4212734684613477,1.5327595220200407
2025-03-14,1.0196335078534053,1.535370094234182,1.4986645048352838,1.463487472298903,1.4382206684503012,1.551036076624812
2025-03-17,1.016492146596861,1.5361063724151423,1.4993831810551956,1.4641892795687002,1.4389103591649781,1.5517798673404117
2025-03-18,1.018848167539269,1.5453087469690745,1.5083655574581023,1.4729608193594368,1.4475304601634205,1.5610761373259767
2025-03-19,1.0204188481675414,1.5587242413682112,1.5214603320315454,1.485748230070094,1.4600970989137614,1.5746285152685717
2025-03-20,1.0117801047120438,1.5600078966258089,1.522713299363807,1.4869717874360342,1.4612995318187494,1.575925268163499
2025-03-21,0.9945026178010491,1.5539576236023152,1.516807668233617,1.4812047747743167,1.4556320854194522,1.5698132618347909
2025-03-24,0.9989528795811539,1.5551784919921605,1.5179993497231858,1.482368484814374,1.4567757042500697,1.5710465872229642
2025-03-25,0.9994764397905779,1.553802227839955,1.5166559874667938,1.4811708884983061,1.4555987841828804,1.5696562805086076
2025-03-26,0.9952879581151852,1.5575000018893834,1.520265360044513,1.4848442972563176,1.4592087723101717,1.5733917843948748
2025-03-27,0.9989528795811539,1.5612404773906097,1.5239164132244238,1.4884102835871589,1.4621293373290705,1.5771704254325765
2025-03-28,0.993979057591625,1.5841843684363763,1.546311792190203,1.5102838667234988,1.4837650738532586,1.6003484219845305
2025-03-31,0.9876963350785359,1.600921009137608,1.5626483155100923,1.5262397610864553,1.4964256233447712,1.617255833185649
2025-04-01,0.9871727748691119,1.6109667199764637,1.5724538668338865,1.5358168502889376,1.5039376287557433,1.6274040443465403
2025-04-02,0.9863874345549758,1.604802306507166,1.5664368239761037,1.5299400000965053,1.4993337380554705,1.621176732952357
2025-04-03,0.9811518324607349,1.6196425611554752,1.5809222975226176,1.54408797278199,1.5104256934373008,1.636168408530946
2025-04-07,0.9120418848167556,1.5700989417911195,1.5325631012211784,1.4968555101242944,1.4734634858843383,1.586119276214733
2025-04-08,0.9212041884816772,1.581057899069871,1.5432600663016809,1.5073032437997294,1.4835995734019292,1.597190052026614
2025-04-09,0.9306282722513106,1.6009210091376078,1.5626483155100916,1.5223002123833467,1.5022382972843793,1.6172558331856486
2025-04-10,0.9471204188481693,1.6356243738536542,1.5965220382650167,1.555143774335731,1.534802504527281,1.6523132899232726
2025-04-11,0.9500000000000017,1.6605103393408187,1.6208130631353246,1.5739155319108884,1.5581544689317302,1.6774531766627527
2025-04-14,0.952094240837698,1.6728391662794142,1.63284714885089,1.5832642395939012,1.569723332031182,1.6899077994511191
2025-04-15,0.9528795811518341,1.6723825430594663,1.6324014419725357,1.5829185015314813,1.5692948556200914,1.689446517125624
2025-04-16,0.9552356020942425,1.713022009634836,1.672069354146066,1.6212218229677822,1.6074292562071735,1.7305006440946835
2025-04-17,0.9560209424083786,1.7271773294532236,1.6858862673750488,1.6317760224113629,1.6207120249509888,1.7448003961850302
2025-04-18,0.958638743455499,1.7312869384327554,1.6898976292802372,1.6348821129232893,1.6245683126508061,1.7489519371144857
2025-04-21,0.9591623036649232,1.7634788754390875,1.7213199642042136,1.659201604198213,1.6547758996327082,1.7814723410618867
2025-04-22,0.9599476439790594,1.8223832708123766,1.7788161515119152,1.703538633083054,1.7100493566634227,1.8409777610507483
2025-04-23,0.9609947643979074,1.712337074804914,1.6714007938285347,1.6212429055815725,1.6067865415905374,1.729808720606441
2025-04-24,0.9609947643979074,1.731058626822781,1.6896747758410597,1.6354233768623927,1.6243540744452605,1.748721295951738
2025-04-25,0.9609947643979074,1.7191864231041336,1.6780863970038487,1.626450333802847,1.6132136877568994,1.7367279554888666
2025-04-28,0.9594240837696352,1.704346168455824,1.6636009234573346,1.6152185386690159,1.599288204396448,1.7217362799102773
2025-04-29,0.9575916230366509,1.7162183721744715,1.6751893022945457,1.6263072465371033,1.610428591084809,1.7337296203731487
2025-04-30,0.9568062827225147,1.707645723276936,1.6668215969032538,1.6181837109485548,1.6023843706582261,1.7250695013814814
2025-05-06,0.9664921465968602,1.7334284080026272,1.6919879034392848,1.6426156641803842,1.6265777794402163,1.7511152569370738
2025-05-07,0.9727748691099493,1.7441769393817292,1.7024794732031228,1.6528010897386232,1.636663758314307,1.7619734597914394
2025-05-08,0.9787958115183263,1.7234405377559159,1.6822388099315642,1.6331510494069632,1.6172055736241409,1.7410254765385413
2025-05-09,0.977486910994766,1.7186969142035373,1.6776085906320302,1.6286559399948068,1.612754352778384,1.7362334519372442
2025-05-12,0.989267015706808,1.7133228579607374,1.6723630101896874,1.623563425689713,1.6077115598775382,1.7308045620938797
2025-05-13,0.9903141361256562,1.7031169139073599,1.6624010562942908,1.6138921617987838,1.5981347225886176,1.7204944827962243
2025-05-14,1.0036649214659703,1.7487986895119823,1.706990732668472,1.657180710566823,1.6410006181634296,1.766642367448354
2025-05-15,0.9947643979057609,1.7384332442735537,1.6968730907305554,1.647358301613421,1.631274111535873,1.7561711595125888
2025-05-16,0.9890052356020959,1.741394800055962,1.6997638455699602,1.6501647041715362,1.6340531134294607,1.759162933208522
2025-05-19,0.9874345549738237,1.7251062432527178,1.6838646939532347,1.6347294901019047,1.6187686030147295,1.7427081778808915
2025-05-20,0.9926701570680646,1.7428755779471665,1.701209222989663,1.651567905450594,1.6354426143762546,1.7606588200564888
2025-05-21,0.9968586387434573,1.7622257196886701,1.7200967672374148,1.6699043107973424,1.653599989921989,1.7802063988725565
2025-05-22,0.9963350785340332,1.7468853434563423,1.7051231283496027,1.6553676029775612,1.6392052130782722,1.764709498773557
2025-05-23,0.9887434554973838,1.7238747791078504,1.6826626700178846,1.6335625412478898,1.6176130478126967,1.741464148625058
2025-05-26,0.9832460732984311,1.7281305949687729,1.6868167434844914,1.6375953987715957,1.6216065300244842,1.745763388241976
2025-05-27,0.9777486910994782,1.7415848989088412,1.6999493997918966,1.6503448439177415,1.634231494358585,1.7593549717144483
2025-05-28,0.97670157068063,1.7610188934889397,1.7189187922359261,1.6687607091288406,1.6524675539522857,1.7789872589524636
2025-05-29,0.9829842931937189,1.7879275013690763,1.7451841048507366,1.6942595994211318,1.677717482620487,1.8061704258974078
2025-05-30,0.9811518324607346,1.7520493575288942,1.7101636880309894,1.66026107903141,1.6440509110628854,1.7699262033041487
2025-06-03,0.9806282722513104,1.7580290481689247,1.7160004241676141,1.6659274990963637,1.6496620063224858,1.775966907069692
2025-06-04,0.9850785340314152,1.771483352108993,1.7291330804750193,1.6786769442425094,1.6622869706565866,1.7895584905421642
2025-06-05,0.9876963350785356,1.7655036614689628,1.7232963443383948,1.6730105241775557,1.6566758753969864,1.783517786776621
2025-06-06,0.9882198952879596,1.7595239708289325,1.7174596082017703,1.667344104112602,1.6510647801373861,1.7774770830110778
2025-06-09,0.990575916230368,1.7655036614689628,1.7232963443383946,1.6730105241775555,1.6566758753969861,1.7835177867766208
2025-06-10,0.984554973821991,1.7669985841289702,1.7247555283725506,1.6744271291937938,1.658078649211886,1.7850279627180063
2025-06-11,0.9929319371727763,1.7729782747690004,1.7305922645091751,1.6800935492587472,1.6636897444714862,1.7910686664835493
2025-06-12,0.9934554973822005,1.76699858412897,1.7247555283725504,1.6744271291937936,1.6580786492118857,1.7850279627180061
2025-06-13,0.9866492146596874,1.7475645895488714,1.705786135928521,1.6560112639826945,1.639842589618185,1.765395675479991
2025-06-16,0.9892670157068078,1.7531609521204226,1.711248708095107,1.6613144381893843,1.6450939856161686,1.763806819372059
2025-06-17,0.9890052356020955,1.7590113647158614,1.7169592567949623,1.6668583529693777,1.650583771686574,1.7696927579217938
2025-06-18,0.9897905759162315,1.7658255225977968,1.7236105108387594,1.673315523293454,1.6569778966156359,1.7765482939898878
2025-06-19,0.9816753926701584,1.7634291520836691,1.7212714295687492,1.671044696459468,1.654729241285199,1.7741373717927853
2025-06-20,0.9829842931937186,1.75654234351307,1.7145492616724805,1.6645186815504862,1.6482669439439996,1.7672087438731177
2025-06-23,0.9863874345549752,1.761833702912572,1.7197141222778416,1.6695328314249795,1.6532321375352246,1.7725322344409982
2025-06-24,0.9981675392670172,1.7616077144281916,1.7194935364260564,1.669318682272552,1.653020079254995,1.772304873667666
2025-06-25,1.0151832460733,1.7734405118382888,1.7310434510284145,1.6805315701467591,1.6641234886874383,1.7842095243724028
2025-06-26,1.0112565445026194,1.779347058089207,1.7368087914148536,1.686128677790878,1.6696659482667469,1.790151937442752
2025-06-27,1.0052356020942423,1.8042414999317284,1.76110808999907,1.7097189223794456,1.6930258665337323,1.8151975479060656
2025-06-30,1.0102094240837711,1.825690524756092,1.7820443400200383,1.7300442522259147,1.7131527474645531,1.8367768194545995
2025-07-01,1.0117801047120434,1.8017180852465093,1.7586450017613093,1.7073277071033905,1.69065799818893,1.8126588100768264
2025-07-02,1.0128272251308914,1.7774408245952533,1.7349481296199907,1.6843223101426394,1.667877217316351,1.7882341285662282
2025-07-03,1.0188481675392682,1.81677302408577,1.773340027114216,1.721593931336523,1.7047849323465336,1.8278051682921403
2025-07-04,1.023298429319373,1.8130271003247684,1.7696836559242897,1.7180442531275817,1.7012699118674686,1.8240364978420536
2025-07-07,1.0185863874345562,1.790551557758759,1.7477454287847325,1.696746183873934,1.6801797889930785,1.8014244751415323
2025-07-08,1.0274869109947655,1.8336296810102772,1.789793697468884,1.7375674832767587,1.7206025245023262,1.8447641853175314
2025-07-09,1.0267015706806293,1.8411215285322802,1.7971064398487362,1.7446668396946412,1.727632565460456,1.852301526217705
2025-07-10,1.0319371727748703,1.8486133760542833,1.8044191822285887,1.7517661961125237,1.7346626064185862,1.8598388671178787
2025-07-11,1.0356020942408388,1.859851147337288,1.8153882957983671,1.7624152307393475,1.745207667855781,1.8711448784681393
2025-07-14,1.0353403141361268,1.852359299815285,1.8080755534185147,1.755315874321465,1.738177626897651,1.8636075375679655
2025-07-15,1.0353403141361268,1.8916914993058018,1.8464674509127401,1.7925874955153487,1.7750853419278338,1.903178577293878
2025-07-16,1.0329842931937183,1.8841996517837987,1.8391547085328876,1.7854881390974662,1.7680553009697038,1.8956412363937043
2025-07-17,1.0416230366492156,1.9216588893938147,1.87571842043215,1.8209849211868792,1.803205505760354,1.9333279408945732
2025-07-18,1.0494764397905767,1.929150736915818,1.8830311628120027,1.8280842776047619,1.8102355467184843,1.9408652817947472
2025-07-21,1.0560209424083777,1.9441344319598242,1.8976566475717074,1.842282990440527,1.8242956286347443,1.9559399635950945
2025-07-22,1.0675392670157076,1.953499241362328,1.9067975755465227,1.85115718596288,1.8330831798324068,1.9653616397203115
2025-07-23,1.0670157068062835,1.953499241362328,1.9067975755465227,1.85115718596288,1.8330831798324068,1.9653616397203115
2025-07-24,1.0738219895287966,1.9815936695698404,1.9342203594709697,1.8777797725299399,1.8594458334253947,1.9936266680959636
2025-07-25,1.0680628272251318,1.9759747839283377,1.9287358026860801,1.8724552552165277,1.854173302706797,1.987973662420833
2025-07-28,1.0709424083769643,2.0021962502553485,1.9543304010155635,1.8973030026791164,1.878778446060252,2.014354355571441
2025-07-29,1.076439790575917,2.0415284497458654,1.992722298509789,1.9345746238730002,1.9156861610904348,2.0539253952973535
2025-07-30,1.075654450261781,2.011561059657853,1.9634713289903793,1.90617719820147,1.8875659972579146,2.0237760316966584
2025-07-31,1.0554973821989537,1.9666099745258339,1.9195948747112648,1.8635810596941746,1.8453857515091345,1.9785519862956158
2025-08-01,1.0497382198952887,1.9609910888843312,1.9141103179263752,1.8582565423807624,1.8401132207905366,1.972898980620485
2025-08-04,1.0547120418848175,1.9703558982868352,1.9232512459011908,1.8671307379031157,1.8489007719881994,1.9823206567457023
2025-08-05,1.0628272251308906,1.9797207076893388,1.9323921738760061,1.8760049334254687,1.8576883231858616,1.9917423328709192
2025-08-06,1.065706806282723,1.9909584789723438,1.9433612874457848,1.8866539680522927,1.8682333846230568,2.00304834422118
2025-08-07,1.065445026178011,1.9741018220478368,1.926907617091117,1.870680416112057,1.8524157924672644,1.9860893271957893
2025-08-08,1.0628272251308908,1.9703558982868352,1.9232512459011908,1.8671307379031155,1.843593269794666,1.9823206567457023
2025-08-11,1.0678010471204196,2.013434021538353,1.965299514585342,1.90795203730594,1.843593269794666,2.0256603669217013
2025-08-12,1.0746073298429326,2.041528449745865,1.9927222985097888,1.9345746238729997,1.867448509220567,2.053925395297353
2025-08-13,1.0837696335078542,2.122065810607399,2.071334279093202,2.010892705365237,1.9411184962815617,2.134951809974221
2025-08-14,1.08193717277487,2.108955077443893,2.05853697992846,1.9984688316339423,1.9291257076902366,2.121761463398917
2025-08-15,1.0921465968586395,2.167016895739418,2.1152107333723165,2.0534888438725325,1.9822366285946749,2.1801758553752637
2025-08-18,1.100523560209425,2.2269516759154437,2.173712672411136,2.1102836952155934,2.0370608050121595,2.2404745825766543
2025-08-19,1.09476439790576,2.2288246377959444,2.1755408580060993,2.112058534320064,2.038774060525206,2.2423589178016976
2025-08-20,1.1102094240837705,2.2381894471984487,2.1846817859809153,2.1209327298424174,2.047340338090438,2.2517805939269153
2025-08-21,1.1138743455497393,2.2213327902739413,2.1682281156262473,2.1049591779021815,2.0319210384730204,2.234821576901524
2025-08-22,1.1403141361256555,2.307489036776978,2.25232465299455,2.186601776707831,2.1107307920731544,2.3215009972535223
2025-08-25,1.162827225130891,2.371169740714005,2.314482963223296,2.246946306259833,2.1689814795167317,2.3855683949049995
2025-08-26,1.156544502617802,2.3561860456699986,2.2998574784635912,2.232747593424068,2.1552754354123604,2.370493713104652
2025-08-27,1.139267015706807,2.3412023506259922,2.2852319937038863,2.218548880588303,2.141569391307989,2.3554190313043044
2025-08-28,1.1612565445026188,2.451707101575539,2.3930949438067097,2.3232643877520704,2.242651466577726,2.4665948095818675
2025-08-29,1.1722513089005246,2.5135148436320653,2.4534250684404926,2.381834078199602,2.2991888985082576,2.5287778720083014
2025-09-01,1.1761780104712052,2.536727509075765,2.4760827963028036,2.4038306531312053,2.320422233504529,2.552131493679991
2025-09-02,1.1693717277486921,2.508664730227183,2.4486909051064405,2.377238057841835,2.294752351445381,2.5238983068503433
2025-09-03,1.1586387434554986,2.541701366103434,2.4809377449614267,2.408543934295471,2.3249719726436293,2.5571355538795824
2025-09-04,1.1342931937172787,2.492146824491215,2.4325678875267225,2.3615855102222767,2.2796429179001763,2.5072800980409307
2025-09-05,1.1599476439790588,2.694344808020753,2.6299319901642257,2.553190524584545,2.4645995972727537,2.7107059054554354
2025-09-08,1.1602094240837706,2.6711225709677953,2.6072649195179807,2.5311848794916205,2.4433575068327644,2.6873426540519967
2025-09-09,1.1531413612565453,2.64842292128045,2.585107942912553,2.5096744438856846,2.422593443038435,2.664505163365548
2025-09-10,1.1557591623036658,2.677354761107704,2.613348118731734,2.537090570836417,2.4490582817533397,2.6936126884462146
2025-09-11,1.187696335078535,2.8378771413073514,2.7700329430228297,2.689203328969466,2.5958930121915484,2.8551098222464684
2025-09-12,1.1774869109947654,2.829610516173159,2.7619639453851152,2.681369784836554,2.588331277362404,2.8467929989866043
2025-09-15,1.1795811518324615,2.847736192679617,2.7796562972866967,2.6985458735725643,2.6049113880019656,2.8650287415686844
2025-09-16,1.1772251308900532,2.860419220955991,2.7920361165648004,2.710564449488267,2.6165129418524966,2.877788786068364
2025-09-17,1.1858638743455503,2.8816804236995046,2.812789034705819,2.7307117970825363,2.635961214235158,2.8991790950081704
2025-09-18,1.1704188481675402,2.862209610025859,2.7937837033902393,2.7122610416968436,2.618150665490326,2.879590047068926
2025-09-19,1.1730366492146607,2.862209610025859,2.7937837033902393,2.7122610416968436,2.618150665490326,2.879590047068926
2025-09-22,1.1769633507853412,2.8708650892589267,2.8022322589193918,2.7204630682146895,2.6260680970560695,2.8882980856992373
2025-09-23,1.1777486910994774,2.889580936346966,2.820500672387976,2.738198409030202,2.64318805477584,2.9071275826055434
2025-09-24,1.1884816753926712,2.9463545455299345,2.87591701351213,2.791997700264535,2.695120611407615,2.964245942968389
2025-09-25,1.1968586387434568,2.965041872649108,2.8941575888293922,2.809706015246512,2.712214481039636,2.983046746721615
2025-09-26,1.1853403141361267,2.9355852475090645,2.865405173567819,2.781792596010076,2.685269605149569,2.9534112496300016
2025-09-29,1.2054973821989539,3.0271516998710957,2.954782576777639,2.868561964891373,2.769028239509711,3.0455337286907627
2025-09-30,1.2089005235602104,3.0232177795333817,2.950942703383516,2.86483413907605,2.7654297622653843,3.04157592007648
2025-10-09,1.2285340314136135,3.035019540546524,2.9624623235658847,2.8760176165220197,2.7762251939983655,3.0534493459193284
2025-10-10,1.2031413612565456,2.8815966473756696,2.8127072611950883,2.7306324097244064,2.6358845814696084,2.8990948099622917
2025-10-13,1.1960732984293203,2.834389603323099,2.7666287804656124,2.6858984999405253,2.592702854537683,2.8516011065908957
2025-10-14,1.1837696335078542,2.8038627421919546,2.7368317149938504,2.6569709134069366,2.5647790010554377,2.820888874623823
2025-10-15,1.1997382198952888,2.85578612630662,2.7875137837900326,2.7061740784700277,2.61227490848239,2.873127557487227
2025-10-16,1.2036649214659694,2.893863274657375,2.8246806342405666,2.742256399516295,2.6471052405954887,2.91143592492039
2025-10-17,1.1782722513089012,2.8505937878951535,2.7824455769104146,2.7012537619637187,2.607525317739695,2.8679036892008867
2025-10-20,1.1824607329842938,2.9752099097703515,2.9040825420212526,2.819341358115138,2.717974454803422,2.9932765280730567
2025-10-21,1.2007853403141369,2.989056145534262,2.917597760366901,2.8324622021319623,2.6833652724417485,3.0072068435032975
2025-10-22,1.1968586387434563,3.034056411766972,2.961522219990259,2.8751049451866413,2.721039596565023,3.052480368651581
2025-10-23,1.201570680628273,3.0219409554735503,2.949696403937817,2.86362420667192,2.710174064804638,3.04029134265012
2025-10-24,1.2164921465968594,3.027133293885017,2.9547646108174352,2.868544523178229,2.6565543133071183,3.0455152109364607
2025-10-27,1.2311518324607338,3.1413647389372814,3.0662651621690364,2.97679148631703,2.754044844238861,3.16044031323595
2025-10-28,1.2248691099476448,3.1534801952307037,3.0780909782214794,2.9882722248317517,2.764666504795154,3.172629339237411
2025-10-29,1.2405759162303673,3.2573269634600353,3.179455115813844,3.0866785549579343,2.8557093095633808,3.2771067049642193
2025-10-30,1.2303664921465978,3.241749948225636,3.1642504951749895,3.071917605439007,2.842052888848147,3.261435100105198
2025-10-31,1.212827225130891,3.3369428191025228,3.2571676213013236,3.1621234080546743,2.9255087932190214,3.3572060186881054
2025-11-03,1.2146596858638752,3.3975201005696336,3.316296701563537,3.2195271006282815,2.9786170960004874,3.4181511486954106
2025-11-04,1.2057591623036656,3.3182930818429863,3.238963737195249,3.1444507136336437,2.9091585069535006,3.338443033054594
2025-11-05,1.207329842931938,3.2366065713636605,3.159230079337153,3.0670436854309697,2.8375436733619206,3.256260490681699
2025-11-06,1.2256544502617808,3.3119181924147814,3.2327412501582944,3.1384097988869812,2.9035696203321146,3.3320294328471456
2025-11-07,1.2230366492146605,3.2617104450473673,3.1837338029442,3.090832389916307,2.859552322351985,3.2815168047368477
2025-11-10,1.2261780104712052,3.3280563969257364,3.2484936439056824,3.1537025374846985,2.9177180375400136,3.3482656347397417
2025-11-11,1.2146596858638752,3.3459877352712417,3.2659963036250024,3.17069446925994,2.933438501104346,3.3663058590648482
2025-11-12,1.2151832460732992,3.3334357984293876,3.2537444418214783,3.158800117017271,2.922434176609313,3.3536777020372734
2025-11-13,1.2274869109947655,3.3334357984293876,3.2537444418214783,3.158800117017271,2.922434176609313,3.3536777020372734
2025-11-14,1.2089005235602104,3.2652967127164683,3.1872343348880645,3.0942307762713557,2.8851356579969947,3.285124849601869
2025-11-17,1.2007853403141373,3.1881919578307967,3.111972898094991,3.02116546963782,2.8141907900706964,3.2075518850039115
2025-11-18,1.1937172774869123,3.0519137864049584,2.9789526842281635,2.89202678814599,2.7102986780690315,3.070446180133103
2025-11-19,1.1973821989528808,3.089569596930519,3.0157082696387345,2.9277098448739958,2.740995756574987,3.1083306512158266
2025-11-20,1.191884816753928,3.1050210439215924,3.0307903239530827,2.9423518045561012,2.7547039283143624,3.1238759253328774
2025-11-21,1.1625654450261793,2.9964688025394923,2.9248332054116997,2.8394865167525003,2.658398852911417,3.0146645130114385
2025-11-24,1.160732984293195,2.979905046711949,2.908665433863512,2.8237905210861243,2.6437038661141146,2.998000175691069
2025-11-25,1.1712041884816766,2.9937881317881447,2.9222166205770193,2.836946283913148,2.6560206228946797,3.0119675641967847
2025-11-26,1.178795811518326,2.9819021243170254,2.9106147679891206,2.825682973604808,2.6454756278658174,3.00000938031908
2025-11-27,1.1777486910994777,2.9858680789295837,2.9144859098251827,2.829441155448339,2.648994132441533,3.0039994177326386
2025-11-28,1.1811518324607342,3.002764041406852,2.9309779460676504,2.8454519537590377,2.6639838454097906,3.020997978989217
2025-12-01,1.1947643979057605,3.0249435024674427,2.9526271700252544,2.866469452949088,2.6836609579469535,3.043312122263599
2025-12-02,1.1892670157068077,3.01199974247435,2.9399928522580905,2.854203804815085,2.672177548979426,3.0302897627839864
2025-12-03,1.1837696335078545,3.007768662941462,2.9358629237562353,2.8501943877055993,2.668423831614749,3.026032990509663
2025-12-04,1.1869109947643992,2.999303526862823,2.9276001609101314,2.842172732436771,2.6609137557474076,3.017516450870586
2025-12-05,1.197643979057593,3.018363531623116,2.946204504386347,2.860234200815892,2.6778233577256785,3.036692195306833
2025-12-08,1.2065445026178026,3.011491600640437,2.939496858404382,2.8537222840714778,2.6717267371213995,3.029778535317518
2025-12-09,1.2002617801047135,2.9945664228190547,2.9229763052594526,2.837683800982075,2.656711104965459,3.0127505813100255
2025-12-10,1.1986910994764413,3.0075430980096924,2.9356427513313266,2.849980639916245,2.6682237155463397,3.025806055860916
2025-12-11,1.189790575916232,3.01151126922202,2.9395160567756338,2.853740922233891,2.671744186638869,3.0297983233342896
2025-12-12,1.1965968586387452,3.042452812010075,2.9697178902459083,2.8830614656280837,2.6991948184576837,3.060927755064706
2025-12-15,1.18952879581152,3.0751623946427187,3.0016454956119425,2.9140574228612373,2.728214014945275,3.093835962857317
2025-12-16,1.177225130890054,3.045959697536069,2.9731409378095317,2.886384628598583,2.7023060473987943,3.0644559357477315
2025-12-17,1.1979057591623052,3.068728246275151,2.9953651663196577,2.9079603536973573,2.7225057851031,3.0873627438674456
2025-12-18,1.1897905759162322,3.0705307071551506,2.9971245363584216,2.9096683852848697,2.7241048873302773,3.0891761499828108
2025-12-19,1.195026178010473,3.068576184856015,2.9952167401830083,2.9078162586382033,2.7223708796764656,3.087209759072917
2025-12-22,1.2060209424083788,3.120455933211374,3.045856216405674,2.9569780739798843,2.768397410438386,3.1394045412039095
2025-12-23,1.208638743455499,3.1540522624681135,3.078649369235024,2.9888143219848833,2.7982033083280817,3.173204880287001
2025-12-24,1.2130890052356036,3.1697501661109033,3.0939719882427283,3.003689826678009,2.8121301307938253,3.1889981076353
2025-12-25,1.2154450261780119,3.1759290163372405,3.100003122722734,3.00954497253898,2.8176118659415716,3.195214478215486
2025-12-26,1.2201570680628284,3.180048249821465,3.1040238790427375,3.0134484031129607,2.821266356040069,3.199358725268943
2025-12-29,1.2146596858638756,3.155332848916117,3.079899341122716,2.9900278196690775,2.799339415449084,3.1744932429482
2025-12-30,1.2172774869109961,3.180048249821465,3.104023879042737,3.0134484031129602,2.8212663560400686,3.199358725268943
2025-12-31,1.2120418848167553,3.134736681494993,3.0597955595226978,2.9705106667991745,2.781066964956596,3.1537720076809137
2026-01-05,1.2358638743455512,3.2253598181479366,3.1482521985627763,3.0563861394267464,2.861465747123541,3.244945442856972
2026-01-06,1.2554973821989543,3.2397771353427225,3.162324845682788,3.0700481464356777,2.8742564624682823,3.2594503075440717
2026-01-07,1.2507853403141376,3.2500752190532842,3.1723767364827973,3.079806722870629,2.883392687714526,3.2698109251777145
2026-01-08,1.24083769633508,3.213002117695262,3.1361899296027653,3.0446758477048044,2.8505022768280486,3.2325127016965998
2026-01-09,1.2465968586387448,3.2274194348900482,3.1502625767227777,3.058337854713736,2.8632929921727897,3.2470175663837
2026-01-12,1.253926701570682,3.2768502367007444,3.19851165256282,3.105179021601502,2.9071468733547596,3.296748531025186
2026-01-13,1.2494764397905773,3.213002117695262,3.1361899296027653,3.0446758477048044,2.8505022768280486,3.2325127016966
2026-01-14,1.241623036649216,3.2356579018584974,3.158304089362785,3.066144715861697,2.870601972369785,3.2553060604906148
2026-01-15,1.2439790575916245,3.218409908151495,3.1414684377857625,3.0498003289184528,2.855299945314853,3.2379533303353476
2026-01-16,1.2397905759162318,3.2158004747608784,3.138921387263588,3.047327601379043,2.8529849154615516,3.235328051462064
2026-01-19,1.240314136125656,3.2546889212041674,3.1768801403691804,3.0841787173458064,2.887485859148578,3.2744526435016583
2026-01-20,1.2366492146596875,3.2744655638594957,3.196183989313259,3.1029192796099103,2.9050312459401266,3.294349377533729
2026-01-21,1.23821989528796,3.351114430460452,3.2710004365933547,3.1755525815329353,2.973032374093456,3.3714636855180538
2026-01-22,1.2374345549738237,3.341813852682938,3.261922204679132,3.166739252598932,2.9647811133847837,3.3621066310569456
2026-01-23,1.2314136125654467,3.3473782515896326,3.2673535773257165,3.172012137688208,2.969717721320819,3.3677048191328685
2026-01-26,1.2335078534031432,3.421729856628181,3.339927682922311,3.242468529500778,3.0356807713546075,3.4425079156994642
2026-01-27,1.2329842931937192,3.424235700536367,3.342373620441844,3.24484309451689,3.0379038989791805,3.445028976055158
2026-01-28,1.2369109947643997,3.3992655078018803,3.3180003819173978,3.221181067556957,3.015750912882319,3.419907154711342
2026-01-29,1.2481675392670175,3.5465063567426736,3.461721192162464,3.3607081018208365,3.0261370087753505,3.56804210668925
2026-01-30,1.2332460732984312,3.3331916262799925,3.2535061070155953,3.1585687368255644,3.028817378136533,3.353432047180723
2026-02-02,1.2041884816753943,3.0665120746016004,2.99320197593563,2.905860285249948,2.849232630937287,3.085133114747552
2026-02-03,1.2209424083769649,3.1937778966722683,3.1174252957281947,3.0264587662042053,2.964810228496104,3.2131717438133767
2026-02-04,1.2321989528795827,3.3028725935841208,3.22391190149285,3.1298380907838155,3.0660837308319913,3.3229289056630757
2026-02-05,1.2248691099476456,3.2192294043180536,3.142268342526177,3.050576892423301,2.9766263991872357,3.2387778027976593
2026-02-06,1.2170157068062843,3.1786028087755813,3.102612993681981,3.0120786874139105,2.9634903603558707,3.1979045069493717
2026-02-09,1.2374345549738237,3.2674821535106795,3.189367529065809,3.0963017238023505,2.979253606953508,3.2873235612327107
2026-02-10,1.2390052356020957,3.3959149166115457,3.314729892212,3.2180060108034736,3.005525684616237,3.416536217443265
2026-02-11,1.2363874345549752,3.48589676389855,3.4025605729807338,3.3032737906339844,3.047561008876604,3.5070644690978297
2026-02-12,1.2374345549738235,3.4409058402550476,3.3586452325963667,3.260639900718729,3.0052192629442924,3.461800343270547
2026-02-13,1.2227748691099491,3.47869821611559,3.395534118519235,3.2964523682475435,3.038226378279978,3.4998222089654645
2026-02-24,1.2345549738219912,3.464301120549669,3.3814812095962377,3.282809523474662,3.025652239104479,3.485337688700734
2026-02-25,1.2434554973822005,3.503893133355951,3.4201267091344802,3.3203273466000867,3.060231121837101,3.525170119428742
2026-02-26,1.23952879581152,3.48769640084429,3.4043171865961077,3.304979146230594,3.0460852152646645,3.50887503413092
2026-02-27,1.2369109947643995,3.49129567473577,3.407830413826857,3.308389857423814,3.1289418599823597,3.512496164197102
2026-03-02,1.2405759162303682,3.442705477200788,3.360401846211741,3.2623452563153386,3.2356694941414923,3.4636109083036377
2026-03-03,1.2246073298429336,3.3005341584873213,3.2216293705971424,3.1276221641831317,3.339794015272352,3.320576270689426
2026-03-04,1.2068062827225148,3.2321923114712465,3.154921349708563,3.0628606846150332,3.2669068504807495,3.251819425706288
2026-03-05,1.2183246073298446,3.228424364150041,3.151243481468465,3.0004160659884356,3.259097511395935,3.2480285979604733
2026-03-06,1.2217277486911011,3.2167251105150476,3.1398239180539678,2.9892438515311643,3.2200508159718626,3.2362583019599795
2026-03-09,1.2117801047120433,3.2126477420660797,3.1553330424544566,3.135145947479277,3.3215722240744516,3.2321561741623674
2026-03-10,1.2259162303664937,3.205750644766954,3.1255819421448225,3.0607002775794547,3.212241476887048,3.2252171950370583
2026-03-11,1.233246073298431,3.2295570630572064,3.158462681842004,3.1520015708528213,3.30074731984828,3.2491681750508357
2026-03-12,1.2287958115183262,3.242518496086199,3.2103251538891526,3.135145947479277,3.4751558927424715,3.262208314883816
2026-03-13,1.2243455497382214,3.248992742667402,3.197411689797791,3.260158487499732,3.4335060842901273,3.268721875579091
2026-03-16,1.2251308900523576,3.248992742667402,3.175360574695737,3.1772850059131375,3.3528095804137106,3.268721875579091
2026-03-17,1.2162303664921483,3.2597777808173354,3.155556226883542,3.160429382539593,3.2799224156221083,3.2795724046266566
2026-03-18,1.220418848167541,3.249575917512198,3.145638491990949,3.161834017820722,3.256494398367664,3.269308591685729
2026-03-19,1.2039267015706825,3.2405038788577003,3.1525100323860755,3.1520015708528217,3.3293815631592665,3.260181464125047
2026-03-20,1.1979057591623052,3.2297111931662505,3.1456422344335246,3.097220794888802,3.339794015272352,3.2493232410971533
2026-03-23,1.159685863874347,3.1476181996275767,3.0983048998376805,3.1323366769170193,3.3658251455550676,3.1667317473435137
2026-03-24,1.1725130890052373,3.1451463335957013,3.1251300504856254,3.149192300290564,3.3476033543571675,3.1642448711908577
2026-03-25,1.18952879581152,3.146189641181524,3.112390915275851,3.032607571956881,3.295541093791737,3.1652945141414097
2026-03-26,1.1748691099476458,3.137007852180209,3.1212553410772506,3.035416842519139,3.3345877892158096,3.1560569697876146
2026-03-27,1.1801047120418866,3.1350508593351414,3.1204912638823727,2.9806360665551193,3.3241753371027234,3.154088093329684
2026-03-30,1.1780104712041903,3.1587063153669956,3.1507411170737663,2.998896325209792,3.30074731984828,3.1778871943841973
2026-03-31,1.1683246073298448,3.168980186377489,3.113755427608999,2.9075950319364265,3.1757978944912475,3.188223452288949
2026-04-01,1.1869109947643999,3.1660183273502045,3.1083562588696236,2.903038311134624,3.1708208518944616,3.185243607715053
2026-04-02,1.175130890052358,3.1765981713847915,3.118743414287734,2.9107991487249585,3.1792975659513223,3.1958876966297236
2026-04-03,1.1659685863874365,3.142213678272383,3.084985159178874,2.8855932277035263,3.1517665961878802,3.1612944076570453
2026-04-07,1.16387434554974,3.121053990203209,3.0642108483426527,2.8700479443219584,3.1302295244472633,3.140006229827705
2026-04-08,1.2047120418848187,3.1174464701118514,3.060669031304482,2.8673939600793212,3.1266113986681354,3.136376803487549
2026-04-09,1.1968586387434574,3.0887856310188107,3.0325301864311895,2.841316414050456,3.09786630005527,3.107541924761732
2026-04-10,1.2151832460733005,3.214537717777846,3.1559919751917467,2.9569934181848256,3.223988083263627,3.2340576265332017
2026-04-13,1.2178010471204208,3.249905492178825,3.1907156032806534,2.989527575597617,3.2594598347909773,3.2696401676564277
2026-04-14,1.2335078534031432,3.3363600518256615,3.2755955830535366,3.069055515939996,3.346168560746723,3.356619712624313
2026-04-15,1.2287958115183264,3.293132772002243,3.233155593167095,3.0292915457688068,3.3028141977688503,3.3131299401403704
2026-04-16,1.2424083769633527,3.4051307242720092,3.3431137487819664,3.1323163775759797,3.4151414109387934,3.425807987030586
2026-04-17,1.2405759162303682,3.4621121385846974,3.3990573718140937,3.184732520074366,3.47229034395508,3.4831354143957833
2026-04-20,1.2473821989528813,3.4601472622290874,3.39712828136471,3.1829250668847666,3.4703196910924494,3.481158606555604
2026-04-21,1.2502617801047138,3.468006767651527,3.404844643162245,3.1901548796431647,3.4782023025429716,3.489065837916321
2026-04-22,1.259424083769635,3.546601821875924,3.4820082611375933,3.262453007227146,3.5570284170481945,3.5681381515234896
2026-04-23,1.2568062827225148,3.5249881819642153,3.4607882661943727,3.242571022141551,3.5353512355592582,3.5463932652815187
2026-04-24,1.251832460732986,3.4601472622290874,3.39712828136471,3.1829250668847666,3.470319691092449,3.481158606555604
2026-04-27,1.251832460732986,3.4346038696061587,3.3720501055227223,3.159428175419973,3.444701203878252,3.4554601046332745
2026-04-28,1.2486910994764413,3.44773353115735,3.3849406391330072,3.17150590671401,3.457869465101078,3.468669494536711
2026-04-29,1.2620418848167556,3.4359019129996375,3.3733245079074305,3.160622221378684,3.4460030633677183,3.4567660302452325
2026-04-30,1.2628272251308916,3.420797571388893,3.3584952586967485,3.1467280186502546,3.4308543167565735,3.4415699692658146
2026-05-06,1.2795811518324622,3.511260751120183,3.4473108503456906,3.2299434140006045,3.5215834476716803,3.5325824762003
2026-05-07,1.2858638743455513,3.5639820692638686,3.499071965501628,3.2784407733212704,3.574459760333736,3.5856239384548902
2026-05-08,1.2790575916230382,3.5673675044109907,3.502395742384929,3.2815549721039967,3.5778551482648284,3.5890299312656553
2026-05-11,1.3000000000000016,3.653076983413073,3.5865442115201516,3.3603975266285735,3.6638166031257366,3.6752598711726874
2026-05-12,1.2992146596858654,3.6343811515936255,3.5681888832048565,3.3431995789013293,3.6450658077441016,3.656450511075378
2026-05-13,1.3133507853403157,3.7415428154885637,3.673398832812918,3.4417755990446293,3.752542514416193,3.764262901788587
2026-05-14,1.2934554973822003,3.7111742675820922,3.6435833812906058,3.4138401370394287,3.722084686525417,3.7337099443849464
2026-05-15,1.2769633507853417,3.7002705026825855,3.632878204514516,3.4038099666472874,3.711148865830484,3.722739967633343
2026-05-18,1.2701570680628287,3.6963590116649505,3.6290379527127032,3.4002118588601338,3.707225875486054,3.718804724538593
2026-05-19,1.2746073298429332,3.673709165358602,3.6068006235979038,3.379376686797798,3.68450944127669,3.6960173396584155
2026-05-20,1.2751308900523575,3.6893753025243106,3.622181436491712,3.3937876748012004,3.700221635056122,3.711778607631373
2026-05-21,1.2586387434554986,3.603211548112915,3.53758696557577,3.314527240782489,3.613804569269249,3.62509163378011
2026-05-22,1.272774869109949,3.6618693391831556,3.5951764338456043,3.3684854510597244,3.672634807394983,3.6841056175069644
2026-05-25,1.2924083769633523,3.7933092335996794,3.724222439342581,3.489394563597762,3.8044611197511,3.8163436654905265
