total_return,annualized_return,annualized_volatility,sharpe_rf0,max_drawdown,trade_count,trade_action_count,avg_exposure,latest_momentum,latest_exposure,max_drawdown_integral,max_drawdown_episode_integral,full_history_drawdown_integral,worst_drawdown_episode_integral,latest_holding_code,latest_holding_theme,latest_holding_name,latest_portfolio,strategy,ratio_cut,breadth_cut,risk_cap,short_ratio_cut,annualized_diff,sharpe_diff,max_drawdown_integral_diff,is_valid_change
25.921843563318635,0.26238138130853383,0.21090451981256783,1.2440766160047865,-0.18982759788871417,901,1602,0.8235016011644832,0.026011560693641522,0.8,189.87008199088228,30.22536807840936,189.87008199088228,30.22536807840936,159985,豆粕,豆粕ETF,豆粕 / 豆粕ETF (159985) 80%,baseline_cf60top2,,,,,0.0,0.0,0.0,False
19.68014530564162,0.2390397178581809,0.21097626289768168,1.1330171203862367,-0.21843576517137464,901,1630,0.8235016011644832,0.026011560693641522,0.8,214.86288659131293,39.31437574215709,214.86288659131293,39.31437574215709,159985,豆粕,豆粕ETF,豆粕 / 豆粕ETF (159985) 80%,baseline_cf60top2__trf2_vr900_vb070_rc182_srna,0.9,-0.03,0.182,,-0.023341663450352934,-0.11105949561854978,24.992804600430645,False
19.676897490668477,0.2390259480833623,0.21097894548830967,1.1329374480005008,-0.218487333225732,901,1630,0.8235016011644832,0.026011560693641522,0.8,214.87346753236665,39.32376641879469,214.87346753236665,39.32376641879469,159985,豆粕,豆粕ETF,豆粕 / 豆粕ETF (159985) 80%,baseline_cf60top2__trf2_vr900_vb070_rc184_srna,0.9,-0.03,0.184,,-0.02335543322517153,-0.1111391680042857,25.003385541484363,False
19.67364809458436,0.23901216959364446,0.2109816629938596,1.132857548860067,-0.2185389018682672,901,1630,0.8235016011644832,0.026011560693641522,0.8,214.88404953705765,39.33315755215162,214.88404953705765,39.33315755215162,159985,豆粕,豆粕ETF,豆粕 / 豆粕ETF (159985) 80%,baseline_cf60top2__trf2_vr900_vb070_rc186_srna,0.9,-0.03,0.186,,-0.02336921171488937,-0.11121906714471952,25.013967546175365,False
19.527188868065068,0.23838903611213547,0.21096438092926054,1.129996613940582,-0.21843576517137464,901,1630,0.8235016011644832,0.026011560693641522,0.8,214.91533903606012,39.31437574215709,214.91533903606012,39.31437574215709,159985,豆粕,豆粕ETF,豆粕 / 豆粕ETF (159985) 80%,baseline_cf60top2__trf2_vr900_vb075_rc182_srna,0.9,-0.025,0.182,,-0.023992345196398368,-0.11408000206420454,25.045257045177834,False
19.52435265531179,0.2383769282760837,0.21096707136991283,1.1299248111479445,-0.218487333225732,901,1630,0.8235016011644832,0.026011560693641522,0.8,214.92564117557185,39.32376641879469,214.92564117557185,39.32376641879469,159985,豆粕,豆粕ETF,豆粕 / 豆粕ETF (159985) 80%,baseline_cf60top2__trf2_vr900_vb075_rc184_srna,0.9,-0.025,0.184,,-0.024004453032450135,-0.11415180485684195,25.05555918468957,False
19.521514751280588,0.23836481166368362,0.21096979684582512,1.1298527809546053,-0.2185389018682672,901,1630,0.8235016011644832,0.026011560693641522,0.8,214.9359443587055,39.33315755215162,214.9359443587055,39.33315755215162,159985,豆粕,豆粕ETF,豆粕 / 豆粕ETF (159985) 80%,baseline_cf60top2__trf2_vr900_vb075_rc186_srna,0.9,-0.025,0.186,,-0.024016569644850216,-0.11422383505018119,25.06586236782323,False
19.21034822384174,0.23702672841968386,0.2110970451778555,1.1228329994860033,-0.22005433549434306,901,1631,0.8235016011644832,0.026011560693641522,0.8,216.10582598035194,39.82772257116687,216.10582598035194,39.82772257116687,159985,豆粕,豆粕ETF,豆粕 / 豆粕ETF (159985) 80%,baseline_cf60top2__trf2_vr900_vb065_rc182_srna,0.9,-0.035,0.182,,-0.02535465288884997,-0.12124361651878313,26.235743989469654,False
19.208540082795015,0.23701889722771607,0.21109963037500573,1.122782151757757,-0.22006906943235127,901,1631,0.8235016011644832,0.026011560693641522,0.8,216.1058526845698,39.82544495998518,216.1058526845698,39.82544495998518,159985,豆粕,豆粕ETF,豆粕 / 豆粕ETF (159985) 80%,baseline_cf60top2__trf2_vr900_vb065_rc184_srna,0.9,-0.035,0.184,,-0.02536248408081776,-0.1212944642470295,26.235770693687527,False
19.206730175825996,0.2370110577353175,0.21110224840953,1.1227310913123265,-0.22008380620610435,901,1631,0.8235016011644832,0.026011560693641522,0.8,216.10588077652204,39.82316786555765,216.10588077652204,39.82316786555765,159985,豆粕,豆粕ETF,豆粕 / 豆粕ETF (159985) 80%,baseline_cf60top2__trf2_vr900_vb065_rc186_srna,0.9,-0.035,0.186,,-0.025370323573216336,-0.12134552469245996,26.23579878563976,False
18.918274500950957,0.23575321490897894,0.21311511422152193,1.1062247544954784,-0.23501627253537172,879,1566,0.8235016011644832,0.026011560693641522,0.8,219.89933733466617,41.73904813538149,219.89933733466617,41.73904813538149,159985,豆粕,豆粕ETF,豆粕 / 豆粕ETF (159985) 80%,baseline_cf60top2__trf2_vr900_vb070_rc182_sr920,0.9,-0.03,0.182,0.92,-0.026628166399554898,-0.13785186150930806,30.029255343783888,False
18.918274500950957,0.23575321490897894,0.21311511422152193,1.1062247544954784,-0.23501627253537172,879,1566,0.8235016011644832,0.026011560693641522,0.8,219.89933733466617,41.73904813538149,219.89933733466617,41.73904813538149,159985,豆粕,豆粕ETF,豆粕 / 豆粕ETF (159985) 80%,baseline_cf60top2__trf2_vr900_vb075_rc182_sr920,0.9,-0.025,0.182,0.92,-0.026628166399554898,-0.13785186150930806,30.029255343783888,False
18.917185606392387,0.2357484346753922,0.21311615483103963,1.1061969228109227,-0.23500810863564847,879,1566,0.8235016011644832,0.026011560693641522,0.8,219.89412741205626,41.7363598302144,219.89412741205626,41.7363598302144,159985,豆粕,豆粕ETF,豆粕 / 豆粕ETF (159985) 80%,baseline_cf60top2__trf2_vr900_vb070_rc184_sr920,0.9,-0.03,0.184,0.92,-0.02663294663314164,-0.13787969319386373,30.02404542117398,False
18.917185606392387,0.2357484346753922,0.21311615483103963,1.1061969228109227,-0.23500810863564847,879,1566,0.8235016011644832,0.026011560693641522,0.8,219.89412741205626,41.7363598302144,219.89412741205626,41.7363598302144,159985,豆粕,豆粕ETF,豆粕 / 豆粕ETF (159985) 80%,baseline_cf60top2__trf2_vr900_vb075_rc184_sr920,0.9,-0.025,0.184,0.92,-0.02663294663314164,-0.13787969319386373,30.02404542117398,False
18.916095968009902,0.2357436509333235,0.21311720918466698,1.1061690035976899,-0.2349999452776692,879,1566,0.8235016011644832,0.026011560693641522,0.8,219.88891742774638,41.733671703324,219.88891742774638,41.733671703324,159985,豆粕,豆粕ETF,豆粕 / 豆粕ETF (159985) 80%,baseline_cf60top2__trf2_vr900_vb070_rc186_sr920,0.9,-0.03,0.186,0.92,-0.026637730375210333,-0.1379076124070966,30.018835436864094,False
18.916095968009902,0.2357436509333235,0.21311720918466698,1.1061690035976899,-0.2349999452776692,879,1566,0.8235016011644832,0.026011560693641522,0.8,219.88891742774638,41.733671703324,219.88891742774638,41.733671703324,159985,豆粕,豆粕ETF,豆粕 / 豆粕ETF (159985) 80%,baseline_cf60top2__trf2_vr900_vb075_rc186_sr920,0.9,-0.025,0.186,0.92,-0.026637730375210333,-0.1379076124070966,30.018835436864094,False
18.772581129649964,0.23511145518706278,0.2131954930988885,1.1027974924310844,-0.23519622510853455,877,1566,0.8235016011644832,0.026011560693641522,0.8,220.05893262860786,41.798027027153026,220.05893262860786,41.798027027153026,159985,豆粕,豆粕ETF,豆粕 / 豆粕ETF (159985) 80%,baseline_cf60top2__trf2_vr900_vb065_rc182_sr920,0.9,-0.035,0.182,0.92,-0.027269926121471055,-0.1412791235737021,30.18885063772558,False
18.77198757277365,0.23510883167294305,0.21319651408723223,1.1027799055698684,-0.2351839752925805,877,1566,0.8235016011644832,0.026011560693641522,0.8,220.05222316941038,41.79399957464496,220.05222316941038,41.79399957464496,159985,豆粕,豆粕ETF,豆粕 / 豆粕ETF (159985) 80%,baseline_cf60top2__trf2_vr900_vb065_rc184_sr920,0.9,-0.035,0.184,0.92,-0.02727254963559078,-0.1412967104349181,30.1821411785281,False
18.771393287634638,0.23510620486658995,0.21319754787357417,1.1027622372373982,-0.23517172583623314,877,1566,0.8235016011644832,0.026011560693641522,0.8,220.04551389785746,41.78997224077017,220.04551389785746,41.78997224077017,159985,豆粕,豆粕ETF,豆粕 / 豆粕ETF (159985) 80%,baseline_cf60top2__trf2_vr900_vb065_rc186_sr920,0.9,-0.035,0.186,0.92,-0.027275176441943882,-0.14131437876738828,30.175431906975177,False
18.7431398898717,0.23498123697177475,0.21313012254455135,1.1025247588953822,-0.23540675852741133,882,1568,0.8235016011644832,0.026011560693641522,0.8,220.1393941816279,41.86824020651851,220.1393941816279,41.86824020651851,159985,豆粕,豆粕ETF,豆粕 / 豆粕ETF (159985) 80%,baseline_cf60top2__trf2_vr895_vb070_rc186_sr920,0.895,-0.03,0.186,0.92,-0.02740014433675908,-0.14155185710940432,30.26931219074561,False
18.7431398898717,0.23498123697177475,0.21313012254455135,1.1025247588953822,-0.23540675852741133,882,1568,0.8235016011644832,0.026011560693641522,0.8,220.1393941816279,41.86824020651851,220.1393941816279,41.86824020651851,159985,豆粕,豆粕ETF,豆粕 / 豆粕ETF (159985) 80%,baseline_cf60top2__trf2_vr895_vb075_rc186_sr920,0.895,-0.025,0.186,0.92,-0.02740014433675908,-0.14155185710940432,30.26931219074561,False
18.742912816471318,0.23498023192807538,0.2131291322462333,1.1025251660884958,-0.23542459902988577,882,1568,0.8235016011644832,0.026011560693641522,0.8,220.14856824680882,41.874129412043054,220.14856824680882,41.874129412043054,159985,豆粕,豆粕ETF,豆粕 / 豆粕ETF (159985) 80%,baseline_cf60top2__trf2_vr895_vb070_rc184_sr920,0.895,-0.03,0.184,0.92,-0.027401149380458456,-0.14155144991629065,30.278486255926538,False
18.742912816471318,0.23498023192807538,0.2131291322462333,1.1025251660884958,-0.23542459902988577,882,1568,0.8235016011644832,0.026011560693641522,0.8,220.14856824680882,41.874129412043054,220.14856824680882,41.874129412043054,159985,豆粕,豆粕ETF,豆粕 / 豆粕ETF (159985) 80%,baseline_cf60top2__trf2_vr895_vb075_rc184_sr920,0.895,-0.025,0.184,0.92,-0.027401149380458456,-0.14155144991629065,30.278486255926538,False
18.742684972473814,0.23497922346285938,0.21312815545373923,1.1025254873651036,-0.2354424396607252,882,1568,0.8235016011644832,0.026011560693641522,0.8,220.15774215622136,41.880018659373754,220.15774215622136,41.880018659373754,159985,豆粕,豆粕ETF,豆粕 / 豆粕ETF (159985) 80%,baseline_cf60top2__trf2_vr895_vb070_rc182_sr920,0.895,-0.03,0.182,0.92,-0.027402157845674457,-0.1415511286396829,30.287660165339076,False
18.742684972473814,0.23497922346285938,0.21312815545373923,1.1025254873651036,-0.2354424396607252,882,1568,0.8235016011644832,0.026011560693641522,0.8,220.15774215622136,41.880018659373754,220.15774215622136,41.880018659373754,159985,豆粕,豆粕ETF,豆粕 / 豆粕ETF (159985) 80%,baseline_cf60top2__trf2_vr895_vb075_rc182_sr920,0.895,-0.025,0.182,0.92,-0.027402157845674457,-0.1415511286396829,30.287660165339076,False
18.660576084350144,0.23461509345365683,0.21304634971459413,1.1012396775065947,-0.23624509596241916,887,1582,0.8235016011644832,0.026011560693641522,0.8,220.19415701625556,41.94808029626128,220.19415701625556,41.94808029626128,159985,豆粕,豆粕ETF,豆粕 / 豆粕ETF (159985) 80%,baseline_cf60top2__trf2_vr905_vb070_rc186_sr920,0.905,-0.03,0.186,0.92,-0.027766287854877003,-0.1428369384981918,30.324075025373276,False
18.660576084350144,0.23461509345365683,0.21304634971459413,1.1012396775065947,-0.23624509596241916,887,1582,0.8235016011644832,0.026011560693641522,0.8,220.19415701625556,41.94808029626128,220.19415701625556,41.94808029626128,159985,豆粕,豆粕ETF,豆粕 / 豆粕ETF (159985) 80%,baseline_cf60top2__trf2_vr905_vb075_rc186_sr920,0.905,-0.025,0.186,0.92,-0.027766287854877003,-0.1428369384981918,30.324075025373276,False
18.660461216063467,0.23461458305574423,0.21304519669319621,1.1012432417972315,-0.23627822874270454,887,1582,0.8235016011644832,0.026011560693641522,0.8,220.2044495926313,41.95556651076551,220.2044495926313,41.95556651076551,159985,豆粕,豆粕ETF,豆粕 / 豆粕ETF (159985) 80%,baseline_cf60top2__trf2_vr905_vb070_rc184_sr920,0.905,-0.03,0.184,0.92,-0.027766798252789604,-0.14283337420755493,30.334367601749022,False
18.660461216063467,0.23461458305574423,0.21304519669319621,1.1012432417972315,-0.23627822874270454,887,1582,0.8235016011644832,0.026011560693641522,0.8,220.2044495926313,41.95556651076551,220.2044495926313,41.95556651076551,159985,豆粕,豆粕ETF,豆粕 / 豆粕ETF (159985) 80%,baseline_cf60top2__trf2_vr905_vb075_rc184_sr920,0.905,-0.025,0.184,0.92,-0.027766798252789604,-0.14283337420755493,30.334367601749022,False
18.660345493967608,0.23461406886127212,0.21304405850190902,1.1012467116475337,-0.23631136266010278,887,1582,0.8235016011644832,0.026011560693641522,0.8,220.21474222644133,41.96305302247739,220.21474222644133,41.96305302247739,159985,豆粕,豆粕ETF,豆粕 / 豆粕ETF (159985) 80%,baseline_cf60top2__trf2_vr905_vb070_rc182_sr920,0.905,-0.03,0.182,0.92,-0.027767312447261716,-0.14282990435725273,30.344660235559047,False
18.660345493967608,0.23461406886127212,0.21304405850190902,1.1012467116475337,-0.23631136266010278,887,1582,0.8235016011644832,0.026011560693641522,0.8,220.21474222644133,41.96305302247739,220.21474222644133,41.96305302247739,159985,豆粕,豆粕ETF,豆粕 / 豆粕ETF (159985) 80%,baseline_cf60top2__trf2_vr905_vb075_rc182_sr920,0.905,-0.025,0.182,0.92,-0.027767312447261716,-0.14282990435725273,30.344660235559047,False
18.599693841726626,0.2343441841886973,0.21321045021616836,1.0991214734132497,-0.23557844773616887,880,1568,0.8235016011644832,0.026011560693641522,0.8,220.2959607121276,41.92451080435302,220.2959607121276,41.92451080435302,159985,豆粕,豆粕ETF,豆粕 / 豆粕ETF (159985) 80%,baseline_cf60top2__trf2_vr895_vb065_rc186_sr920,0.895,-0.035,0.186,0.92,-0.028037197119836543,-0.14495514259153675,30.42587872124531,False
18.59898524680812,0.23434102653469435,0.21320948039133097,1.0991116628799897,-0.23560036993838618,880,1568,0.8235016011644832,0.026011560693641522,0.8,220.3066326229154,41.93173777522591,220.3066326229154,41.93173777522591,159985,豆粕,豆粕ETF,豆粕 / 豆粕ETF (159985) 80%,baseline_cf60top2__trf2_vr895_vb065_rc184_sr920,0.895,-0.035,0.184,0.92,-0.028040354773839482,-0.14496495312479674,30.436550632033118,False
18.598275960938455,0.2343378656954187,0.21320852312601557,1.0991017725727352,-0.23562229198356033,880,1568,0.8235016011644832,0.026011560693641522,0.8,220.31730459343206,41.93896469441432,220.31730459343206,41.93896469441432,159985,豆粕,豆粕ETF,豆粕 / 豆粕ETF (159985) 80%,baseline_cf60top2__trf2_vr895_vb065_rc182_sr920,0.895,-0.035,0.182,0.92,-0.028043515613115133,-0.14497484343205125,30.447222602549772,False
18.517729913007212,0.23397822954206982,0.21312670581868454,1.09783627839265,-0.23641659692272965,885,1582,0.8235016011644832,0.026011560693641522,0.8,220.35070534097463,42.004332688315195,220.35070534097463,42.004332688315195,159985,豆粕,豆粕ETF,豆粕 / 豆粕ETF (159985) 80%,baseline_cf60top2__trf2_vr905_vb065_rc186_sr920,0.905,-0.035,0.186,0.92,-0.02840315176646402,-0.1462403376121364,30.480623350092344,False
18.517134725814135,0.2339755669161876,0.21312557333305415,1.0978296187410175,-0.23645380340728994,885,1582,0.8235016011644832,0.026011560693641522,0.8,220.36249495579614,42.01315586100681,220.36249495579614,42.01315586100681,159985,豆粕,豆粕ETF,豆粕 / 豆粕ETF (159985) 80%,baseline_cf60top2__trf2_vr905_vb065_rc184_sr920,0.905,-0.035,0.184,0.92,-0.02840581439234624,-0.146246997263769,30.492412964913854,False
18.516538759311977,0.2339729007283904,0.21312445473041514,1.09782287079325,-0.23649101057998778,885,1582,0.8235016011644832,0.026011560693641522,0.8,220.37428482611702,42.021979219983216,220.37428482611702,42.021979219983216,159985,豆粕,豆粕ETF,豆粕 / 豆粕ETF (159985) 80%,baseline_cf60top2__trf2_vr905_vb065_rc182_sr920,0.905,-0.035,0.182,0.92,-0.028408480580143447,-0.14625374521153645,30.504202835234736,False
18.36148781122759,0.2332766625887217,0.2113556464830842,1.1037162549020991,-0.23637314566307066,898,1618,0.8235016011644832,0.026011560693641522,0.8,219.69992194328168,41.96797292455188,219.69992194328168,41.96797292455188,159985,豆粕,豆粕ETF,豆粕 / 豆粕ETF (159985) 80%,baseline_cf60top2__trf2_vr895_vb070_rc186_srna,0.895,-0.03,0.186,,-0.029104718719812128,-0.14036036110268735,29.829839952399396,False
18.360577420176543,0.23327255930564683,0.2113533557527731,1.103708803083843,-0.23637438918279619,898,1618,0.8235016011644832,0.026011560693641522,0.8,219.70292417238784,41.96786321585405,219.70292417238784,41.96786321585405,159985,豆粕,豆粕ETF,豆粕 / 豆粕ETF (159985) 80%,baseline_cf60top2__trf2_vr895_vb070_rc184_srna,0.895,-0.03,0.184,,-0.029108822002887003,-0.14036781292094358,29.832842181505555,False
18.35966529709155,0.23326844803619662,0.21135109705700184,1.103701146028514,-0.23637563480643498,898,1618,0.8235016011644832,0.026011560693641522,0.8,219.70592766859045,41.96775418528652,219.70592766859045,41.96775418528652,159985,豆粕,豆粕ETF,豆粕 / 豆粕ETF (159985) 80%,baseline_cf60top2__trf2_vr895_vb070_rc182_srna,0.895,-0.03,0.182,,-0.029112933272337216,-0.14037546997627248,29.835845677708164,False
18.219010399472236,0.23263230134114465,0.21134375288799664,1.1007294900475721,-0.23637314566307066,898,1618,0.8235016011644832,0.026011560693641522,0.8,219.7518167649295,41.96797292455188,219.7518167649295,41.96797292455188,159985,豆粕,豆粕ETF,豆粕 / 豆粕ETF (159985) 80%,baseline_cf60top2__trf2_vr895_vb075_rc186_srna,0.895,-0.025,0.186,,-0.02974907996738918,-0.14334712595721433,29.881734774047203,False
18.21774380133684,0.2326265532070657,0.2113414539487928,1.1007142652829018,-0.23637438918279619,898,1618,0.8235016011644832,0.026011560693641522,0.8,219.75509781559288,41.96786321585405,219.75509781559288,41.96786321585405,159985,豆粕,豆粕ETF,豆粕 / 豆粕ETF (159985) 80%,baseline_cf60top2__trf2_vr895_vb075_rc184_srna,0.895,-0.025,0.184,,-0.029754828101468123,-0.14336235072188463,29.885015824710592,False
18.216475518066666,0.23262079707267613,0.21133918716334657,1.1006988348681437,-0.23637563480643498,898,1618,0.8235016011644832,0.026011560693641522,0.8,219.75838011333747,41.96775418528652,219.75838011333747,41.96775418528652,159985,豆粕,豆粕ETF,豆粕 / 豆粕ETF (159985) 80%,baseline_cf60top2__trf2_vr895_vb075_rc182_srna,0.895,-0.025,0.182,,-0.0297605842358577,-0.1433777811366428,29.888298122455183,False
18.071460973322225,0.23196030591555816,0.21031461307366578,1.1029205366453099,-0.2269737535872003,906,1641,0.8235016011644832,0.026011560693641522,0.8,219.7127135901817,40.94973054741682,219.7127135901817,40.94973054741682,159985,豆粕,豆粕ETF,豆粕 / 豆粕ETF (159985) 80%,baseline_cf60top2__trf2_vr905_vb070_rc186_srna,0.905,-0.03,0.186,,-0.03042107539297567,-0.1411560793594766,29.84263159929941,False
18.07007556383111,0.23195397337772783,0.21031139838067336,1.1029072849293713,-0.22696559020756735,906,1641,0.8235016011644832,0.026011560693641522,0.8,219.7133719258328,40.94856662251061,219.7133719258328,40.94856662251061,159985,豆粕,豆粕ETF,豆粕 / 豆粕ETF (159985) 80%,baseline_cf60top2__trf2_vr905_vb070_rc184_srna,0.905,-0.03,0.184,,-0.030427407930806005,-0.14116933107541518,29.84328993495052,False
18.068688001633266,0.2319476305716297,0.2103082250740167,1.102893766946096,-0.22695743286697823,906,1641,0.8235016011644832,0.026011560693641522,0.8,219.71403486522738,40.947403952906264,219.71403486522738,40.947403952906264,159985,豆粕,豆粕ETF,豆粕 / 豆粕ETF (159985) 80%,baseline_cf60top2__trf2_vr905_vb070_rc182_srna,0.905,-0.03,0.182,,-0.03043375073690413,-0.14118284905869039,29.843952874345092,False
17.931117812488413,0.23131663243679546,0.21030264697120676,1.099922591409255,-0.2269737535872003,906,1641,0.8235016011644832,0.026011560693641522,0.8,220.0395276312452,40.94973054741682,220.0395276312452,40.94973054741682,159985,豆粕,豆粕ETF,豆粕 / 豆粕ETF (159985) 80%,baseline_cf60top2__trf2_vr905_vb075_rc186_srna,0.905,-0.025,0.186,,-0.03106474887173838,-0.1441540245955315,30.16944564036291,False
17.929385136825008,0.2313086579736281,0.2102994239191795,1.0999015292715337,-0.22696559020756735,906,1641,0.8235016011644832,0.026011560693641522,0.8,220.04102432935855,40.94856662251061,220.04102432935855,40.94856662251061,159985,豆粕,豆粕ETF,豆粕 / 豆粕ETF (159985) 80%,baseline_cf60top2__trf2_vr905_vb075_rc184_srna,0.905,-0.025,0.184,,-0.03107272333490574,-0.14417508673325274,30.170942338476266,False
17.92765037627419,0.23130067323544168,0.21029624237365527,1.0998802005433157,-0.22695743286697823,906,1641,0.8235016011644832,0.026011560693641522,0.8,220.0425256551158,40.947403952906264,220.0425256551158,40.947403952906264,159985,豆粕,豆粕ETF,豆粕 / 豆粕ETF (159985) 80%,baseline_cf60top2__trf2_vr905_vb075_rc182_srna,0.905,-0.025,0.182,,-0.031080708073092156,-0.14419641546147077,30.172443664233526,False
17.92420525947261,0.2312848140704673,0.21147587186711153,1.0936699871643203,-0.23788279271085644,898,1619,0.8235016011644832,0.026011560693641522,0.8,220.8686439883125,42.460685904765626,220.8686439883125,42.460685904765626,159985,豆粕,豆粕ETF,豆粕 / 豆粕ETF (159985) 80%,baseline_cf60top2__trf2_vr895_vb065_rc186_srna,0.895,-0.035,0.186,,-0.03109656723806653,-0.15040662884046618,30.998561997430215,False
17.92203629670588,0.23127482814494926,0.2114736792819924,1.0936341058149026,-0.23791992302796938,898,1619,0.8235016011644832,0.026011560693641522,0.8,220.882208747132,42.47228998206088,220.882208747132,42.47228998206088,159985,豆粕,豆粕ETF,豆粕 / 豆粕ETF (159985) 80%,baseline_cf60top2__trf2_vr895_vb065_rc184_srna,0.895,-0.035,0.184,,-0.03110655316358457,-0.15044251018988386,31.012126756249728,False
17.919865956865607,0.23126483481464422,0.21147151665605193,1.0935980337757976,-0.23795705278888502,898,1619,0.8235016011644832,0.026011560693641522,0.8,220.89577414359442,42.483893924418204,220.89577414359442,42.483893924418204,159985,豆粕,豆粕ETF,豆粕 / 豆粕ETF (159985) 80%,baseline_cf60top2__trf2_vr895_vb065_rc182_srna,0.895,-0.035,0.182,,-0.03111654649388962,-0.1504785822289889,31.02569215271214,False
17.640728727875857,0.22997058342722698,0.21043539191512028,1.0928322528559562,-0.22850198270084532,906,1642,0.8235016011644832,0.026011560693641522,0.8,221.8384723633643,41.436544987555834,221.8384723633643,41.436544987555834,159985,豆粕,豆粕ETF,豆粕 / 豆粕ETF (159985) 80%,baseline_cf60top2__trf2_vr905_vb065_rc186_srna,0.905,-0.035,0.186,,-0.03241079788130685,-0.15124436314883027,31.96839037248202,False
17.638114668195882,0.22995837814406128,0.21043227620099614,1.09279043260652,-0.22853016691491368,906,1642,0.8235016011644832,0.026011560693641522,0.8,221.85448719242976,41.44695666254177,221.85448719242976,41.44695666254177,159985,豆粕,豆粕ETF,豆粕 / 豆粕ETF (159985) 80%,baseline_cf60top2__trf2_vr905_vb065_rc184_srna,0.905,-0.035,0.184,,-0.03242300316447255,-0.15128618339826638,31.984405201547474,False
17.635498880158448,0.22994616319864702,0.21042919978260513,1.0927483611409676,-0.228558355352674,906,1642,0.8235016011644832,0.026011560693641522,0.8,221.87050587549277,41.45736888330718,221.87050587549277,41.45736888330718,159985,豆粕,豆粕ETF,豆粕 / 豆粕ETF (159985) 80%,baseline_cf60top2__trf2_vr905_vb065_rc182_srna,0.905,-0.035,0.182,,-0.03243521810988681,-0.15132825486381885,32.000423884610484,False
