total_return,annualized_return,annualized_volatility,sharpe_rf0,max_drawdown,max_drawdown_integral,trade_count,avg_exposure,latest_holding_code,latest_holding_theme,latest_holding_name,latest_momentum,latest_exposure,strategy,risk_cap,vg_cap,overheat_cap,overheat_hi_cap,annualized_diff,sharpe_diff,max_drawdown_integral_diff,is_valid_change,drawdown_integral_definition,drawdown_integral_recomputed
26.074633343252177,0.2658316510817915,0.2097661000502041,1.2672765094939984,-0.2310308586357278,43.223908317892565,1557,0.8207978817299205,159941,纳指ETF,纳指ETF广发,0.1170523751304608,1.0,regime_mix_rm511580_rm513650_volume_guard_ag28_co27_vr91_vs90_vb01_vg30_cap08_hi04_dd02_rm06_vm16_oh25_ohh32__proxy_hybrid_breadth_blend_vr91_vs90_vb-1__edge_rc188_vg285_oc068_oh028__stressbond_511260_vr90_vb-1,0.188,0.285,0.068,0.028,0.000511362516762,0.002724687374469,-0.0016788891315542,True,full_history,False
26.068789455854706,0.2658121237424331,0.2097697556163176,1.267161335824887,-0.2310467720745387,43.22221445107676,1557,0.8207978817299205,159941,纳指ETF,纳指ETF广发,0.1170523751304608,1.0,regime_mix_rm511580_rm513650_volume_guard_ag28_co27_vr91_vs90_vb01_vg30_cap08_hi04_dd02_rm06_vm16_oh25_ohh32__proxy_hybrid_breadth_blend_vr91_vs90_vb-1__edge_rc190_vg285_oc068_oh028__stressbond_511260_vr90_vb-1,0.19,0.285,0.068,0.028,0.0004918351774036,0.0026095137053576,-0.0033727559473604,True,full_history,False
26.06633187755696,0.2658039105796537,0.2097675556053733,1.26713547198738,-0.2310308586357284,43.2239083178926,1557,0.8208243601059135,159941,纳指ETF,纳指ETF广发,0.1170523751304608,1.0,regime_mix_rm511580_rm513650_volume_guard_ag28_co27_vr91_vs90_vb01_vg30_cap08_hi04_dd02_rm06_vm16_oh25_ohh32__proxy_hybrid_breadth_blend_vr91_vs90_vb-1__edge_rc188_vg285_oc070_oh028__stressbond_511260_vr90_vb-1,0.188,0.285,0.07,0.028,0.0004836220146242,0.0025836498678506,-0.0016788891315187,True,full_history,False
26.063810981731216,0.2657954850918718,0.209768051072555,1.2670923133091312,-0.2310308586357278,43.22390831789255,1557,0.820819064430715,159941,纳指ETF,纳指ETF广发,0.1170523751304608,1.0,regime_mix_rm511580_rm513650_volume_guard_ag28_co27_vr91_vs90_vb01_vg30_cap08_hi04_dd02_rm06_vm16_oh25_ohh32__proxy_hybrid_breadth_blend_vr91_vs90_vb-1__edge_rc188_vg285_oc068_oh030__stressbond_511260_vr90_vb-1,0.188,0.285,0.068,0.03,0.0004751965268423,0.0025404911896018,-0.0016788891315684,True,full_history,False
26.06294347687599,0.2657925854970762,0.2097734546497352,1.267045851634935,-0.2310626914642474,43.220522124467976,1557,0.8207978817299205,159941,纳指ETF,纳指ETF广发,0.1170523751304608,1.0,regime_mix_rm511580_rm513650_volume_guard_ag28_co27_vr91_vs90_vb01_vg30_cap08_hi04_dd02_rm06_vm16_oh25_ohh32__proxy_hybrid_breadth_blend_vr91_vs90_vb-1__edge_rc192_vg285_oc068_oh028__stressbond_511260_vr90_vb-1,0.192,0.285,0.068,0.028,0.0004722969320467,0.0024940295154056,-0.0050650825561433,True,full_history,False
26.06194119355781,0.2657892353040505,0.2097741512138591,1.2670256738785968,-0.2310840500773824,43.224457063722326,1557,0.8208273021476905,159941,纳指ETF,纳指ETF广发,0.1170523751304608,1.0,regime_mix_rm511580_rm513650_volume_guard_ag28_co27_vr91_vs90_vb01_vg30_cap08_hi04_dd02_rm06_vm16_oh25_ohh32__proxy_hybrid_breadth_blend_vr91_vs90_vb-1__edge_rc192_vg290_oc068_oh028__stressbond_511260_vr90_vb-1,0.192,0.29,0.068,0.028,0.000468946739021,0.0024738517590674,-0.0011301433017933,True,full_history,False
26.06048978197781,0.265784383668233,0.2097712111396431,1.2670203038075722,-0.2310467720745381,43.22221445107666,1557,0.8208243601059135,159941,纳指ETF,纳指ETF广发,0.1170523751304608,1.0,regime_mix_rm511580_rm513650_volume_guard_ag28_co27_vr91_vs90_vb01_vg30_cap08_hi04_dd02_rm06_vm16_oh25_ohh32__proxy_hybrid_breadth_blend_vr91_vs90_vb-1__edge_rc190_vg285_oc070_oh028__stressbond_511260_vr90_vb-1,0.19,0.285,0.07,0.028,0.0004640951032035,0.0024684816880429,-0.0033727559474598,True,full_history,False
26.05803012199919,0.2657761612071501,0.2097690477821737,1.2669941729588947,-0.2310308586357293,43.223908317892814,1557,0.8208508384819064,159941,纳指ETF,纳指ETF广发,0.1170523751304608,1.0,regime_mix_rm511580_rm513650_volume_guard_ag28_co27_vr91_vs90_vb01_vg30_cap08_hi04_dd02_rm06_vm16_oh25_ohh32__proxy_hybrid_breadth_blend_vr91_vs90_vb-1__edge_rc188_vg285_oc072_oh028__stressbond_511260_vr90_vb-1,0.188,0.285,0.072,0.028,0.0004558726421206,0.0024423508393653,-0.0016788891313055,True,full_history,False
26.057969430271385,0.2657759583104266,0.2097717065962261,1.266977146837056,-0.2310467720745392,43.222214451076866,1557,0.820819064430715,159941,纳指ETF,纳指ETF广发,0.1170523751304608,1.0,regime_mix_rm511580_rm513650_volume_guard_ag28_co27_vr91_vs90_vb01_vg30_cap08_hi04_dd02_rm06_vm16_oh25_ohh32__proxy_hybrid_breadth_blend_vr91_vs90_vb-1__edge_rc190_vg285_oc068_oh030__stressbond_511260_vr90_vb-1,0.19,0.285,0.068,0.03,0.0004556697453972,0.0024253247175265,-0.0033727559472538,True,full_history,False
26.05551283462251,0.2657677453833,0.2097695067207262,1.266951281613711,-0.2310308586357269,43.22390831789242,1557,0.8208455428067079,159941,纳指ETF,纳指ETF广发,0.1170523751304608,1.0,regime_mix_rm511580_rm513650_volume_guard_ag28_co27_vr91_vs90_vb01_vg30_cap08_hi04_dd02_rm06_vm16_oh25_ohh32__proxy_hybrid_breadth_blend_vr91_vs90_vb-1__edge_rc188_vg285_oc070_oh030__stressbond_511260_vr90_vb-1,0.188,0.285,0.07,0.03,0.0004474568182706,0.0023994594941816,-0.0016788891316963,True,full_history,False
26.054645595459185,0.2657648458510544,0.2097749101409164,1.2669048251410366,-0.2310626914642467,43.220522124467905,1557,0.8208243601059135,159941,纳指ETF,纳指ETF广发,0.1170523751304608,1.0,regime_mix_rm511580_rm513650_volume_guard_ag28_co27_vr91_vs90_vb01_vg30_cap08_hi04_dd02_rm06_vm16_oh25_ohh32__proxy_hybrid_breadth_blend_vr91_vs90_vb-1__edge_rc192_vg285_oc070_oh028__stressbond_511260_vr90_vb-1,0.192,0.285,0.07,0.028,0.0004445572860249,0.0023530030215073,-0.0050650825562144,True,full_history,False
26.053643619455062,0.2657614957314471,0.2097756066991021,1.2668846483788272,-0.2310840500773829,43.224457063722426,1557,0.8208537805236834,159941,纳指ETF,纳指ETF广发,0.1170523751304608,1.0,regime_mix_rm511580_rm513650_volume_guard_ag28_co27_vr91_vs90_vb01_vg30_cap08_hi04_dd02_rm06_vm16_oh25_ohh32__proxy_hybrid_breadth_blend_vr91_vs90_vb-1__edge_rc192_vg290_oc070_oh028__stressbond_511260_vr90_vb-1,0.192,0.29,0.07,0.028,0.0004412071664177,0.0023328262592978,-0.0011301433016939,True,full_history,False
26.052983226232403,0.2657592876352548,0.2097701286339646,1.2669072063114746,-0.2310308586357278,43.22390831789255,1557,0.8208402471315093,159941,纳指ETF,纳指ETF广发,0.1170523751304608,1.0,regime_mix_rm511580_rm513650_volume_guard_ag28_co27_vr91_vs90_vb01_vg30_cap08_hi04_dd02_rm06_vm16_oh25_ohh32__proxy_hybrid_breadth_blend_vr91_vs90_vb-1__edge_rc188_vg285_oc068_oh032__stressbond_511260_vr90_vb-1,0.188,0.285,0.068,0.032,0.0004389990702253,0.0023553841919452,-0.0016788891315684,True,full_history,False
26.052189818301255,0.2657566347238052,0.209772703283962,1.2668790102974437,-0.2310467720745386,43.222214451076816,1557,0.8208508384819064,159941,纳指ETF,纳指ETF广发,0.1170523751304608,1.0,regime_mix_rm511580_rm513650_volume_guard_ag28_co27_vr91_vs90_vb01_vg30_cap08_hi04_dd02_rm06_vm16_oh25_ohh32__proxy_hybrid_breadth_blend_vr91_vs90_vb-1__edge_rc190_vg285_oc072_oh028__stressbond_511260_vr90_vb-1,0.19,0.285,0.072,0.028,0.0004363461587757,0.0023271881779143,-0.0033727559473035,True,full_history,False
26.052125788066647,0.2657564206232958,0.2097754055867985,1.2668616698888189,-0.231062691464246,43.22052212446764,1557,0.820819064430715,159941,纳指ETF,纳指ETF广发,0.1170523751304608,1.0,regime_mix_rm511580_rm513650_volume_guard_ag28_co27_vr91_vs90_vb01_vg30_cap08_hi04_dd02_rm06_vm16_oh25_ohh32__proxy_hybrid_breadth_blend_vr91_vs90_vb-1__edge_rc192_vg285_oc068_oh030__stressbond_511260_vr90_vb-1,0.192,0.285,0.068,0.03,0.0004361320582664,0.0023098477692895,-0.0050650825564773,True,full_history,False
26.051123905384458,0.2657530705259883,0.2097761021430039,1.2668414934358203,-0.2310840500773824,43.22445706372229,1557,0.8208484848484848,159941,纳指ETF,纳指ETF广发,0.1170523751304608,1.0,regime_mix_rm511580_rm513650_volume_guard_ag28_co27_vr91_vs90_vb01_vg30_cap08_hi04_dd02_rm06_vm16_oh25_ohh32__proxy_hybrid_breadth_blend_vr91_vs90_vb-1__edge_rc192_vg290_oc068_oh030__stressbond_511260_vr90_vb-1,0.192,0.29,0.068,0.03,0.0004327819609588,0.0022896713162912,-0.001130143301836,True,full_history,False
26.04967307426503,0.2657482190297815,0.2097731622125526,1.2668361206306848,-0.2310467720745381,43.22221445107674,1557,0.8208455428067079,159941,纳指ETF,纳指ETF广发,0.1170523751304608,1.0,regime_mix_rm511580_rm513650_volume_guard_ag28_co27_vr91_vs90_vb01_vg30_cap08_hi04_dd02_rm06_vm16_oh25_ohh32__proxy_hybrid_breadth_blend_vr91_vs90_vb-1__edge_rc190_vg285_oc070_oh030__stressbond_511260_vr90_vb-1,0.19,0.285,0.07,0.03,0.000427930464752,0.0022842985111555,-0.0033727559473817,True,full_history,False
26.04721439776734,0.2657399968046172,0.2097709989902097,1.2668099884341957,-0.231030858635727,43.22390831789246,1557,0.8208720211827009,159941,纳指ETF,纳指ETF广发,0.1170523751304608,1.0,regime_mix_rm511580_rm513650_volume_guard_ag28_co27_vr91_vs90_vb01_vg30_cap08_hi04_dd02_rm06_vm16_oh25_ohh32__proxy_hybrid_breadth_blend_vr91_vs90_vb-1__edge_rc188_vg285_oc072_oh030__stressbond_511260_vr90_vb-1,0.188,0.285,0.072,0.03,0.0004197082395878,0.0022581663146661,-0.0016788891316608,True,full_history,False
26.04714401187479,0.2657397614122097,0.209773784112989,1.2667920471371965,-0.2310467720745388,43.22221445107685,1557,0.8208402471315093,159941,纳指ETF,纳指ETF广发,0.1170523751304608,1.0,regime_mix_rm511580_rm513650_volume_guard_ag28_co27_vr91_vs90_vb01_vg30_cap08_hi04_dd02_rm06_vm16_oh25_ohh32__proxy_hybrid_breadth_blend_vr91_vs90_vb-1__edge_rc190_vg285_oc068_oh032__stressbond_511260_vr90_vb-1,0.19,0.285,0.068,0.032,0.0004194728471802,0.0022402250176671,-0.003372755947268,True,full_history,False
26.046347424304933,0.2657370973349404,0.2097764022524459,1.2667635371835158,-0.2310626914642469,43.22052212446789,1557,0.8208508384819064,159941,纳指ETF,纳指ETF广发,0.1170523751304608,1.0,regime_mix_rm511580_rm513650_volume_guard_ag28_co27_vr91_vs90_vb01_vg30_cap08_hi04_dd02_rm06_vm16_oh25_ohh32__proxy_hybrid_breadth_blend_vr91_vs90_vb-1__edge_rc192_vg285_oc072_oh028__stressbond_511260_vr90_vb-1,0.192,0.285,0.072,0.028,0.000416808769911,0.0022117150639864,-0.0050650825562286,True,full_history,False
26.045345755626055,0.2657337472887764,0.2097770988045718,1.2667433614206558,-0.2310840500773824,43.22445706372235,1557,0.8208802588996762,159941,纳指ETF,纳指ETF广发,0.1170523751304608,1.0,regime_mix_rm511580_rm513650_volume_guard_ag28_co27_vr91_vs90_vb01_vg30_cap08_hi04_dd02_rm06_vm16_oh25_ohh32__proxy_hybrid_breadth_blend_vr91_vs90_vb-1__edge_rc192_vg290_oc072_oh028__stressbond_511260_vr90_vb-1,0.192,0.29,0.072,0.028,0.0004134587237469,0.0021915393011264,-0.001130143301772,True,full_history,False
26.04468839936432,0.2657315487209402,0.2097715843742336,1.2667661805274526,-0.2310308586357269,43.22390831789234,1557,0.8208667255075023,159941,纳指ETF,纳指ETF广发,0.1170523751304608,1.0,regime_mix_rm511580_rm513650_volume_guard_ag28_co27_vr91_vs90_vb01_vg30_cap08_hi04_dd02_rm06_vm16_oh25_ohh32__proxy_hybrid_breadth_blend_vr91_vs90_vb-1__edge_rc188_vg285_oc070_oh032__stressbond_511260_vr90_vb-1,0.188,0.285,0.07,0.032,0.0004112601559107,0.0022143584079232,-0.0016788891317816,True,full_history,False
26.043831223803817,0.2657286817708166,0.2097768611709797,1.266720649205601,-0.2310626914642465,43.22052212446794,1557,0.8208455428067079,159941,纳指ETF,纳指ETF广发,0.1170523751304608,1.0,regime_mix_rm511580_rm513650_volume_guard_ag28_co27_vr91_vs90_vb01_vg30_cap08_hi04_dd02_rm06_vm16_oh25_ohh32__proxy_hybrid_breadth_blend_vr91_vs90_vb-1__edge_rc192_vg285_oc070_oh030__stressbond_511260_vr90_vb-1,0.192,0.285,0.07,0.03,0.0004083932057872,0.0021688270860715,-0.0050650825561788,True,full_history,False
26.042829648312782,0.2657253317469252,0.2097775577212467,1.2667004737466825,-0.2310840500773829,43.22445706372241,1557,0.8208749632244778,159941,纳指ETF,纳指ETF广发,0.1170523751304608,1.0,regime_mix_rm511580_rm513650_volume_guard_ag28_co27_vr91_vs90_vb01_vg30_cap08_hi04_dd02_rm06_vm16_oh25_ohh32__proxy_hybrid_breadth_blend_vr91_vs90_vb-1__edge_rc192_vg290_oc070_oh030__stressbond_511260_vr90_vb-1,0.192,0.29,0.07,0.03,0.0004050431818958,0.0021486516271531,-0.0011301433017081,True,full_history,False
26.04137642857458,0.2657204708791616,0.2097746544495536,1.2666948329692602,-0.231046772074539,43.222214451076894,1557,0.8208720211827009,159941,纳指ETF,纳指ETF广发,0.1170523751304608,1.0,regime_mix_rm511580_rm513650_volume_guard_ag28_co27_vr91_vs90_vb01_vg30_cap08_hi04_dd02_rm06_vm16_oh25_ohh32__proxy_hybrid_breadth_blend_vr91_vs90_vb-1__edge_rc190_vg285_oc072_oh030__stressbond_511260_vr90_vb-1,0.19,0.285,0.072,0.03,0.0004001823141321,0.0021430108497308,-0.0033727559472254,True,full_history,False
26.041302707608832,0.2657202242837908,0.2097774830584858,1.2666765775319568,-0.231062691464246,43.220522124467735,1557,0.8208402471315093,159941,纳指ETF,纳指ETF广发,0.1170523751304608,1.0,regime_mix_rm511580_rm513650_volume_guard_ag28_co27_vr91_vs90_vb01_vg30_cap08_hi04_dd02_rm06_vm16_oh25_ohh32__proxy_hybrid_breadth_blend_vr91_vs90_vb-1__edge_rc192_vg285_oc068_oh032__stressbond_511260_vr90_vb-1,0.192,0.285,0.068,0.032,0.0003999357187614,0.0021247554124275,-0.0050650825563849,True,full_history,False
26.04030122576243,0.2657168742822851,0.2097781796063526,1.266656402400388,-0.2310840500773814,43.22445706372207,1557,0.8208696675492791,159941,纳指ETF,纳指ETF广发,0.1170523751304608,1.0,regime_mix_rm511580_rm513650_volume_guard_ag28_co27_vr91_vs90_vb01_vg30_cap08_hi04_dd02_rm06_vm16_oh25_ohh32__proxy_hybrid_breadth_blend_vr91_vs90_vb-1__edge_rc192_vg290_oc068_oh032__stressbond_511260_vr90_vb-1,0.192,0.29,0.068,0.032,0.0003965857172556,0.0021045802808585,-0.0011301433020491,True,full_history,False
26.038850975392375,0.2657120229258094,0.2097752398214123,1.2666510268419555,-0.2310467720745385,43.222214451076766,1557,0.8208667255075023,159941,纳指ETF,纳指ETF广发,0.1170523751304608,1.0,regime_mix_rm511580_rm513650_volume_guard_ag28_co27_vr91_vs90_vb01_vg30_cap08_hi04_dd02_rm06_vm16_oh25_ohh32__proxy_hybrid_breadth_blend_vr91_vs90_vb-1__edge_rc190_vg285_oc070_oh032__stressbond_511260_vr90_vb-1,0.19,0.285,0.07,0.032,0.0003917343607799,0.0020992047224264,-0.0033727559473533,True,full_history,False
26.03639328286533,0.2657038009367676,0.2097730767354739,1.266624893297546,-0.231030858635727,43.22390831789244,1557,0.8208932038834953,159941,纳指ETF,纳指ETF广发,0.1170523751304608,1.0,regime_mix_rm511580_rm513650_volume_guard_ag28_co27_vr91_vs90_vb01_vg30_cap08_hi04_dd02_rm06_vm16_oh25_ohh32__proxy_hybrid_breadth_blend_vr91_vs90_vb-1__edge_rc188_vg285_oc072_oh032__stressbond_511260_vr90_vb-1,0.188,0.285,0.072,0.032,0.0003835123717381,0.0020730711780165,-0.0016788891316821,True,full_history,False
26.035536369919264,0.265700934048499,0.2097783533751902,1.2665793670965222,-0.2310626914642464,43.22052212446782,1557,0.8208720211827009,159941,纳指ETF,纳指ETF广发,0.1170523751304608,1.0,regime_mix_rm511580_rm513650_volume_guard_ag28_co27_vr91_vs90_vb01_vg30_cap08_hi04_dd02_rm06_vm16_oh25_ohh32__proxy_hybrid_breadth_blend_vr91_vs90_vb-1__edge_rc192_vg285_oc072_oh030__stressbond_511260_vr90_vb-1,0.192,0.285,0.072,0.03,0.0003806454834696,0.0020275449769928,-0.0050650825562996,True,full_history,False
26.034535101630325,0.2656975840980478,0.2097790499193972,1.2665591926369002,-0.2310840500773827,43.22445706372251,1557,0.8209014416004707,159941,纳指ETF,纳指ETF广发,0.1170523751304608,1.0,regime_mix_rm511580_rm513650_volume_guard_ag28_co27_vr91_vs90_vb01_vg30_cap08_hi04_dd02_rm06_vm16_oh25_ohh32__proxy_hybrid_breadth_blend_vr91_vs90_vb-1__edge_rc192_vg290_oc072_oh030__stressbond_511260_vr90_vb-1,0.192,0.29,0.072,0.03,0.0003772955330183,0.0020073705173708,-0.0011301433016086,True,full_history,False
26.03301146215283,0.2656924862255436,0.2097789387347628,1.266535562759596,-0.2310626914642458,43.220522124467806,1557,0.8208667255075023,159941,纳指ETF,纳指ETF广发,0.1170523751304608,1.0,regime_mix_rm511580_rm513650_volume_guard_ag28_co27_vr91_vs90_vb01_vg30_cap08_hi04_dd02_rm06_vm16_oh25_ohh32__proxy_hybrid_breadth_blend_vr91_vs90_vb-1__edge_rc192_vg285_oc070_oh032__stressbond_511260_vr90_vb-1,0.192,0.285,0.07,0.032,0.0003721976605142,0.0019837406400666,-0.0050650825563138,True,full_history,False
26.032010287374565,0.2656891362974514,0.2097796352766911,1.2665153886220548,-0.2310840500773832,43.224457063722426,1557,0.820896145925272,159941,纳指ETF,纳指ETF广发,0.1170523751304608,1.0,regime_mix_rm511580_rm513650_volume_guard_ag28_co27_vr91_vs90_vb01_vg30_cap08_hi04_dd02_rm06_vm16_oh25_ohh32__proxy_hybrid_breadth_blend_vr91_vs90_vb-1__edge_rc192_vg290_oc070_oh032__stressbond_511260_vr90_vb-1,0.192,0.29,0.07,0.032,0.0003688477324219,0.0019635665025254,-0.0011301433016939,True,full_history,False
26.03055764934135,0.2656842755696871,0.2097767321501692,1.2665097451298666,-0.2310467720745387,43.22221445107683,1557,0.8208932038834953,159941,纳指ETF,纳指ETF广发,0.1170523751304608,1.0,regime_mix_rm511580_rm513650_volume_guard_ag28_co27_vr91_vs90_vb01_vg30_cap08_hi04_dd02_rm06_vm16_oh25_ohh32__proxy_hybrid_breadth_blend_vr91_vs90_vb-1__edge_rc190_vg285_oc072_oh032__stressbond_511260_vr90_vb-1,0.19,0.285,0.072,0.032,0.0003639870046576,0.0019579230103372,-0.0033727559472893,True,full_history,False
26.024719927190603,0.2656647392977109,0.2097804310307282,1.2663942865995774,-0.2310626914642474,43.22052212446799,1557,0.8208932038834953,159941,纳指ETF,纳指ETF广发,0.1170523751304608,1.0,regime_mix_rm511580_rm513650_volume_guard_ag28_co27_vr91_vs90_vb01_vg30_cap08_hi04_dd02_rm06_vm16_oh25_ohh32__proxy_hybrid_breadth_blend_vr91_vs90_vb-1__edge_rc192_vg285_oc072_oh032__stressbond_511260_vr90_vb-1,0.192,0.285,0.072,0.032,0.0003444507326815,0.0018424644800481,-0.0050650825561291,True,full_history,False
26.023719059491786,0.2656613894430577,0.2097811275665963,1.2663741134612876,-0.2310840500773836,43.22445706372254,1557,0.8209226243012651,159941,纳指ETF,纳指ETF广发,0.1170523751304608,1.0,regime_mix_rm511580_rm513650_volume_guard_ag28_co27_vr91_vs90_vb01_vg30_cap08_hi04_dd02_rm06_vm16_oh25_ohh32__proxy_hybrid_breadth_blend_vr91_vs90_vb-1__edge_rc192_vg290_oc072_oh032__stressbond_511260_vr90_vb-1,0.192,0.29,0.072,0.032,0.0003411008780282,0.0018222913417582,-0.0011301433015802,True,full_history,False
26.103821343010043,0.2659291241805317,0.2097484743034947,1.2678477164784834,-0.2309513807185985,43.232400755429865,1557,0.8207978817299205,159941,纳指ETF,纳指ETF广发,0.1170523751304608,1.0,regime_mix_rm511580_rm513650_volume_guard_ag28_co27_vr91_vs90_vb01_vg30_cap08_hi04_dd02_rm06_vm16_oh25_ohh32__proxy_hybrid_breadth_blend_vr91_vs90_vb-1__edge_rc178_vg285_oc068_oh028__stressbond_511260_vr90_vb-1,0.178,0.285,0.068,0.028,0.0006088356155022,0.003295894358954,0.0068135484057449,False,full_history,False
26.10281733642086,0.2659257729273354,0.2097491741696927,1.267827508642272,-0.2309727424235912,43.23633589212822,1557,0.8208273021476905,159941,纳指ETF,纳指ETF广发,0.1170523751304608,1.0,regime_mix_rm511580_rm513650_volume_guard_ag28_co27_vr91_vs90_vb01_vg30_cap08_hi04_dd02_rm06_vm16_oh25_ohh32__proxy_hybrid_breadth_blend_vr91_vs90_vb-1__edge_rc178_vg290_oc068_oh028__stressbond_511260_vr90_vb-1,0.178,0.29,0.068,0.028,0.000605484362306,0.0032756865227425,0.0107486851040974,False,full_history,False
26.101812420346644,0.2659224185229556,0.2097498865173092,1.2678072104749902,-0.2309941297121244,43.2402758657316,1557,0.8208567225654605,159941,纳指ETF,纳指ETF广发,0.1170523751304608,1.0,regime_mix_rm511580_rm513650_volume_guard_ag28_co27_vr91_vs90_vb01_vg30_cap08_hi04_dd02_rm06_vm16_oh25_ohh32__proxy_hybrid_breadth_blend_vr91_vs90_vb-1__edge_rc178_vg295_oc068_oh028__stressbond_511260_vr90_vb-1,0.178,0.295,0.068,0.028,0.0006021299579261,0.0032553883554609,0.0146886587074845,False,full_history,False
26.097987940736772,0.2659096513746291,0.2097519125013807,1.2677340969316724,-0.2309672643971513,43.23069918742726,1557,0.8207978817299205,159941,纳指ETF,纳指ETF广发,0.1170523751304608,1.0,regime_mix_rm511580_rm513650_volume_guard_ag28_co27_vr91_vs90_vb01_vg30_cap08_hi04_dd02_rm06_vm16_oh25_ohh32__proxy_hybrid_breadth_blend_vr91_vs90_vb-1__edge_rc180_vg285_oc068_oh028__stressbond_511260_vr90_vb-1,0.18,0.285,0.068,0.028,0.0005893628095996,0.003182274812143,0.0051119804031429,False,full_history,False
26.096984180126196,0.2659063002727797,0.2097526118962642,1.267713893375912,-0.2309886256609454,43.23463429600321,1557,0.8208273021476905,159941,纳指ETF,纳指ETF广发,0.1170523751304608,1.0,regime_mix_rm511580_rm513650_volume_guard_ag28_co27_vr91_vs90_vb01_vg30_cap08_hi04_dd02_rm06_vm16_oh25_ohh32__proxy_hybrid_breadth_blend_vr91_vs90_vb-1__edge_rc180_vg290_oc068_oh028__stressbond_511260_vr90_vb-1,0.18,0.29,0.068,0.028,0.0005860117077503,0.0031620712563826,0.0090470889790879,False,full_history,False
26.095979510222573,0.2659029460197899,0.2097533237723653,1.2676935994986234,-0.2310100125077532,43.23857424145329,1557,0.8208567225654605,159941,纳指ETF,纳指ETF广发,0.1170523751304608,1.0,regime_mix_rm511580_rm513650_volume_guard_ag28_co27_vr91_vs90_vb01_vg30_cap08_hi04_dd02_rm06_vm16_oh25_ohh32__proxy_hybrid_breadth_blend_vr91_vs90_vb-1__edge_rc180_vg295_oc068_oh028__stressbond_511260_vr90_vb-1,0.18,0.295,0.068,0.028,0.0005826574547604,0.003141777379094,0.0129870344291731,False,full_history,False
26.095510927860868,0.2659013815422855,0.2097499300133734,1.2677066520371756,-0.230951380718599,43.23240075542988,1557,0.8208243601059135,159941,纳指ETF,纳指ETF广发,0.1170523751304608,1.0,regime_mix_rm511580_rm513650_volume_guard_ag28_co27_vr91_vs90_vb01_vg30_cap08_hi04_dd02_rm06_vm16_oh25_ohh32__proxy_hybrid_breadth_blend_vr91_vs90_vb-1__edge_rc178_vg285_oc070_oh028__stressbond_511260_vr90_vb-1,0.178,0.285,0.07,0.028,0.000581092977256,0.0031548299176462,0.0068135484057592,False,full_history,False
26.094507229114537,0.265898030362532,0.2097506298736087,1.2676864451980738,-0.230972742423591,43.23633589212824,1557,0.8208537805236834,159941,纳指ETF,纳指ETF广发,0.1170523751304608,1.0,regime_mix_rm511580_rm513650_volume_guard_ag28_co27_vr91_vs90_vb01_vg30_cap08_hi04_dd02_rm06_vm16_oh25_ohh32__proxy_hybrid_breadth_blend_vr91_vs90_vb-1__edge_rc178_vg290_oc070_oh028__stressbond_511260_vr90_vb-1,0.178,0.29,0.07,0.028,0.0005777417975025,0.0031346230785445,0.0107486851041187,False,full_history,False
26.093502621161605,0.2658946760316627,0.2097513422151762,1.2676661480377611,-0.2309941297121248,43.240275865731675,1557,0.8208832009414534,159941,纳指ETF,纳指ETF广发,0.1170523751304608,1.0,regime_mix_rm511580_rm513650_volume_guard_ag28_co27_vr91_vs90_vb01_vg30_cap08_hi04_dd02_rm06_vm16_oh25_ohh32__proxy_hybrid_breadth_blend_vr91_vs90_vb-1__edge_rc178_vg295_oc070_oh028__stressbond_511260_vr90_vb-1,0.178,0.295,0.07,0.028,0.0005743874666332,0.003114325918232,0.0146886587075556,False,full_history,False
26.092987314365597,0.2658929554057141,0.2097504255320136,1.2676634849788735,-0.2309513807185993,43.232400755429865,1557,0.820819064430715,159941,纳指ETF,纳指ETF广发,0.1170523751304608,1.0,regime_mix_rm511580_rm513650_volume_guard_ag28_co27_vr91_vs90_vb01_vg30_cap08_hi04_dd02_rm06_vm16_oh25_ohh32__proxy_hybrid_breadth_blend_vr91_vs90_vb-1__edge_rc178_vg285_oc068_oh030__stressbond_511260_vr90_vb-1,0.178,0.285,0.068,0.03,0.0005726668406846,0.0031116628593441,0.0068135484057449,False,full_history,False
26.09215243781046,0.2658901676615723,0.2097553941770502,1.267620166359774,-0.2309831540285258,43.2289991596826,1557,0.8207978817299205,159941,纳指ETF,纳指ETF广发,0.1170523751304608,1.0,regime_mix_rm511580_rm513650_volume_guard_ag28_co27_vr91_vs90_vb01_vg30_cap08_hi04_dd02_rm06_vm16_oh25_ohh32__proxy_hybrid_breadth_blend_vr91_vs90_vb-1__edge_rc182_vg285_oc068_oh028__stressbond_511260_vr90_vb-1,0.182,0.285,0.068,0.028,0.0005698790965429,0.0030683442402446,0.0034119526584817,False,full_history,False
26.091983709101378,0.2658896042482666,0.2097511253902605,1.2676432784499032,-0.2309727424235906,43.23633589212807,1557,0.8208484848484849,159941,纳指ETF,纳指ETF广发,0.1170523751304608,1.0,regime_mix_rm511580_rm513650_volume_guard_ag28_co27_vr91_vs90_vb01_vg30_cap08_hi04_dd02_rm06_vm16_oh25_ohh32__proxy_hybrid_breadth_blend_vr91_vs90_vb-1__edge_rc178_vg290_oc068_oh030__stressbond_511260_vr90_vb-1,0.178,0.29,0.068,0.03,0.0005693156832371,0.0030914563303738,0.0107486851039482,False,full_history,False
26.091148923246365,0.2658868167111059,0.2097560931004819,1.2675999670900384,-0.2310045148509579,43.23293424010839,1557,0.8208273021476905,159941,纳指ETF,纳指ETF广发,0.1170523751304608,1.0,regime_mix_rm511580_rm513650_volume_guard_ag28_co27_vr91_vs90_vb01_vg30_cap08_hi04_dd02_rm06_vm16_oh25_ohh32__proxy_hybrid_breadth_blend_vr91_vs90_vb-1__edge_rc182_vg290_oc068_oh028__stressbond_511260_vr90_vb-1,0.182,0.29,0.068,0.028,0.0005665281460764,0.003048144970509,0.0073470330842724,False,full_history,False
26.090979194715228,0.2658862499397243,0.2097518377298099,1.2676229816027809,-0.2309941297121246,43.24027586573155,1557,0.8208779052662547,159941,纳指ETF,纳指ETF广发,0.1170523751304608,1.0,regime_mix_rm511580_rm513650_volume_guard_ag28_co27_vr91_vs90_vb01_vg30_cap08_hi04_dd02_rm06_vm16_oh25_ohh32__proxy_hybrid_breadth_blend_vr91_vs90_vb-1__edge_rc178_vg295_oc068_oh030__stressbond_511260_vr90_vb-1,0.178,0.295,0.068,0.03,0.0005659613746948,0.0030711594832515,0.0146886587074277,False,full_history,False
26.09014449958106,0.2658834626095407,0.2097568045049276,1.2675796775083623,-0.2310259012558724,43.236874157376775,1557,0.8208567225654605,159941,纳指ETF,纳指ETF广发,0.1170523751304608,1.0,regime_mix_rm511580_rm513650_volume_guard_ag28_co27_vr91_vs90_vb01_vg30_cap08_hi04_dd02_rm06_vm16_oh25_ohh32__proxy_hybrid_breadth_blend_vr91_vs90_vb-1__edge_rc182_vg295_oc068_oh028__stressbond_511260_vr90_vb-1,0.182,0.295,0.068,0.028,0.0005631740445113,0.0030278553888329,0.0112869503526553,False,full_history,False
26.089679314191365,0.2658819091631266,0.2097533681809188,1.2675930378090288,-0.2309672643971519,43.23069918742752,1557,0.8208243601059135,159941,纳指ETF,纳指ETF广发,0.1170523751304608,1.0,regime_mix_rm511580_rm513650_volume_guard_ag28_co27_vr91_vs90_vb01_vg30_cap08_hi04_dd02_rm06_vm16_oh25_ohh32__proxy_hybrid_breadth_blend_vr91_vs90_vb-1__edge_rc180_vg285_oc070_oh028__stressbond_511260_vr90_vb-1,0.18,0.285,0.07,0.028,0.0005616205980971,0.0030412156894994,0.0051119804033987,False,full_history,False
26.08867586134807,0.2658785581347165,0.2097540675698432,1.2675728352499531,-0.2309886256609459,43.23463429600328,1557,0.8208537805236834,159941,纳指ETF,纳指ETF广发,0.1170523751304608,1.0,regime_mix_rm511580_rm513650_volume_guard_ag28_co27_vr91_vs90_vb01_vg30_cap08_hi04_dd02_rm06_vm16_oh25_ohh32__proxy_hybrid_breadth_blend_vr91_vs90_vb-1__edge_rc180_vg290_oc070_oh028__stressbond_511260_vr90_vb-1,0.18,0.29,0.07,0.028,0.000558269569687,0.0030210131304237,0.0090470889791589,False,full_history,False
26.087671499490288,0.2658752039552339,0.2097547794398986,1.2675525423792096,-0.2310100125077541,43.23857424145354,1557,0.8208832009414534,159941,纳指ETF,纳指ETF广发,0.1170523751304608,1.0,regime_mix_rm511580_rm513650_volume_guard_ag28_co27_vr91_vs90_vb01_vg30_cap08_hi04_dd02_rm06_vm16_oh25_ohh32__proxy_hybrid_breadth_blend_vr91_vs90_vb-1__edge_rc180_vg295_oc070_oh028__stressbond_511260_vr90_vb-1,0.18,0.295,0.07,0.028,0.0005549153902044,0.0030007202596802,0.0129870344294218,False,full_history,False
26.087200222536893,0.2658736300329913,0.2097514223479585,1.2675653259310498,-0.2309513807185986,43.23240075542974,1557,0.8208508384819064,159941,纳指ETF,纳指ETF广发,0.1170523751304608,1.0,regime_mix_rm511580_rm513650_volume_guard_ag28_co27_vr91_vs90_vb01_vg30_cap08_hi04_dd02_rm06_vm16_oh25_ohh32__proxy_hybrid_breadth_blend_vr91_vs90_vb-1__edge_rc178_vg285_oc072_oh028__stressbond_511260_vr90_vb-1,0.178,0.285,0.072,0.028,0.0005533414679619,0.0030135038115204,0.006813548405617,False,full_history,False
26.08715624383902,0.2658734831561673,0.2097538636894721,1.2675498724055776,-0.2309672643971529,43.23069918742763,1557,0.820819064430715,159941,纳指ETF,纳指ETF广发,0.1170523751304608,1.0,regime_mix_rm511580_rm513650_volume_guard_ag28_co27_vr91_vs90_vb01_vg30_cap08_hi04_dd02_rm06_vm16_oh25_ohh32__proxy_hybrid_breadth_blend_vr91_vs90_vb-1__edge_rc180_vg285_oc068_oh030__stressbond_511260_vr90_vb-1,0.18,0.285,0.068,0.03,0.0005531945911378,0.0029980502860482,0.0051119804035124,False,full_history,False
26.086196831643953,0.2658702789267035,0.2097521222021093,1.267545120094284,-0.230972742423591,43.23633589212811,1557,0.8208802588996762,159941,纳指ETF,纳指ETF广发,0.1170523751304608,1.0,regime_mix_rm511580_rm513650_volume_guard_ag28_co27_vr91_vs90_vb01_vg30_cap08_hi04_dd02_rm06_vm16_oh25_ohh32__proxy_hybrid_breadth_blend_vr91_vs90_vb-1__edge_rc178_vg290_oc072_oh028__stressbond_511260_vr90_vb-1,0.178,0.29,0.072,0.028,0.0005499903616741,0.0029932979747546,0.0107486851039908,False,full_history,False
26.086152884455057,0.2658701321500627,0.2097545630764092,1.2675296701565049,-0.2309886256609457,43.234634296003264,1557,0.8208484848484849,159941,纳指ETF,纳指ETF广发,0.1170523751304608,1.0,regime_mix_rm511580_rm513650_volume_guard_ag28_co27_vr91_vs90_vb01_vg30_cap08_hi04_dd02_rm06_vm16_oh25_ohh32__proxy_hybrid_breadth_blend_vr91_vs90_vb-1__edge_rc180_vg290_oc068_oh030__stressbond_511260_vr90_vb-1,0.18,0.29,0.068,0.03,0.0005498435850332,0.0029778480369755,0.0090470889791447,False,full_history,False
26.085192531823413,0.2658669246693694,0.2097528345375033,1.2675248239462196,-0.2309941297121233,43.24027586573135,1557,0.8209096793174463,159941,纳指ETF,纳指ETF广发,0.1170523751304608,1.0,regime_mix_rm511580_rm513650_volume_guard_ag28_co27_vr91_vs90_vb01_vg30_cap08_hi04_dd02_rm06_vm16_oh25_ohh32__proxy_hybrid_breadth_blend_vr91_vs90_vb-1__edge_rc178_vg295_oc072_oh028__stressbond_511260_vr90_vb-1,0.178,0.295,0.072,0.028,0.00054663610434,0.0029730018266902,0.0146886587072287,False,full_history,False
26.0851486161412,0.2658667779929062,0.2097552749444478,1.267509377598819,-0.2310100125077543,43.238574241453506,1557,0.8208779052662547,159941,纳指ETF,纳指ETF广发,0.1170523751304608,1.0,regime_mix_rm511580_rm513650_volume_guard_ag28_co27_vr91_vs90_vb01_vg30_cap08_hi04_dd02_rm06_vm16_oh25_ohh32__proxy_hybrid_breadth_blend_vr91_vs90_vb-1__edge_rc180_vg295_oc068_oh030__stressbond_511260_vr90_vb-1,0.18,0.295,0.068,0.03,0.0005464894278768,0.0029575554792899,0.0129870344293863,False,full_history,False
26.08468022138086,0.2658652135610959,0.2097518813348991,1.2675224263500346,-0.2309513807185995,43.232400755429865,1557,0.8208455428067079,159941,纳指ETF,纳指ETF广发,0.1170523751304608,1.0,regime_mix_rm511580_rm513650_volume_guard_ag28_co27_vr91_vs90_vb01_vg30_cap08_hi04_dd02_rm06_vm16_oh25_ohh32__proxy_hybrid_breadth_blend_vr91_vs90_vb-1__edge_rc178_vg285_oc070_oh030__stressbond_511260_vr90_vb-1,0.178,0.285,0.07,0.03,0.0005449249960665,0.0029706042305053,0.0068135484057449,False,full_history,False
26.083845600512873,0.2658624258770525,0.209756849825947,1.2674791125899392,-0.2309831540285253,43.2289991596825,1557,0.8208243601059135,159941,纳指ETF,纳指ETF广发,0.1170523751304608,1.0,regime_mix_rm511580_rm513650_volume_guard_ag28_co27_vr91_vs90_vb01_vg30_cap08_hi04_dd02_rm06_vm16_oh25_ohh32__proxy_hybrid_breadth_blend_vr91_vs90_vb-1__edge_rc182_vg285_oc070_oh028__stressbond_511260_vr90_vb-1,0.182,0.285,0.07,0.028,0.0005421373120231,0.0029272904704098,0.0034119526583822,False,full_history,False
26.083676923836247,0.2658618624770887,0.2097525811871833,1.2675022208181244,-0.2309727424235894,43.236335892127826,1557,0.8208749632244778,159941,纳指ETF,纳指ETF广发,0.1170523751304608,1.0,regime_mix_rm511580_rm513650_volume_guard_ag28_co27_vr91_vs90_vb01_vg30_cap08_hi04_dd02_rm06_vm16_oh25_ohh32__proxy_hybrid_breadth_blend_vr91_vs90_vb-1__edge_rc178_vg290_oc070_oh030__stressbond_511260_vr90_vb-1,0.178,0.29,0.07,0.03,0.0005415739120593,0.002950398698595,0.0107486851037066,False,full_history,False
26.08339524866438,0.2658609216415806,0.209760698206924,1.2674486875482986,-0.2310069996362842,43.22645200602608,1557,0.8207978817299205,159941,纳指ETF,纳指ETF广发,0.1170523751304608,1.0,regime_mix_rm511580_rm513650_volume_guard_ag28_co27_vr91_vs90_vb01_vg30_cap08_hi04_dd02_rm06_vm16_oh25_ohh32__proxy_hybrid_breadth_blend_vr91_vs90_vb-1__edge_rc185_vg285_oc068_oh028__stressbond_511260_vr90_vb-1,0.185,0.285,0.068,0.028,0.0005406330765511,0.0028968654287693,0.0008647990019596,False,full_history,False
26.08284239364083,0.2658590750000227,0.2097575487434231,1.2674589143164678,-0.2310045148509566,43.23293424010807,1557,0.8208537805236834,159941,纳指ETF,纳指ETF广发,0.1170523751304608,1.0,regime_mix_rm511580_rm513650_volume_guard_ag28_co27_vr91_vs90_vb01_vg30_cap08_hi04_dd02_rm06_vm16_oh25_ohh32__proxy_hybrid_breadth_blend_vr91_vs90_vb-1__edge_rc182_vg290_oc070_oh028__stressbond_511260_vr90_vb-1,0.182,0.29,0.07,0.028,0.0005387864349932,0.0029070921969385,0.0073470330839526,False,full_history,False
26.082672717448457,0.2658585082420557,0.2097532935206834,1.2674819249779257,-0.2309941297121244,43.24027586573152,1557,0.8209043836422477,159941,纳指ETF,纳指ETF广发,0.1170523751304608,1.0,regime_mix_rm511580_rm513650_volume_guard_ag28_co27_vr91_vs90_vb01_vg30_cap08_hi04_dd02_rm06_vm16_oh25_ohh32__proxy_hybrid_breadth_blend_vr91_vs90_vb-1__edge_rc178_vg295_oc070_oh030__stressbond_511260_vr90_vb-1,0.178,0.295,0.07,0.03,0.0005382196770262,0.0029301028583963,0.0146886587073993,False,full_history,False
26.082392103296534,0.2658575709182529,0.2097613964229213,1.2674284947180194,-0.2310283597963621,43.23038704417408,1557,0.8208273021476905,159941,纳指ETF,纳指ETF广发,0.1170523751304608,1.0,regime_mix_rm511580_rm513650_volume_guard_ag28_co27_vr91_vs90_vb01_vg30_cap08_hi04_dd02_rm06_vm16_oh25_ohh32__proxy_hybrid_breadth_blend_vr91_vs90_vb-1__edge_rc185_vg290_oc068_oh028__stressbond_511260_vr90_vb-1,0.185,0.29,0.068,0.028,0.0005372823532234,0.0028766725984901,0.0047998371499602,False,full_history,False
26.08214788592852,0.265856755161777,0.2097525033102203,1.2674783421706266,-0.2309513807185985,43.2324007554297,1557,0.8208402471315093,159941,纳指ETF,纳指ETF广发,0.1170523751304608,1.0,regime_mix_rm511580_rm513650_volume_guard_ag28_co27_vr91_vs90_vb01_vg30_cap08_hi04_dd02_rm06_vm16_oh25_ohh32__proxy_hybrid_breadth_blend_vr91_vs90_vb-1__edge_rc178_vg285_oc068_oh032__stressbond_511260_vr90_vb-1,0.178,0.285,0.068,0.032,0.0005364665967475,0.0029265200510972,0.0068135484055815,False,full_history,False
26.0818382779455,0.2658557209719603,0.2097582601418267,1.267438625740906,-0.2310259012558718,43.23687415737669,1557,0.8208832009414534,159941,纳指ETF,纳指ETF广发,0.1170523751304608,1.0,regime_mix_rm511580_rm513650_volume_guard_ag28_co27_vr91_vs90_vb01_vg30_cap08_hi04_dd02_rm06_vm16_oh25_ohh32__proxy_hybrid_breadth_blend_vr91_vs90_vb-1__edge_rc182_vg295_oc070_oh028__stressbond_511260_vr90_vb-1,0.182,0.295,0.07,0.028,0.0005354324069308,0.0028868036213767,0.0112869503525701,False,full_history,False
26.081388049115795,0.2658542170438911,0.2097621071196223,1.267408211590289,-0.2310497455381295,43.2343269191181,1557,0.8208567225654605,159941,纳指ETF,纳指ETF广发,0.1170523751304608,1.0,regime_mix_rm511580_rm513650_volume_guard_ag28_co27_vr91_vs90_vb01_vg30_cap08_hi04_dd02_rm06_vm16_oh25_ohh32__proxy_hybrid_breadth_blend_vr91_vs90_vb-1__edge_rc185_vg295_oc068_oh028__stressbond_511260_vr90_vb-1,0.185,0.295,0.068,0.028,0.0005339284788616,0.0028563894707596,0.0087397120939769,False,full_history,False
26.081370397533544,0.2658541580807123,0.2097548604845635,1.2674517170498525,-0.2309672643971514,43.230699187427355,1557,0.8208508384819064,159941,纳指ETF,纳指ETF广发,0.1170523751304608,1.0,regime_mix_rm511580_rm513650_volume_guard_ag28_co27_vr91_vs90_vb01_vg30_cap08_hi04_dd02_rm06_vm16_oh25_ohh32__proxy_hybrid_breadth_blend_vr91_vs90_vb-1__edge_rc180_vg285_oc072_oh028__stressbond_511260_vr90_vb-1,0.18,0.285,0.072,0.028,0.0005338695156829,0.0028998949303231,0.0051119804032353,False,full_history,False
26.081323073499167,0.2658539999997786,0.2097573453243109,1.2674359488519236,-0.2309831540285258,43.22899915968243,1557,0.820819064430715,159941,纳指ETF,纳指ETF广发,0.1170523751304608,1.0,regime_mix_rm511580_rm513650_volume_guard_ag28_co27_vr91_vs90_vb01_vg30_cap08_hi04_dd02_rm06_vm16_oh25_ohh32__proxy_hybrid_breadth_blend_vr91_vs90_vb-1__edge_rc182_vg285_oc068_oh030__stressbond_511260_vr90_vb-1,0.182,0.285,0.068,0.03,0.0005337114347492,0.0028841267323942,0.0034119526583111,False,full_history,False
26.081144682189255,0.2658534041001616,0.209753203160094,1.2674581369670392,-0.2309727424235906,43.236335892128054,1557,0.8208696675492791,159941,纳指ETF,纳指ETF广发,0.1170523751304608,1.0,regime_mix_rm511580_rm513650_volume_guard_ag28_co27_vr91_vs90_vb01_vg30_cap08_hi04_dd02_rm06_vm16_oh25_ohh32__proxy_hybrid_breadth_blend_vr91_vs90_vb-1__edge_rc178_vg290_oc068_oh032__stressbond_511260_vr90_vb-1,0.178,0.29,0.068,0.032,0.0005331155351322,0.0029063148475099,0.010748685103934,False,full_history,False
26.08036725246825,0.2658508071257648,0.2097555598674068,1.2674315154926885,-0.2309886256609461,43.23463429600337,1557,0.8208802588996762,159941,纳指ETF,纳指ETF广发,0.1170523751304608,1.0,regime_mix_rm511580_rm513650_volume_guard_ag28_co27_vr91_vs90_vb01_vg30_cap08_hi04_dd02_rm06_vm16_oh25_ohh32__proxy_hybrid_breadth_blend_vr91_vs90_vb-1__edge_rc180_vg290_oc072_oh028__stressbond_511260_vr90_vb-1,0.18,0.29,0.072,0.028,0.0005305185607353,0.0028796933731589,0.0090470889792513,False,full_history,False
26.08031996006332,0.2658506491450523,0.2097580442398009,1.267415750888318,-0.231004514850957,43.23293424010821,1557,0.8208484848484849,159941,纳指ETF,纳指ETF广发,0.1170523751304608,1.0,regime_mix_rm511580_rm513650_volume_guard_ag28_co27_vr91_vs90_vb01_vg30_cap08_hi04_dd02_rm06_vm16_oh25_ohh32__proxy_hybrid_breadth_blend_vr91_vs90_vb-1__edge_rc182_vg290_oc068_oh030__stressbond_511260_vr90_vb-1,0.182,0.29,0.068,0.03,0.0005303605800228,0.0028639287687886,0.0073470330840876,False,full_history,False
26.080140569691807,0.2658500498875416,0.2097539154911468,1.2674378414583751,-0.2309941297121245,43.24027586573161,1557,0.8208990879670491,159941,纳指ETF,纳指ETF广发,0.1170523751304608,1.0,regime_mix_rm511580_rm513650_volume_guard_ag28_co27_vr91_vs90_vb01_vg30_cap08_hi04_dd02_rm06_vm16_oh25_ohh32__proxy_hybrid_breadth_blend_vr91_vs90_vb-1__edge_rc178_vg295_oc068_oh032__stressbond_511260_vr90_vb-1,0.178,0.295,0.068,0.032,0.0005297613225121,0.002886019338846,0.0146886587074916,False,full_history,False
26.07936319866712,0.2658474530198131,0.2097562717312925,1.2674112236337614,-0.2310100125077537,43.23857424145345,1557,0.8209096793174463,159941,纳指ETF,纳指ETF广发,0.1170523751304608,1.0,regime_mix_rm511580_rm513650_volume_guard_ag28_co27_vr91_vs90_vb01_vg30_cap08_hi04_dd02_rm06_vm16_oh25_ohh32__proxy_hybrid_breadth_blend_vr91_vs90_vb-1__edge_rc180_vg295_oc072_oh028__stressbond_511260_vr90_vb-1,0.18,0.295,0.072,0.028,0.0005271644547837,0.002859401514232,0.0129870344293294,False,full_history,False
26.0793159378894,0.2658472951393165,0.2097587556361888,1.2673954626256896,-0.2310259012558718,43.23687415737661,1557,0.8208779052662547,159941,纳指ETF,纳指ETF广发,0.1170523751304608,1.0,regime_mix_rm511580_rm513650_volume_guard_ag28_co27_vr91_vs90_vb01_vg30_cap08_hi04_dd02_rm06_vm16_oh25_ohh32__proxy_hybrid_breadth_blend_vr91_vs90_vb-1__edge_rc182_vg295_oc068_oh030__stressbond_511260_vr90_vb-1,0.182,0.295,0.068,0.03,0.000527006574287,0.0028436405061602,0.0112869503524848,False,full_history,False
26.07885093874291,0.2658457417382804,0.2097553194620161,1.267408819095153,-0.2309672643971524,43.2306991874275,1557,0.8208455428067079,159941,纳指ETF,纳指ETF广发,0.1170523751304608,1.0,regime_mix_rm511580_rm513650_volume_guard_ag28_co27_vr91_vs90_vb01_vg30_cap08_hi04_dd02_rm06_vm16_oh25_ohh32__proxy_hybrid_breadth_blend_vr91_vs90_vb-1__edge_rc180_vg285_oc070_oh030__stressbond_511260_vr90_vb-1,0.18,0.285,0.07,0.03,0.000525453173251,0.0028569969756235,0.0051119804033774,False,full_history,False
26.077847887003266,0.2658423908056129,0.209756018842994,1.2673886178427165,-0.2309886256609469,43.23463429600343,1557,0.8208749632244778,159941,纳指ETF,纳指ETF广发,0.1170523751304608,1.0,regime_mix_rm511580_rm513650_volume_guard_ag28_co27_vr91_vs90_vb01_vg30_cap08_hi04_dd02_rm06_vm16_oh25_ohh32__proxy_hybrid_breadth_blend_vr91_vs90_vb-1__edge_rc180_vg290_oc070_oh030__stressbond_511260_vr90_vb-1,0.18,0.29,0.07,0.03,0.0005221022405834,0.0028367957231869,0.0090470889793081,False,full_history,False
26.07684392661226,0.2658390367219623,0.2097567307049867,1.2673683262915303,-0.2310100125077538,43.23857424145347,1557,0.8209043836422477,159941,纳指ETF,纳指ETF广发,0.1170523751304608,1.0,regime_mix_rm511580_rm513650_volume_guard_ag28_co27_vr91_vs90_vb01_vg30_cap08_hi04_dd02_rm06_vm16_oh25_ohh32__proxy_hybrid_breadth_blend_vr91_vs90_vb-1__edge_rc180_vg295_oc070_oh030__stressbond_511260_vr90_vb-1,0.18,0.295,0.07,0.03,0.0005187481569328,0.0028165041720009,0.0129870344293507,False,full_history,False
26.07637283833712,0.2658374628456834,0.2097533737621722,1.267381106094159,-0.2309513807185991,43.23240075542992,1557,0.8208720211827009,159941,纳指ETF,纳指ETF广发,0.1170523751304608,1.0,regime_mix_rm511580_rm513650_volume_guard_ag28_co27_vr91_vs90_vb01_vg30_cap08_hi04_dd02_rm06_vm16_oh25_ohh32__proxy_hybrid_breadth_blend_vr91_vs90_vb-1__edge_rc178_vg285_oc072_oh030__stressbond_511260_vr90_vb-1,0.178,0.285,0.072,0.03,0.000517174280654,0.00282928397463,0.0068135484058018,False,full_history,False
26.076319148311068,0.2658372834690712,0.2097559414251778,1.2673647366689642,-0.2309672643971521,43.23069918742746,1557,0.8208402471315093,159941,纳指ETF,纳指ETF广发,0.1170523751304608,1.0,regime_mix_rm511580_rm513650_volume_guard_ag28_co27_vr91_vs90_vb01_vg30_cap08_hi04_dd02_rm06_vm16_oh25_ohh32__proxy_hybrid_breadth_blend_vr91_vs90_vb-1__edge_rc180_vg285_oc068_oh032__stressbond_511260_vr90_vb-1,0.18,0.285,0.068,0.032,0.0005169949040417,0.0028129145494348,0.0051119804033419,False,full_history,False
26.075538473165327,0.2658346752217575,0.209758342098343,1.267337797212011,-0.2309831540285253,43.22899915968246,1557,0.8208508384819064,159941,纳指ETF,纳指ETF广发,0.1170523751304608,1.0,regime_mix_rm511580_rm513650_volume_guard_ag28_co27_vr91_vs90_vb01_vg30_cap08_hi04_dd02_rm06_vm16_oh25_ohh32__proxy_hybrid_breadth_blend_vr91_vs90_vb-1__edge_rc182_vg285_oc072_oh028__stressbond_511260_vr90_vb-1,0.182,0.285,0.072,0.028,0.000514386656728,0.0027859750924816,0.0034119526583396,False,full_history,False
26.075369848522776,0.2658341118351395,0.2097540736083714,1.2673609015645348,-0.2309727424235897,43.23633589212781,1557,0.8209014416004707,159941,纳指ETF,纳指ETF广发,0.1170523751304608,1.0,regime_mix_rm511580_rm513650_volume_guard_ag28_co27_vr91_vs90_vb01_vg30_cap08_hi04_dd02_rm06_vm16_oh25_ohh32__proxy_hybrid_breadth_blend_vr91_vs90_vb-1__edge_rc178_vg290_oc072_oh030__stressbond_511260_vr90_vb-1,0.178,0.29,0.072,0.03,0.00051382327011,0.0028090794450055,0.0107486851036924,False,full_history,False
26.07531619035339,0.2658339325587933,0.2097566408037466,1.2673445357447055,-0.2309886256609464,43.23463429600341,1557,0.8208696675492791,159941,纳指ETF,纳指ETF广发,0.1170523751304608,1.0,regime_mix_rm511580_rm513650_volume_guard_ag28_co27_vr91_vs90_vb01_vg30_cap08_hi04_dd02_rm06_vm16_oh25_ohh32__proxy_hybrid_breadth_blend_vr91_vs90_vb-1__edge_rc180_vg290_oc068_oh032__stressbond_511260_vr90_vb-1,0.18,0.29,0.068,0.032,0.0005136439937638,0.0027927136251761,0.0090470889792868,False,full_history,False
26.075091096444552,0.2658331804979814,0.2097621538092952,1.2673076418716744,-0.2310069996362852,43.226452006026335,1557,0.8208243601059135,159941,纳指ETF,纳指ETF广发,0.1170523751304608,1.0,regime_mix_rm511580_rm513650_volume_guard_ag28_co27_vr91_vs90_vb01_vg30_cap08_hi04_dd02_rm06_vm16_oh25_ohh32__proxy_hybrid_breadth_blend_vr91_vs90_vb-1__edge_rc185_vg285_oc070_oh028__stressbond_511260_vr90_vb-1,0.185,0.285,0.07,0.028,0.000512891932952,0.0027558197521451,0.0008647990022154,False,full_history,False
26.07453557399542,0.2658313244181853,0.2097590410097416,1.267317599940017,-0.231004514850957,43.23293424010819,1557,0.8208802588996762,159941,纳指ETF,纳指ETF广发,0.1170523751304608,1.0,regime_mix_rm511580_rm513650_volume_guard_ag28_co27_vr91_vs90_vb01_vg30_cap08_hi04_dd02_rm06_vm16_oh25_ohh32__proxy_hybrid_breadth_blend_vr91_vs90_vb-1__edge_rc182_vg290_oc072_oh028__stressbond_511260_vr90_vb-1,0.182,0.29,0.072,0.028,0.0005110358531559,0.0027657778204877,0.0073470330840734,False,full_history,False
26.074365950144248,0.2658307576736398,0.209754785935698,1.2673406067365365,-0.2309941297121238,43.240275865731434,1557,0.8209308620182407,159941,纳指ETF,纳指ETF广发,0.1170523751304608,1.0,regime_mix_rm511580_rm513650_volume_guard_ag28_co27_vr91_vs90_vb01_vg30_cap08_hi04_dd02_rm06_vm16_oh25_ohh32__proxy_hybrid_breadth_blend_vr91_vs90_vb-1__edge_rc178_vg295_oc072_oh030__stressbond_511260_vr90_vb-1,0.178,0.295,0.072,0.03,0.0005104691086104,0.0027887846170069,0.014688658707314,False,full_history,False
26.074312323829783,0.2658305784975547,0.2097573526632934,1.2673242445249158,-0.2310100125077534,43.238574241453385,1557,0.8208990879670491,159941,纳指ETF,纳指ETF广发,0.1170523751304608,1.0,regime_mix_rm511580_rm513650_volume_guard_ag28_co27_vr91_vs90_vb01_vg30_cap08_hi04_dd02_rm06_vm16_oh25_ohh32__proxy_hybrid_breadth_blend_vr91_vs90_vb-1__edge_rc180_vg295_oc068_oh032__stressbond_511260_vr90_vb-1,0.18,0.295,0.068,0.032,0.0005102899325253,0.0027724224053864,0.0129870344292655,False,full_history,False
26.074088258655525,0.2658298298480852,0.209762852019342,1.267287450037022,-0.2310283597963625,43.23038704417417,1557,0.8208537805236834,159941,纳指ETF,纳指ETF广发,0.1170523751304608,1.0,regime_mix_rm511580_rm513650_volume_guard_ag28_co27_vr91_vs90_vb01_vg30_cap08_hi04_dd02_rm06_vm16_oh25_ohh32__proxy_hybrid_breadth_blend_vr91_vs90_vb-1__edge_rc185_vg290_oc070_oh028__stressbond_511260_vr90_vb-1,0.185,0.29,0.07,0.028,0.0005095412830558,0.0027356279174928,0.0047998371500526,False,full_history,False
26.07384411676365,0.2658290141114767,0.2097539592052083,1.2673372894544914,-0.2309513807186,43.23240075543004,1557,0.8208667255075023,159941,纳指ETF,纳指ETF广发,0.1170523751304608,1.0,regime_mix_rm511580_rm513650_volume_guard_ag28_co27_vr91_vs90_vb01_vg30_cap08_hi04_dd02_rm06_vm16_oh25_ohh32__proxy_hybrid_breadth_blend_vr91_vs90_vb-1__edge_rc178_vg285_oc070_oh032__stressbond_511260_vr90_vb-1,0.178,0.285,0.07,0.032,0.0005087255464473,0.002785467334962,0.0068135484059226,False,full_history,False
26.07363056723326,0.2658283005856841,0.2097667975584597,1.2672563231156764,-0.2310522181330778,43.22784331369931,1557,0.8208273021476905,159941,纳指ETF,纳指ETF广发,0.1170523751304608,1.0,regime_mix_rm511580_rm513650_volume_guard_ag28_co27_vr91_vs90_vb01_vg30_cap08_hi04_dd02_rm06_vm16_oh25_ohh32__proxy_hybrid_breadth_blend_vr91_vs90_vb-1__edge_rc188_vg290_oc068_oh028__stressbond_511260_vr90_vb-1,0.188,0.29,0.068,0.028,0.0005080120206546,0.002704500996147,0.0022561066751904,False,full_history,False
26.073531766281747,0.2658279704636523,0.2097597524019788,1.2672973123758535,-0.2310259012558729,43.236874157376896,1557,0.8209096793174463,159941,纳指ETF,纳指ETF广发,0.1170523751304608,1.0,regime_mix_rm511580_rm513650_volume_guard_ag28_co27_vr91_vs90_vb01_vg30_cap08_hi04_dd02_rm06_vm16_oh25_ohh32__proxy_hybrid_breadth_blend_vr91_vs90_vb-1__edge_rc182_vg295_oc072_oh028__stressbond_511260_vr90_vb-1,0.182,0.295,0.072,0.028,0.0005076818986229,0.0027454902563244,0.0112869503527761,False,full_history,False
26.073084512332052,0.2658264760472233,0.2097635627100061,1.2672671679147771,-0.2310497455381287,43.23432691911794,1557,0.8208832009414534,159941,纳指ETF,纳指ETF广发,0.1170523751304608,1.0,regime_mix_rm511580_rm513650_volume_guard_ag28_co27_vr91_vs90_vb01_vg30_cap08_hi04_dd02_rm06_vm16_oh25_ohh32__proxy_hybrid_breadth_blend_vr91_vs90_vb-1__edge_rc185_vg295_oc070_oh028__stressbond_511260_vr90_vb-1,0.185,0.295,0.07,0.028,0.0005061874821938,0.002715345795248,0.0087397120938206,False,full_history,False
26.07301955693564,0.2658262590088622,0.2097588010662128,1.2672949008940562,-0.2309831540285263,43.228999159682736,1557,0.8208455428067079,159941,纳指ETF,纳指ETF广发,0.1170523751304608,1.0,regime_mix_rm511580_rm513650_volume_guard_ag28_co27_vr91_vs90_vb01_vg30_cap08_hi04_dd02_rm06_vm16_oh25_ohh32__proxy_hybrid_breadth_blend_vr91_vs90_vb-1__edge_rc182_vg285_oc070_oh030__stressbond_511260_vr90_vb-1,0.182,0.285,0.07,0.03,0.0005059704438328,0.0027430787745268,0.0034119526586167,False,full_history,False
26.07284122062083,0.2658256631232993,0.2097546590491191,1.2673170852479128,-0.230972742423591,43.23633589212812,1557,0.820896145925272,159941,纳指ETF,纳指ETF广发,0.1170523751304608,1.0,regime_mix_rm511580_rm513650_volume_guard_ag28_co27_vr91_vs90_vb01_vg30_cap08_hi04_dd02_rm06_vm16_oh25_ohh32__proxy_hybrid_breadth_blend_vr91_vs90_vb-1__edge_rc178_vg290_oc070_oh032__stressbond_511260_vr90_vb-1,0.178,0.29,0.07,0.032,0.0005053745582699,0.0027652631283834,0.0107486851039979,False,full_history,False
26.072626882689224,0.2658249469386049,0.209767507547103,1.267236046454498,-0.2310736032113255,43.23178314625588,1557,0.8208567225654605,159941,纳指ETF,纳指ETF广发,0.1170523751304608,1.0,regime_mix_rm511580_rm513650_volume_guard_ag28_co27_vr91_vs90_vb01_vg30_cap08_hi04_dd02_rm06_vm16_oh25_ohh32__proxy_hybrid_breadth_blend_vr91_vs90_vb-1__edge_rc188_vg295_oc068_oh028__stressbond_511260_vr90_vb-1,0.188,0.295,0.068,0.028,0.0005046583735754,0.0026842243349687,0.0061959392317589,False,full_history,False
26.07256938480543,0.2658247548153725,0.2097626492921832,1.2672644806516489,-0.2310069996362855,43.22645200602634,1557,0.820819064430715,159941,纳指ETF,纳指ETF广发,0.1170523751304608,1.0,regime_mix_rm511580_rm513650_volume_guard_ag28_co27_vr91_vs90_vb01_vg30_cap08_hi04_dd02_rm06_vm16_oh25_ohh32__proxy_hybrid_breadth_blend_vr91_vs90_vb-1__edge_rc185_vg285_oc068_oh030__stressbond_511260_vr90_vb-1,0.185,0.285,0.068,0.03,0.000504466250343,0.0027126585321193,0.0008647990022225,False,full_history,False
26.072016751068507,0.2658229082275691,0.2097594999757469,1.2672747039266608,-0.2310045148509573,43.23293424010824,1557,0.8208749632244778,159941,纳指ETF,纳指ETF广发,0.1170523751304608,1.0,regime_mix_rm511580_rm513650_volume_guard_ag28_co27_vr91_vs90_vb01_vg30_cap08_hi04_dd02_rm06_vm16_oh25_ohh32__proxy_hybrid_breadth_blend_vr91_vs90_vb-1__edge_rc182_vg290_oc070_oh030__stressbond_511260_vr90_vb-1,0.182,0.29,0.07,0.03,0.0005026196625397,0.0027228818071314,0.0073470330841232,False,full_history,False
26.071837415998484,0.2658223089841864,0.2097553713741223,1.267296790746123,-0.2309941297121238,43.240275865731334,1557,0.820925566343042,159941,纳指ETF,纳指ETF广发,0.1170523751304608,1.0,regime_mix_rm511580_rm513650_volume_guard_ag28_co27_vr91_vs90_vb01_vg30_cap08_hi04_dd02_rm06_vm16_oh25_ohh32__proxy_hybrid_breadth_blend_vr91_vs90_vb-1__edge_rc178_vg295_oc070_oh032__stressbond_511260_vr90_vb-1,0.178,0.295,0.07,0.032,0.000502020419157,0.0027449686265936,0.0146886587072145,False,full_history,False
26.071566640418357,0.2658214041877786,0.2097633475002456,1.2672442891266662,-0.2310283597963629,43.23038704417422,1557,0.8208484848484848,159941,纳指ETF,纳指ETF广发,0.1170523751304608,1.0,regime_mix_rm511580_rm513650_volume_guard_ag28_co27_vr91_vs90_vb01_vg30_cap08_hi04_dd02_rm06_vm16_oh25_ohh32__proxy_hybrid_breadth_blend_vr91_vs90_vb-1__edge_rc185_vg290_oc068_oh030__stressbond_511260_vr90_vb-1,0.185,0.29,0.068,0.03,0.0005011156227492,0.0026924670071368,0.0047998371501023,False,full_history,False
26.071013036742027,0.2658195542953361,0.2097602113660925,1.267254416670108,-0.2310259012558725,43.23687415737684,1557,0.8209043836422477,159941,纳指ETF,纳指ETF广发,0.1170523751304608,1.0,regime_mix_rm511580_rm513650_volume_guard_ag28_co27_vr91_vs90_vb01_vg30_cap08_hi04_dd02_rm06_vm16_oh25_ohh32__proxy_hybrid_breadth_blend_vr91_vs90_vb-1__edge_rc182_vg295_oc070_oh030__stressbond_511260_vr90_vb-1,0.182,0.295,0.07,0.03,0.0004992657303066,0.0027025945505787,0.0112869503527193,False,full_history,False
26.070562987581315,0.2658180504092398,0.2097640581888958,1.267224007317147,-0.23104974553813,43.23432691911819,1557,0.8208779052662547,159941,纳指ETF,纳指ETF广发,0.1170523751304608,1.0,regime_mix_rm511580_rm513650_volume_guard_ag28_co27_vr91_vs90_vb01_vg30_cap08_hi04_dd02_rm06_vm16_oh25_ohh32__proxy_hybrid_breadth_blend_vr91_vs90_vb-1__edge_rc185_vg295_oc068_oh030__stressbond_511260_vr90_vb-1,0.185,0.295,0.068,0.03,0.0004977618442103,0.0026721851976176,0.0087397120940764,False,full_history,False
26.07054534365032,0.2658179914497358,0.2097568118583479,1.2672675041859758,-0.2309672643971528,43.230699187427575,1557,0.8208720211827009,159941,纳指ETF,纳指ETF广发,0.1170523751304608,1.0,regime_mix_rm511580_rm513650_volume_guard_ag28_co27_vr91_vs90_vb01_vg30_cap08_hi04_dd02_rm06_vm16_oh25_ohh32__proxy_hybrid_breadth_blend_vr91_vs90_vb-1__edge_rc180_vg285_oc072_oh030__stressbond_511260_vr90_vb-1,0.18,0.285,0.072,0.03,0.0004977028847064,0.0027156820664464,0.0051119804034556,False,full_history,False
26.070488311720258,0.2658178008698348,0.2097594230170864,1.2672508202321957,-0.2309831540285251,43.22899915968246,1557,0.8208402471315093,159941,纳指ETF,纳指ETF广发,0.1170523751304608,1.0,regime_mix_rm511580_rm513650_volume_guard_ag28_co27_vr91_vs90_vb01_vg30_cap08_hi04_dd02_rm06_vm16_oh25_ohh32__proxy_hybrid_breadth_blend_vr91_vs90_vb-1__edge_rc182_vg285_oc068_oh032__stressbond_511260_vr90_vb-1,0.182,0.285,0.068,0.032,0.0004975123048054,0.0026989981126663,0.0034119526583396,False,full_history,False
26.069542599565548,0.2658146405905284,0.2097575112332443,1.2672473039354006,-0.2309886256609461,43.23463429600334,1557,0.8209014416004707,159941,纳指ETF,纳指ETF广发,0.1170523751304608,1.0,regime_mix_rm511580_rm513650_volume_guard_ag28_co27_vr91_vs90_vb01_vg30_cap08_hi04_dd02_rm06_vm16_oh25_ohh32__proxy_hybrid_breadth_blend_vr91_vs90_vb-1__edge_rc180_vg290_oc072_oh030__stressbond_511260_vr90_vb-1,0.18,0.29,0.072,0.03,0.0004943520254989,0.0026954818158713,0.0090470889792229,False,full_history,False
26.06948559961237,0.2658144501109309,0.209760121924213,1.2672306235928414,-0.2310045148509569,43.232934240108214,1557,0.8208696675492791,159941,纳指ETF,纳指ETF广发,0.1170523751304608,1.0,regime_mix_rm511580_rm513650_volume_guard_ag28_co27_vr91_vs90_vb01_vg30_cap08_hi04_dd02_rm06_vm16_oh25_ohh32__proxy_hybrid_breadth_blend_vr91_vs90_vb-1__edge_rc182_vg290_oc068_oh032__stressbond_511260_vr90_vb-1,0.182,0.29,0.068,0.032,0.0004941615459015,0.0026788014733121,0.0073470330840947,False,full_history,False
26.06853894710819,0.265811286580407,0.209758223089067,1.2672270133959838,-0.2310100125077533,43.23857424145335,1557,0.8209308620182407,159941,纳指ETF,纳指ETF广发,0.1170523751304608,1.0,regime_mix_rm511580_rm513650_volume_guard_ag28_co27_vr91_vs90_vb01_vg30_cap08_hi04_dd02_rm06_vm16_oh25_ohh32__proxy_hybrid_breadth_blend_vr91_vs90_vb-1__edge_rc180_vg295_oc072_oh030__stressbond_511260_vr90_vb-1,0.18,0.295,0.072,0.03,0.0004909980153775,0.0026751912764544,0.0129870344292299,False,full_history,False
26.068481979130063,0.2658110962011084,0.2097608333121141,1.267210336667543,-0.2310259012558717,43.23687415737665,1557,0.8208990879670491,159941,纳指ETF,纳指ETF广发,0.1170523751304608,1.0,regime_mix_rm511580_rm513650_volume_guard_ag28_co27_vr91_vs90_vb01_vg30_cap08_hi04_dd02_rm06_vm16_oh25_ohh32__proxy_hybrid_breadth_blend_vr91_vs90_vb-1__edge_rc182_vg295_oc068_oh032__stressbond_511260_vr90_vb-1,0.182,0.295,0.068,0.032,0.000490807636079,0.0026585145480133,0.0112869503525274,False,full_history,False
26.0680171663194,0.2658095428454898,0.2097573972898234,1.2672236892709852,-0.2309672643971518,43.230699187427305,1557,0.8208667255075023,159941,纳指ETF,纳指ETF广发,0.1170523751304608,1.0,regime_mix_rm511580_rm513650_volume_guard_ag28_co27_vr91_vs90_vb01_vg30_cap08_hi04_dd02_rm06_vm16_oh25_ohh32__proxy_hybrid_breadth_blend_vr91_vs90_vb-1__edge_rc180_vg285_oc070_oh032__stressbond_511260_vr90_vb-1,0.18,0.285,0.07,0.032,0.0004892542804604,0.0026718671514558,0.0051119804031856,False,full_history,False
26.067786926152262,0.2658087733978482,0.2097704526525752,1.2671411537547874,-0.2310681311298646,43.22614941862151,1557,0.8208273021476905,159941,纳指ETF,纳指ETF广发,0.1170523751304608,1.0,regime_mix_rm511580_rm513650_volume_guard_ag28_co27_vr91_vs90_vb01_vg30_cap08_hi04_dd02_rm06_vm16_oh25_ohh32__proxy_hybrid_breadth_blend_vr91_vs90_vb-1__edge_rc190_vg290_oc068_oh028__stressbond_511260_vr90_vb-1,0.19,0.29,0.068,0.028,0.0004884848328188,0.002589331635258,0.0005622115973906,False,full_history,False
26.06701451588304,0.2658061920086472,0.2097580966624328,1.2672034893433148,-0.2309886256609459,43.23463429600335,1557,0.820896145925272,159941,纳指ETF,纳指ETF广发,0.1170523751304608,1.0,regime_mix_rm511580_rm513650_volume_guard_ag28_co27_vr91_vs90_vb01_vg30_cap08_hi04_dd02_rm06_vm16_oh25_ohh32__proxy_hybrid_breadth_blend_vr91_vs90_vb-1__edge_rc180_vg290_oc070_oh032__stressbond_511260_vr90_vb-1,0.18,0.29,0.07,0.032,0.0004859034436177,0.0026516672237855,0.00904708897923,False,full_history,False
26.06678665426905,0.265805430483814,0.2097636460342402,1.26716633462991,-0.2310069996362854,43.22645200602638,1557,0.8208508384819064,159941,纳指ETF,纳指ETF广发,0.1170523751304608,1.0,regime_mix_rm511580_rm513650_volume_guard_ag28_co27_vr91_vs90_vb01_vg30_cap08_hi04_dd02_rm06_vm16_oh25_ohh32__proxy_hybrid_breadth_blend_vr91_vs90_vb-1__edge_rc185_vg285_oc072_oh028__stressbond_511260_vr90_vb-1,0.185,0.285,0.072,0.028,0.0004851419187845,0.0026145125103806,0.0008647990022581,False,full_history,False
26.06678348811742,0.2658054199023358,0.2097711621690067,1.26712088141164,-0.2310895157655589,43.23008922288462,1557,0.8208567225654605,159941,纳指ETF,纳指ETF广发,0.1170523751304608,1.0,regime_mix_rm511580_rm513650_volume_guard_ag28_co27_vr91_vs90_vb01_vg30_cap08_hi04_dd02_rm06_vm16_oh25_ohh32__proxy_hybrid_breadth_blend_vr91_vs90_vb-1__edge_rc190_vg295_oc068_oh028__stressbond_511260_vr90_vb-1,0.19,0.295,0.068,0.028,0.0004851313373064,0.0025690592921108,0.0045020158605026,False,full_history,False
26.066010957159047,0.2658028380209123,0.2097588085159336,1.2671831991299736,-0.2310100125077527,43.23857424145328,1557,0.820925566343042,159941,纳指ETF,纳指ETF广发,0.1170523751304608,1.0,regime_mix_rm511580_rm513650_volume_guard_ag28_co27_vr91_vs90_vb01_vg30_cap08_hi04_dd02_rm06_vm16_oh25_ohh32__proxy_hybrid_breadth_blend_vr91_vs90_vb-1__edge_rc180_vg295_oc070_oh032__stressbond_511260_vr90_vb-1,0.18,0.295,0.07,0.032,0.0004825494558828,0.0026313770104442,0.0129870344291589,False,full_history,False
26.06578412406917,0.2658020799073712,0.2097643442382148,1.2671461437960985,-0.231028359796362,43.230387044173966,1557,0.8208802588996762,159941,纳指ETF,纳指ETF广发,0.1170523751304608,1.0,regime_mix_rm511580_rm513650_volume_guard_ag28_co27_vr91_vs90_vb01_vg30_cap08_hi04_dd02_rm06_vm16_oh25_ohh32__proxy_hybrid_breadth_blend_vr91_vs90_vb-1__edge_rc185_vg290_oc072_oh028__stressbond_511260_vr90_vb-1,0.185,0.29,0.072,0.028,0.0004817913423418,0.0025943216765691,0.0047998371498465,False,full_history,False
26.06554005765569,0.2658012641906355,0.2097554517242427,1.267195975149547,-0.2309513807185987,43.232400755429744,1557,0.8208932038834953,159941,纳指ETF,纳指ETF广发,0.1170523751304608,1.0,regime_mix_rm511580_rm513650_volume_guard_ag28_co27_vr91_vs90_vb01_vg30_cap08_hi04_dd02_rm06_vm16_oh25_ohh32__proxy_hybrid_breadth_blend_vr91_vs90_vb-1__edge_rc178_vg285_oc072_oh032__stressbond_511260_vr90_vb-1,0.178,0.285,0.072,0.032,0.0004809756256061,0.0026441530300176,0.0068135484056242,False,full_history,False
26.065329409003116,0.265800560156971,0.2097682531076836,1.2671152866040385,-0.2310522181330765,43.22784331369907,1557,0.8208537805236834,159941,纳指ETF,纳指ETF广发,0.1170523751304608,1.0,regime_mix_rm511580_rm513650_volume_guard_ag28_co27_vr91_vs90_vb01_vg30_cap08_hi04_dd02_rm06_vm16_oh25_ohh32__proxy_hybrid_breadth_blend_vr91_vs90_vb-1__edge_rc188_vg290_oc070_oh028__stressbond_511260_vr90_vb-1,0.188,0.29,0.07,0.028,0.0004802715919416,0.0025634644845089,0.0022561066749489,False,full_history,False
26.06478068561344,0.2657987261800316,0.2097650549227179,1.267125862684601,-0.2310497455381303,43.23432691911812,1557,0.8209096793174463,159941,纳指ETF,纳指ETF广发,0.1170523751304608,1.0,regime_mix_rm511580_rm513650_volume_guard_ag28_co27_vr91_vs90_vb01_vg30_cap08_hi04_dd02_rm06_vm16_oh25_ohh32__proxy_hybrid_breadth_blend_vr91_vs90_vb-1__edge_rc185_vg295_oc072_oh028__stressbond_511260_vr90_vb-1,0.185,0.295,0.072,0.028,0.0004784376150022,0.0025740405650716,0.0087397120939982,False,full_history,False
26.06471575043798,0.2657985091474244,0.2097602934312948,1.267153591365872,-0.2309831540285271,43.228999159682914,1557,0.8208720211827009,159941,纳指ETF,纳指ETF广发,0.1170523751304608,1.0,regime_mix_rm511580_rm513650_volume_guard_ag28_co27_vr91_vs90_vb01_vg30_cap08_hi04_dd02_rm06_vm16_oh25_ohh32__proxy_hybrid_breadth_blend_vr91_vs90_vb-1__edge_rc182_vg285_oc072_oh030__stressbond_511260_vr90_vb-1,0.182,0.285,0.072,0.03,0.0004782205823949,0.0026017692463427,0.0034119526587943,False,full_history,False
26.064537469119976,0.2657979132759196,0.2097561515620685,1.267175771945205,-0.230972742423591,43.23633589212809,1557,0.8209226243012651,159941,纳指ETF,纳指ETF广发,0.1170523751304608,1.0,regime_mix_rm511580_rm513650_volume_guard_ag28_co27_vr91_vs90_vb01_vg30_cap08_hi04_dd02_rm06_vm16_oh25_ohh32__proxy_hybrid_breadth_blend_vr91_vs90_vb-1__edge_rc178_vg290_oc072_oh032__stressbond_511260_vr90_vb-1,0.178,0.29,0.072,0.032,0.0004776247108901,0.0026239498256757,0.0107486851039695,False,full_history,False
26.06432603220318,0.2657972065833873,0.2097689630902952,1.2670950109477097,-0.2310736032113256,43.231783146255886,1557,0.8208832009414534,159941,纳指ETF,纳指ETF广发,0.1170523751304608,1.0,regime_mix_rm511580_rm513650_volume_guard_ag28_co27_vr91_vs90_vb01_vg30_cap08_hi04_dd02_rm06_vm16_oh25_ohh32__proxy_hybrid_breadth_blend_vr91_vs90_vb-1__edge_rc188_vg295_oc070_oh028__stressbond_511260_vr90_vb-1,0.188,0.295,0.07,0.028,0.0004769180183579,0.0025431888281801,0.006195939231766,False,full_history,False
26.064268552246737,0.2657970144653601,0.2097641049875579,1.2671234407866192,-0.2310069996362848,43.2264520060262,1557,0.8208455428067079,159941,纳指ETF,纳指ETF广发,0.1170523751304608,1.0,regime_mix_rm511580_rm513650_volume_guard_ag28_co27_vr91_vs90_vb01_vg30_cap08_hi04_dd02_rm06_vm16_oh25_ohh32__proxy_hybrid_breadth_blend_vr91_vs90_vb-1__edge_rc185_vg285_oc070_oh030__stressbond_511260_vr90_vb-1,0.185,0.285,0.07,0.03,0.0004767259003306,0.0025716186670898,0.0008647990020804,False,full_history,False
26.063713252150393,0.2657951584395883,0.2097609923347512,1.2671333953999124,-0.2310045148509559,43.23293424010798,1557,0.8209014416004707,159941,纳指ETF,纳指ETF广发,0.1170523751304608,1.0,regime_mix_rm511580_rm513650_volume_guard_ag28_co27_vr91_vs90_vb01_vg30_cap08_hi04_dd02_rm06_vm16_oh25_ohh32__proxy_hybrid_breadth_blend_vr91_vs90_vb-1__edge_rc182_vg290_oc072_oh030__stressbond_511260_vr90_vb-1,0.182,0.29,0.072,0.03,0.0004748698745589,0.0025815732803831,0.0073470330838603,False,full_history,False
26.063533972383524,0.2657945592103372,0.2097568638808979,1.2671554784555612,-0.2309941297121238,43.24027586573146,1557,0.820952044719035,159941,纳指ETF,纳指ETF广发,0.1170523751304608,1.0,regime_mix_rm511580_rm513650_volume_guard_ag28_co27_vr91_vs90_vb01_vg30_cap08_hi04_dd02_rm06_vm16_oh25_ohh32__proxy_hybrid_breadth_blend_vr91_vs90_vb-1__edge_rc178_vg295_oc072_oh032__stressbond_511260_vr90_vb-1,0.178,0.295,0.072,0.032,0.0004742706453078,0.0026036563360318,0.0146886587073424,False,full_history,False
26.063266115315177,0.2657936639111944,0.2097648031896697,1.2671032502572093,-0.2310283597963613,43.230387044173895,1557,0.8208749632244778,159941,纳指ETF,纳指ETF广发,0.1170523751304608,1.0,regime_mix_rm511580_rm513650_volume_guard_ag28_co27_vr91_vs90_vb01_vg30_cap08_hi04_dd02_rm06_vm16_oh25_ohh32__proxy_hybrid_breadth_blend_vr91_vs90_vb-1__edge_rc185_vg290_oc070_oh030__stressbond_511260_vr90_vb-1,0.185,0.29,0.07,0.03,0.0004733753461649,0.0025514281376799,0.0047998371497754,False,full_history,False
26.06280860654487,0.26579213469149,0.2097687485728828,1.267072128235261,-0.2310522181330774,43.227843313699395,1557,0.8208484848484849,159941,纳指ETF,纳指ETF广发,0.1170523751304608,1.0,regime_mix_rm511580_rm513650_volume_guard_ag28_co27_vr91_vs90_vb01_vg30_cap08_hi04_dd02_rm06_vm16_oh25_ohh32__proxy_hybrid_breadth_blend_vr91_vs90_vb-1__edge_rc188_vg290_oc068_oh030__stressbond_511260_vr90_vb-1,0.188,0.29,0.068,0.03,0.0004718461264605,0.0025203061157317,0.0022561066752757,False,full_history,False
26.062709845681884,0.2657918045808805,0.2097617037189302,1.2671131091546988,-0.2310259012558717,43.23687415737666,1557,0.8209308620182407,159941,纳指ETF,纳指ETF广发,0.1170523751304608,1.0,regime_mix_rm511580_rm513650_volume_guard_ag28_co27_vr91_vs90_vb01_vg30_cap08_hi04_dd02_rm06_vm16_oh25_ohh32__proxy_hybrid_breadth_blend_vr91_vs90_vb-1__edge_rc182_vg295_oc072_oh030__stressbond_511260_vr90_vb-1,0.182,0.295,0.072,0.03,0.000471516015851,0.0025612870351694,0.0112869503525416,False,full_history,False
26.062262770212296,0.2657903102061532,0.2097655138722828,1.2670829694531265,-0.2310497455381297,43.234326919118,1557,0.8209043836422477,159941,纳指ETF,纳指ETF广发,0.1170523751304608,1.0,regime_mix_rm511580_rm513650_volume_guard_ag28_co27_vr91_vs90_vb01_vg30_cap08_hi04_dd02_rm06_vm16_oh25_ohh32__proxy_hybrid_breadth_blend_vr91_vs90_vb-1__edge_rc185_vg295_oc070_oh030__stressbond_511260_vr90_vb-1,0.185,0.295,0.07,0.03,0.0004700216411237,0.0025311473335971,0.0087397120938845,False,full_history,False
26.06218811754561,0.2657900606732117,0.2097608788510888,1.2671097781865155,-0.2309831540285254,43.22899915968257,1557,0.8208667255075023,159941,纳指ETF,纳指ETF广发,0.1170523751304608,1.0,regime_mix_rm511580_rm513650_volume_guard_ag28_co27_vr91_vs90_vb01_vg30_cap08_hi04_dd02_rm06_vm16_oh25_ohh32__proxy_hybrid_breadth_blend_vr91_vs90_vb-1__edge_rc182_vg285_oc070_oh032__stressbond_511260_vr90_vb-1,0.182,0.285,0.07,0.032,0.0004697721081823,0.0025579560669861,0.0034119526584532,False,full_history,False
26.06180532319722,0.2657887811402286,0.2097694585534823,1.2670518528914625,-0.2310736032113259,43.23178314625595,1557,0.8208779052662547,159941,纳指ETF,纳指ETF广发,0.1170523751304608,1.0,regime_mix_rm511580_rm513650_volume_guard_ag28_co27_vr91_vs90_vb01_vg30_cap08_hi04_dd02_rm06_vm16_oh25_ohh32__proxy_hybrid_breadth_blend_vr91_vs90_vb-1__edge_rc188_vg295_oc068_oh030__stressbond_511260_vr90_vb-1,0.188,0.295,0.068,0.03,0.0004684925751992,0.0025000307719331,0.00619593923183,False,full_history,False
26.06173812522364,0.2657885565217415,0.2097647269197584,1.267079362792077,-0.2310069996362856,43.22645200602636,1557,0.8208402471315093,159941,纳指ETF,纳指ETF广发,0.1170523751304608,1.0,regime_mix_rm511580_rm513650_volume_guard_ag28_co27_vr91_vs90_vb01_vg30_cap08_hi04_dd02_rm06_vm16_oh25_ohh32__proxy_hybrid_breadth_blend_vr91_vs90_vb-1__edge_rc185_vg285_oc068_oh032__stressbond_511260_vr90_vb-1,0.185,0.285,0.068,0.032,0.000468267956712,0.0025275406725473,0.0008647990022438,False,full_history,False
26.06118571288349,0.2657867099877398,0.2097615777522595,1.2670895825433253,-0.231004514850956,43.232934240108094,1557,0.820896145925272,159941,纳指ETF,纳指ETF广发,0.1170523751304608,1.0,regime_mix_rm511580_rm513650_volume_guard_ag28_co27_vr91_vs90_vb01_vg30_cap08_hi04_dd02_rm06_vm16_oh25_ohh32__proxy_hybrid_breadth_blend_vr91_vs90_vb-1__edge_rc182_vg290_oc070_oh032__stressbond_511260_vr90_vb-1,0.182,0.29,0.07,0.032,0.0004664214227103,0.0025377604237959,0.0073470330839739,False,full_history,False
26.060938002099483,0.2657858819601397,0.2097748602579403,1.267005405859062,-0.2311054342703579,43.22839683966419,1557,0.8208567225654605,159941,纳指ETF,纳指ETF广发,0.1170523751304608,1.0,regime_mix_rm511580_rm513650_volume_guard_ag28_co27_vr91_vs90_vb01_vg30_cap08_hi04_dd02_rm06_vm16_oh25_ohh32__proxy_hybrid_breadth_blend_vr91_vs90_vb-1__edge_rc192_vg295_oc068_oh028__stressbond_511260_vr90_vb-1,0.192,0.295,0.068,0.028,0.0004655933951103,0.0024535837395325,0.0028096326400728,False,full_history,False
26.060735782016863,0.2657852059899641,0.209765425119465,1.2670591725905016,-0.2310283597963619,43.23038704417405,1557,0.8208696675492791,159941,纳指ETF,纳指ETF广发,0.1170523751304608,1.0,regime_mix_rm511580_rm513650_volume_guard_ag28_co27_vr91_vs90_vb01_vg30_cap08_hi04_dd02_rm06_vm16_oh25_ohh32__proxy_hybrid_breadth_blend_vr91_vs90_vb-1__edge_rc185_vg290_oc068_oh032__stressbond_511260_vr90_vb-1,0.185,0.29,0.068,0.032,0.0004649174249347,0.0025073504709722,0.0047998371499318,False,full_history,False
26.06018240012524,0.2657833561514169,0.209762289134118,1.2670692966240469,-0.2310259012558734,43.23687415737696,1557,0.820925566343042,159941,纳指ETF,纳指ETF广发,0.1170523751304608,1.0,regime_mix_rm511580_rm513650_volume_guard_ag28_co27_vr91_vs90_vb01_vg30_cap08_hi04_dd02_rm06_vm16_oh25_ohh32__proxy_hybrid_breadth_blend_vr91_vs90_vb-1__edge_rc182_vg295_oc070_oh032__stressbond_511260_vr90_vb-1,0.182,0.295,0.07,0.032,0.0004630675863874,0.0025174745045173,0.0112869503528401,False,full_history,False
26.059732530723693,0.2657818523073318,0.2097661357996358,1.267038892117463,-0.2310497455381298,43.23432691911801,1557,0.8208990879670491,159941,纳指ETF,纳指ETF广发,0.1170523751304608,1.0,regime_mix_rm511580_rm513650_volume_guard_ag28_co27_vr91_vs90_vb01_vg30_cap08_hi04_dd02_rm06_vm16_oh25_ohh32__proxy_hybrid_breadth_blend_vr91_vs90_vb-1__edge_rc185_vg295_oc068_oh032__stressbond_511260_vr90_vb-1,0.185,0.295,0.068,0.032,0.0004615637423024,0.0024870699979335,0.0087397120938916,False,full_history,False
26.05971489444722,0.2657817933515045,0.2097588897779156,1.2670823803124804,-0.2309672643971524,43.2306991874274,1557,0.8208932038834953,159941,纳指ETF,纳指ETF广发,0.1170523751304608,1.0,regime_mix_rm511580_rm513650_volume_guard_ag28_co27_vr91_vs90_vb01_vg30_cap08_hi04_dd02_rm06_vm16_oh25_ohh32__proxy_hybrid_breadth_blend_vr91_vs90_vb-1__edge_rc180_vg285_oc072_oh032__stressbond_511260_vr90_vb-1,0.18,0.285,0.072,0.032,0.0004615047864751,0.0025305581929511,0.0051119804032779,False,full_history,False
26.059487559665303,0.2657810333970709,0.209771908169959,1.2670001227320336,-0.2310681311298652,43.2261494186216,1557,0.8208537805236834,159941,纳指ETF,纳指ETF广发,0.1170523751304608,1.0,regime_mix_rm511580_rm513650_volume_guard_ag28_co27_vr91_vs90_vb01_vg30_cap08_hi04_dd02_rm06_vm16_oh25_ohh32__proxy_hybrid_breadth_blend_vr91_vs90_vb-1__edge_rc190_vg290_oc070_oh028__stressbond_511260_vr90_vb-1,0.19,0.29,0.07,0.028,0.0004607448320415,0.0024483006125042,0.000562211597483,False,full_history,False
26.05871255154253,0.2657784425881195,0.2097595891444435,1.267062181386619,-0.230988625660946,43.23463429600329,1557,0.8209226243012651,159941,纳指ETF,纳指ETF广发,0.1170523751304608,1.0,regime_mix_rm511580_rm513650_volume_guard_ag28_co27_vr91_vs90_vb01_vg30_cap08_hi04_dd02_rm06_vm16_oh25_ohh32__proxy_hybrid_breadth_blend_vr91_vs90_vb-1__edge_rc180_vg290_oc072_oh032__stressbond_511260_vr90_vb-1,0.18,0.29,0.072,0.032,0.0004581540230901,0.0025103592670896,0.0090470889791731,False,full_history,False
26.05848442929881,0.2657776799750502,0.2097726176803622,1.2669798513933064,-0.2310895157655577,43.23008922288437,1557,0.8208832009414534,159941,纳指ETF,纳指ETF广发,0.1170523751304608,1.0,regime_mix_rm511580_rm513650_volume_guard_ag28_co27_vr91_vs90_vb01_vg30_cap08_hi04_dd02_rm06_vm16_oh25_ohh32__proxy_hybrid_breadth_blend_vr91_vs90_vb-1__edge_rc190_vg295_oc070_oh028__stressbond_511260_vr90_vb-1,0.19,0.295,0.07,0.028,0.0004573914100207,0.002428029273777,0.0045020158602469,False,full_history,False
26.05770930062888,0.2657750886739116,0.209760300991774,1.2670418921849955,-0.2310100125077533,43.23857424145339,1557,0.820952044719035,159941,纳指ETF,纳指ETF广发,0.1170523751304608,1.0,regime_mix_rm511580_rm513650_volume_guard_ag28_co27_vr91_vs90_vb01_vg30_cap08_hi04_dd02_rm06_vm16_oh25_ohh32__proxy_hybrid_breadth_blend_vr91_vs90_vb-1__edge_rc180_vg295_oc072_oh032__stressbond_511260_vr90_vb-1,0.18,0.295,0.072,0.032,0.0004548001088822,0.0024900700654664,0.0129870344292726,False,full_history,False
26.057027960921573,0.2657728108579171,0.2097697452784172,1.2669739885757585,-0.231052218133078,43.22784331369931,1557,0.8208802588996762,159941,纳指ETF,纳指ETF广发,0.1170523751304608,1.0,regime_mix_rm511580_rm513650_volume_guard_ag28_co27_vr91_vs90_vb01_vg30_cap08_hi04_dd02_rm06_vm16_oh25_ohh32__proxy_hybrid_breadth_blend_vr91_vs90_vb-1__edge_rc188_vg290_oc072_oh028__stressbond_511260_vr90_vb-1,0.188,0.29,0.072,0.028,0.0004525222928877,0.0024221664562289,0.0022561066751904,False,full_history,False
26.056967301303622,0.265772608061565,0.2097724036245605,1.2669569660708593,-0.2310681311298632,43.22614941862119,1557,0.8208484848484849,159941,纳指ETF,纳指ETF广发,0.1170523751304608,1.0,regime_mix_rm511580_rm513650_volume_guard_ag28_co27_vr91_vs90_vb01_vg30_cap08_hi04_dd02_rm06_vm16_oh25_ohh32__proxy_hybrid_breadth_blend_vr91_vs90_vb-1__edge_rc190_vg290_oc068_oh030__stressbond_511260_vr90_vb-1,0.19,0.29,0.068,0.03,0.0004523194965355,0.0024051439513299,0.0005622115970709,False,full_history,False
26.05602489187616,0.2657694573578513,0.2097704552548732,1.2669537139295364,-0.2310736032113252,43.23178314625579,1557,0.8209096793174463,159941,纳指ETF,纳指ETF广发,0.1170523751304608,1.0,regime_mix_rm511580_rm513650_volume_guard_ag28_co27_vr91_vs90_vb01_vg30_cap08_hi04_dd02_rm06_vm16_oh25_ohh32__proxy_hybrid_breadth_blend_vr91_vs90_vb-1__edge_rc188_vg295_oc072_oh028__stressbond_511260_vr90_vb-1,0.188,0.295,0.072,0.028,0.0004491687928218,0.002401891810007,0.0061959392316737,False,full_history,False
26.055967429847428,0.2657692652450303,0.2097655973051874,1.266982139394208,-0.2310069996362851,43.22645200602629,1557,0.8208720211827009,159941,纳指ETF,纳指ETF广发,0.1170523751304608,1.0,regime_mix_rm511580_rm513650_volume_guard_ag28_co27_vr91_vs90_vb01_vg30_cap08_hi04_dd02_rm06_vm16_oh25_ohh32__proxy_hybrid_breadth_blend_vr91_vs90_vb-1__edge_rc185_vg285_oc072_oh030__stressbond_511260_vr90_vb-1,0.185,0.285,0.072,0.03,0.0004489766800008,0.0024303172746786,0.0008647990021728,False,full_history,False
26.05596426436625,0.2657692546618648,0.2097731131329529,1.2669366950445262,-0.2310895157655583,43.23008922288446,1557,0.8208779052662547,159941,纳指ETF,纳指ETF广发,0.1170523751304608,1.0,regime_mix_rm511580_rm513650_volume_guard_ag28_co27_vr91_vs90_vb01_vg30_cap08_hi04_dd02_rm06_vm16_oh25_ohh32__proxy_hybrid_breadth_blend_vr91_vs90_vb-1__edge_rc190_vg295_oc068_oh030__stressbond_511260_vr90_vb-1,0.19,0.295,0.068,0.03,0.0004489660968354,0.0023848729249968,0.0045020158603392,False,full_history,False
26.054965300382293,0.265765914764317,0.2097662955012268,1.266961949865595,-0.231028359796362,43.23038704417405,1557,0.8209014416004707,159941,纳指ETF,纳指ETF广发,0.1170523751304608,1.0,regime_mix_rm511580_rm513650_volume_guard_ag28_co27_vr91_vs90_vb01_vg30_cap08_hi04_dd02_rm06_vm16_oh25_ohh32__proxy_hybrid_breadth_blend_vr91_vs90_vb-1__edge_rc185_vg290_oc072_oh030__stressbond_511260_vr90_vb-1,0.185,0.29,0.072,0.03,0.0004456261992875,0.0024101277460657,0.0047998371499247,False,full_history,False
26.05451076677872,0.2657643950563422,0.2097702042151085,1.2669310975347787,-0.2310522181330786,43.22784331369954,1557,0.8208749632244778,159941,纳指ETF,纳指ETF广发,0.1170523751304608,1.0,regime_mix_rm511580_rm513650_volume_guard_ag28_co27_vr91_vs90_vb01_vg30_cap08_hi04_dd02_rm06_vm16_oh25_ohh32__proxy_hybrid_breadth_blend_vr91_vs90_vb-1__edge_rc188_vg290_oc070_oh030__stressbond_511260_vr90_vb-1,0.188,0.29,0.07,0.03,0.0004441064913127,0.0023792754152494,0.0022561066754178,False,full_history,False
26.05396226302441,0.2657625611327969,0.2097670061776788,1.2669416700722147,-0.2310497455381297,43.23432691911797,1557,0.8209308620182407,159941,纳指ETF,纳指ETF广发,0.1170523751304608,1.0,regime_mix_rm511580_rm513650_volume_guard_ag28_co27_vr91_vs90_vb01_vg30_cap08_hi04_dd02_rm06_vm16_oh25_ohh32__proxy_hybrid_breadth_blend_vr91_vs90_vb-1__edge_rc185_vg295_oc072_oh030__stressbond_511260_vr90_vb-1,0.185,0.295,0.072,0.03,0.0004422725677675,0.0023898479526853,0.008739712093849,False,full_history,False
26.0538876335527,0.265762311606321,0.2097623713079305,1.2669684746087408,-0.2309831540285252,43.2289991596824,1557,0.8208932038834953,159941,纳指ETF,纳指ETF广发,0.1170523751304608,1.0,regime_mix_rm511580_rm513650_volume_guard_ag28_co27_vr91_vs90_vb01_vg30_cap08_hi04_dd02_rm06_vm16_oh25_ohh32__proxy_hybrid_breadth_blend_vr91_vs90_vb-1__edge_rc182_vg285_oc072_oh032__stressbond_511260_vr90_vb-1,0.182,0.285,0.072,0.032,0.0004420230412915,0.0024166524892115,0.0034119526582827,False,full_history,False
26.05350779105178,0.2657610415785729,0.2097709141896761,1.266910823195775,-0.2310736032113257,43.23178314625588,1557,0.8209043836422477,159941,纳指ETF,纳指ETF广发,0.1170523751304608,1.0,regime_mix_rm511580_rm513650_volume_guard_ag28_co27_vr91_vs90_vb01_vg30_cap08_hi04_dd02_rm06_vm16_oh25_ohh32__proxy_hybrid_breadth_blend_vr91_vs90_vb-1__edge_rc188_vg295_oc070_oh030__stressbond_511260_vr90_vb-1,0.188,0.295,0.07,0.03,0.0004407530135435,0.0023590010762457,0.0061959392317589,False,full_history,False
26.053440613979703,0.2657608169660035,0.2097661827072324,1.2669383288388385,-0.2310069996362856,43.226452006026335,1557,0.8208667255075023,159941,纳指ETF,纳指ETF广发,0.1170523751304608,1.0,regime_mix_rm511580_rm513650_volume_guard_ag28_co27_vr91_vs90_vb01_vg30_cap08_hi04_dd02_rm06_vm16_oh25_ohh32__proxy_hybrid_breadth_blend_vr91_vs90_vb-1__edge_rc185_vg285_oc070_oh032__stressbond_511260_vr90_vb-1,0.185,0.285,0.07,0.032,0.000440528400974,0.0023865067193091,0.0008647990022154,False,full_history,False
26.052885536346913,0.2657589609943034,0.2097630702030231,1.2669482799669338,-0.231004514850956,43.232934240107994,1557,0.8209226243012651,159941,纳指ETF,纳指ETF广发,0.1170523751304608,1.0,regime_mix_rm511580_rm513650_volume_guard_ag28_co27_vr91_vs90_vb01_vg30_cap08_hi04_dd02_rm06_vm16_oh25_ohh32__proxy_hybrid_breadth_blend_vr91_vs90_vb-1__edge_rc182_vg290_oc072_oh032__stressbond_511260_vr90_vb-1,0.182,0.29,0.072,0.032,0.0004386724292739,0.0023964578474044,0.0073470330838745,False,full_history,False
26.052640735589613,0.2657581424610249,0.2097763157371586,1.2668643813632865,-0.231105434270357,43.228396839664,1557,0.8208832009414534,159941,纳指ETF,纳指ETF广发,0.1170523751304608,1.0,regime_mix_rm511580_rm513650_volume_guard_ag28_co27_vr91_vs90_vb01_vg30_cap08_hi04_dd02_rm06_vm16_oh25_ohh32__proxy_hybrid_breadth_blend_vr91_vs90_vb-1__edge_rc192_vg295_oc070_oh028__stressbond_511260_vr90_vb-1,0.192,0.295,0.07,0.028,0.0004378538959954,0.0023125592437571,0.0028096326398809,False,full_history,False
26.052438578105487,0.2657574665076523,0.2097668809009882,1.2669181396327869,-0.2310283597963631,43.230387044174265,1557,0.820896145925272,159941,纳指ETF,纳指ETF广发,0.1170523751304608,1.0,regime_mix_rm511580_rm513650_volume_guard_ag28_co27_vr91_vs90_vb01_vg30_cap08_hi04_dd02_rm06_vm16_oh25_ohh32__proxy_hybrid_breadth_blend_vr91_vs90_vb-1__edge_rc185_vg290_oc070_oh032__stressbond_511260_vr90_vb-1,0.185,0.29,0.07,0.032,0.0004371779426228,0.0023663175132573,0.0047998371501449,False,full_history,False
26.051981252079052,0.2657559373306839,0.2097708261259439,1.2668870225601685,-0.231052218133078,43.227843313699466,1557,0.8208696675492791,159941,纳指ETF,纳指ETF广发,0.1170523751304608,1.0,regime_mix_rm511580_rm513650_volume_guard_ag28_co27_vr91_vs90_vb01_vg30_cap08_hi04_dd02_rm06_vm16_oh25_ohh32__proxy_hybrid_breadth_blend_vr91_vs90_vb-1__edge_rc188_vg290_oc068_oh032__stressbond_511260_vr90_vb-1,0.188,0.29,0.068,0.032,0.0004356487656544,0.0023352004406391,0.0022561066753468,False,full_history,False
26.051882531323603,0.2657556072315044,0.209763781578715,1.2669279950589474,-0.2310259012558739,43.23687415737707,1557,0.820952044719035,159941,纳指ETF,纳指ETF广发,0.1170523751304608,1.0,regime_mix_rm511580_rm513650_volume_guard_ag28_co27_vr91_vs90_vb01_vg30_cap08_hi04_dd02_rm06_vm16_oh25_ohh32__proxy_hybrid_breadth_blend_vr91_vs90_vb-1__edge_rc182_vg295_oc072_oh032__stressbond_511260_vr90_vb-1,0.182,0.295,0.072,0.032,0.0004353186664749,0.002376172939418,0.0112869503529537,False,full_history,False
26.05143563442361,0.2657541128985166,0.2097675915751216,1.2668978601651395,-0.2310497455381297,43.23432691911803,1557,0.820925566343042,159941,纳指ETF,纳指ETF广发,0.1170523751304608,1.0,regime_mix_rm511580_rm513650_volume_guard_ag28_co27_vr91_vs90_vb01_vg30_cap08_hi04_dd02_rm06_vm16_oh25_ohh32__proxy_hybrid_breadth_blend_vr91_vs90_vb-1__edge_rc185_vg295_oc070_oh032__stressbond_511260_vr90_vb-1,0.185,0.295,0.07,0.032,0.0004338243334871,0.0023460380456101,0.0087397120939129,False,full_history,False
26.05118790338919,0.2657532845260886,0.2097734003082146,1.266858830221678,-0.2310681311298641,43.226149418621446,1557,0.8208802588996762,159941,纳指ETF,纳指ETF广发,0.1170523751304608,1.0,regime_mix_rm511580_rm513650_volume_guard_ag28_co27_vr91_vs90_vb01_vg30_cap08_hi04_dd02_rm06_vm16_oh25_ohh32__proxy_hybrid_breadth_blend_vr91_vs90_vb-1__edge_rc190_vg290_oc072_oh028__stressbond_511260_vr90_vb-1,0.19,0.29,0.072,0.028,0.0004329959610591,0.0023070081021485,0.0005622115973267,False,full_history,False
26.050978370127385,0.2657525838753227,0.2097715360980714,1.266866748552002,-0.2310736032113257,43.23178314625592,1557,0.8208990879670491,159941,纳指ETF,纳指ETF广发,0.1170523751304608,1.0,regime_mix_rm511580_rm513650_volume_guard_ag28_co27_vr91_vs90_vb01_vg30_cap08_hi04_dd02_rm06_vm16_oh25_ohh32__proxy_hybrid_breadth_blend_vr91_vs90_vb-1__edge_rc188_vg295_oc068_oh032__stressbond_511260_vr90_vb-1,0.188,0.295,0.068,0.032,0.0004322953102933,0.0023149264324726,0.0061959392318016,False,full_history,False
26.050185080701812,0.2657499311775828,0.2097741098124659,1.2668385598926306,-0.2310895157655579,43.2300892228845,1557,0.8209096793174463,159941,纳指ETF,纳指ETF广发,0.1170523751304608,1.0,regime_mix_rm511580_rm513650_volume_guard_ag28_co27_vr91_vs90_vb01_vg30_cap08_hi04_dd02_rm06_vm16_oh25_ohh32__proxy_hybrid_breadth_blend_vr91_vs90_vb-1__edge_rc190_vg295_oc072_oh028__stressbond_511260_vr90_vb-1,0.19,0.295,0.072,0.028,0.0004296426125534,0.0022867377731012,0.0045020158603819,False,full_history,False
26.05012111492524,0.265749717277886,0.2097768111790506,1.2668212267325432,-0.2311054342703576,43.22839683966417,1557,0.8208779052662547,159941,纳指ETF,纳指ETF广发,0.1170523751304608,1.0,regime_mix_rm511580_rm513650_volume_guard_ag28_co27_vr91_vs90_vb01_vg30_cap08_hi04_dd02_rm06_vm16_oh25_ohh32__proxy_hybrid_breadth_blend_vr91_vs90_vb-1__edge_rc192_vg295_oc068_oh030__stressbond_511260_vr90_vb-1,0.192,0.295,0.068,0.03,0.0004294287128565,0.0022694046130138,0.0028096326400515,False,full_history,False
26.048671252564112,0.2657448688543398,0.2097738592349451,1.266815940858997,-0.231068131129864,43.226149418621354,1557,0.8208749632244778,159941,纳指ETF,纳指ETF广发,0.1170523751304608,1.0,regime_mix_rm511580_rm513650_volume_guard_ag28_co27_vr91_vs90_vb01_vg30_cap08_hi04_dd02_rm06_vm16_oh25_ohh32__proxy_hybrid_breadth_blend_vr91_vs90_vb-1__edge_rc190_vg290_oc070_oh030__stressbond_511260_vr90_vb-1,0.19,0.29,0.07,0.03,0.0004245802893103,0.0022641187394676,0.0005622115972343,False,full_history,False
26.047668523172018,0.2657415155281288,0.209774568737309,1.266795670837034,-0.2310895157655579,43.23008922288448,1557,0.8209043836422477,159941,纳指ETF,纳指ETF广发,0.1170523751304608,1.0,regime_mix_rm511580_rm513650_volume_guard_ag28_co27_vr91_vs90_vb01_vg30_cap08_hi04_dd02_rm06_vm16_oh25_ohh32__proxy_hybrid_breadth_blend_vr91_vs90_vb-1__edge_rc190_vg295_oc070_oh030__stressbond_511260_vr90_vb-1,0.19,0.295,0.07,0.03,0.0004212269630994,0.0022438487175047,0.0045020158603605,False,full_history,False
26.04621263727675,0.2657366465511066,0.209771696478525,1.2667898053554183,-0.2310522181330782,43.22784331369949,1557,0.8209014416004707,159941,纳指ETF,纳指ETF广发,0.1170523751304608,1.0,regime_mix_rm511580_rm513650_volume_guard_ag28_co27_vr91_vs90_vb01_vg30_cap08_hi04_dd02_rm06_vm16_oh25_ohh32__proxy_hybrid_breadth_blend_vr91_vs90_vb-1__edge_rc188_vg290_oc072_oh030__stressbond_511260_vr90_vb-1,0.188,0.29,0.072,0.03,0.0004163579860771,0.0022379832358889,0.0022561066753681,False,full_history,False
26.046142283841355,0.265736411259154,0.20977448113298,1.266771867692995,-0.2310681311298642,43.22614941862149,1557,0.8208696675492791,159941,纳指ETF,纳指ETF广发,0.1170523751304608,1.0,regime_mix_rm511580_rm513650_volume_guard_ag28_co27_vr91_vs90_vb01_vg30_cap08_hi04_dd02_rm06_vm16_oh25_ohh32__proxy_hybrid_breadth_blend_vr91_vs90_vb-1__edge_rc190_vg290_oc068_oh032__stressbond_511260_vr90_vb-1,0.19,0.29,0.068,0.032,0.0004161226941246,0.0022200455734657,0.0005622115973693,False,full_history,False
26.04520996918131,0.265733293146853,0.2097724064469368,1.266769532026472,-0.2310736032113264,43.23178314625606,1557,0.8209308620182407,159941,纳指ETF,纳指ETF广发,0.1170523751304608,1.0,regime_mix_rm511580_rm513650_volume_guard_ag28_co27_vr91_vs90_vb01_vg30_cap08_hi04_dd02_rm06_vm16_oh25_ohh32__proxy_hybrid_breadth_blend_vr91_vs90_vb-1__edge_rc188_vg295_oc072_oh030__stressbond_511260_vr90_vb-1,0.188,0.295,0.072,0.03,0.0004130045818235,0.0022177099069426,0.0061959392319437,False,full_history,False
26.0451428130113,0.265733068540203,0.2097676751166201,1.2667970333964422,-0.231006999636286,43.22645200602639,1557,0.8208932038834953,159941,纳指ETF,纳指ETF广发,0.1170523751304608,1.0,regime_mix_rm511580_rm513650_volume_guard_ag28_co27_vr91_vs90_vb01_vg30_cap08_hi04_dd02_rm06_vm16_oh25_ohh32__proxy_hybrid_breadth_blend_vr91_vs90_vb-1__edge_rc185_vg285_oc072_oh032__stressbond_511260_vr90_vb-1,0.185,0.285,0.072,0.032,0.0004127799751736,0.0022452112769129,0.0008647990022723,False,full_history,False
26.045139648201385,0.2657330579553496,0.2097751906329053,1.2667515980017263,-0.2310895157655585,43.23008922288457,1557,0.8208990879670491,159941,纳指ETF,纳指ETF广发,0.1170523751304608,1.0,regime_mix_rm511580_rm513650_volume_guard_ag28_co27_vr91_vs90_vb01_vg30_cap08_hi04_dd02_rm06_vm16_oh25_ohh32__proxy_hybrid_breadth_blend_vr91_vs90_vb-1__edge_rc190_vg295_oc068_oh032__stressbond_511260_vr90_vb-1,0.19,0.295,0.068,0.032,0.0004127693903202,0.0021997758821969,0.0045020158604529,False,full_history,False
26.044343179363896,0.2657303940918654,0.2097778078364799,1.2667230954143638,-0.2311054342703571,43.228396839663866,1557,0.8209096793174463,159941,纳指ETF,纳指ETF广发,0.1170523751304608,1.0,regime_mix_rm511580_rm513650_volume_guard_ag28_co27_vr91_vs90_vb01_vg30_cap08_hi04_dd02_rm06_vm16_oh25_ohh32__proxy_hybrid_breadth_blend_vr91_vs90_vb-1__edge_rc192_vg295_oc072_oh028__stressbond_511260_vr90_vb-1,0.192,0.295,0.072,0.028,0.0004101055268359,0.0021712732948344,0.0028096326397459,False,full_history,False
26.044141084480465,0.2657297181553018,0.2097683733043032,1.2667768451911356,-0.2310283597963613,43.230387044173966,1557,0.8209226243012651,159941,纳指ETF,纳指ETF广发,0.1170523751304608,1.0,regime_mix_rm511580_rm513650_volume_guard_ag28_co27_vr91_vs90_vb01_vg30_cap08_hi04_dd02_rm06_vm16_oh25_ohh32__proxy_hybrid_breadth_blend_vr91_vs90_vb-1__edge_rc185_vg290_oc072_oh032__stressbond_511260_vr90_vb-1,0.185,0.29,0.072,0.032,0.0004094295902723,0.0022250230716063,0.0047998371498465,False,full_history,False
26.043686732430228,0.2657281984897901,0.2097722818602673,1.26674599777103,-0.231052218133077,43.227843313699246,1557,0.820896145925272,159941,纳指ETF,纳指ETF广发,0.1170523751304608,1.0,regime_mix_rm511580_rm513650_volume_guard_ag28_co27_vr91_vs90_vb01_vg30_cap08_hi04_dd02_rm06_vm16_oh25_ohh32__proxy_hybrid_breadth_blend_vr91_vs90_vb-1__edge_rc188_vg290_oc070_oh032__stressbond_511260_vr90_vb-1,0.188,0.29,0.07,0.032,0.0004079099247606,0.0021941756515007,0.0022561066751265,False,full_history,False
26.04313844842013,0.2657263646196841,0.2097690839722754,1.2667565667341352,-0.2310497455381301,43.234326919118075,1557,0.820952044719035,159941,纳指ETF,纳指ETF广发,0.1170523751304608,1.0,regime_mix_rm511580_rm513650_volume_guard_ag28_co27_vr91_vs90_vb01_vg30_cap08_hi04_dd02_rm06_vm16_oh25_ohh32__proxy_hybrid_breadth_blend_vr91_vs90_vb-1__edge_rc185_vg295_oc072_oh032__stressbond_511260_vr90_vb-1,0.185,0.295,0.072,0.032,0.0004060760546547,0.0022047446146058,0.0087397120939556,False,full_history,False
26.04268415797632,0.2657248451079192,0.2097729918263628,1.2667257247676096,-0.2310736032113248,43.23178314625565,1557,0.820925566343042,159941,纳指ETF,纳指ETF广发,0.1170523751304608,1.0,regime_mix_rm511580_rm513650_volume_guard_ag28_co27_vr91_vs90_vb01_vg30_cap08_hi04_dd02_rm06_vm16_oh25_ohh32__proxy_hybrid_breadth_blend_vr91_vs90_vb-1__edge_rc188_vg295_oc070_oh032__stressbond_511260_vr90_vb-1,0.188,0.295,0.07,0.032,0.0004045565428898,0.0021739026480802,0.0061959392315316,False,full_history,False
26.0418271653233,0.2657219785723088,0.2097782667512684,1.266680208047348,-0.2311054342703582,43.22839683966425,1557,0.8209043836422477,159941,纳指ETF,纳指ETF广发,0.1170523751304608,1.0,regime_mix_rm511580_rm513650_volume_guard_ag28_co27_vr91_vs90_vb01_vg30_cap08_hi04_dd02_rm06_vm16_oh25_ohh32__proxy_hybrid_breadth_blend_vr91_vs90_vb-1__edge_rc192_vg295_oc070_oh030__stressbond_511260_vr90_vb-1,0.192,0.295,0.07,0.03,0.0004016900072794,0.0021283859278187,0.0028096326401296,False,full_history,False
26.04037491415116,0.2657171207771631,0.2097753514658826,1.266674654197296,-0.231068131129865,43.22614941862157,1557,0.8209014416004707,159941,纳指ETF,纳指ETF广发,0.1170523751304608,1.0,regime_mix_rm511580_rm513650_volume_guard_ag28_co27_vr91_vs90_vb01_vg30_cap08_hi04_dd02_rm06_vm16_oh25_ohh32__proxy_hybrid_breadth_blend_vr91_vs90_vb-1__edge_rc190_vg290_oc072_oh030__stressbond_511260_vr90_vb-1,0.19,0.29,0.072,0.03,0.0003968322121337,0.0021228320777666,0.0005622115974475,False,full_history,False
26.039372492315305,0.2657137675244654,0.2097760609620943,1.2666543851849654,-0.2310895157655587,43.23008922288473,1557,0.8209308620182407,159941,纳指ETF,纳指ETF广发,0.1170523751304608,1.0,regime_mix_rm511580_rm513650_volume_guard_ag28_co27_vr91_vs90_vb01_vg30_cap08_hi04_dd02_rm06_vm16_oh25_ohh32__proxy_hybrid_breadth_blend_vr91_vs90_vb-1__edge_rc190_vg295_oc072_oh030__stressbond_511260_vr90_vb-1,0.19,0.295,0.072,0.03,0.0003934789594359,0.0021025630654361,0.0045020158606092,False,full_history,False
26.039298836501843,0.2657135211300736,0.2097788886339374,1.2666361370316044,-0.2311054342703578,43.2283968396641,1557,0.8208990879670491,159941,纳指ETF,纳指ETF广发,0.1170523751304608,1.0,regime_mix_rm511580_rm513650_volume_guard_ag28_co27_vr91_vs90_vb01_vg30_cap08_hi04_dd02_rm06_vm16_oh25_ohh32__proxy_hybrid_breadth_blend_vr91_vs90_vb-1__edge_rc192_vg295_oc068_oh032__stressbond_511260_vr90_vb-1,0.192,0.295,0.068,0.032,0.0003932325650441,0.002084314912075,0.0028096326399804,False,full_history,False
26.03784955450267,0.265708672846171,0.2097759368354612,1.2666308483922106,-0.2310681311298649,43.226149418621475,1557,0.820896145925272,159941,纳指ETF,纳指ETF广发,0.1170523751304608,1.0,regime_mix_rm511580_rm513650_volume_guard_ag28_co27_vr91_vs90_vb01_vg30_cap08_hi04_dd02_rm06_vm16_oh25_ohh32__proxy_hybrid_breadth_blend_vr91_vs90_vb-1__edge_rc190_vg290_oc070_oh032__stressbond_511260_vr90_vb-1,0.19,0.29,0.07,0.032,0.0003883842811416,0.0020790262726813,0.0005622115973551,False,full_history,False
26.03684722628514,0.2657053196158543,0.2097766463293578,1.266610579705265,-0.2310895157655589,43.23008922288457,1557,0.820925566343042,159941,纳指ETF,纳指ETF广发,0.1170523751304608,1.0,regime_mix_rm511580_rm513650_volume_guard_ag28_co27_vr91_vs90_vb01_vg30_cap08_hi04_dd02_rm06_vm16_oh25_ohh32__proxy_hybrid_breadth_blend_vr91_vs90_vb-1__edge_rc190_vg295_oc070_oh032__stressbond_511260_vr90_vb-1,0.19,0.295,0.07,0.032,0.0003850310508248,0.0020587575857355,0.0045020158604529,False,full_history,False
26.03539192316137,0.2657004507790623,0.2097737742154404,1.266604711541227,-0.2310522181330785,43.227843313699566,1557,0.8209226243012651,159941,纳指ETF,纳指ETF广发,0.1170523751304608,1.0,regime_mix_rm511580_rm513650_volume_guard_ag28_co27_vr91_vs90_vb01_vg30_cap08_hi04_dd02_rm06_vm16_oh25_ohh32__proxy_hybrid_breadth_blend_vr91_vs90_vb-1__edge_rc188_vg290_oc072_oh032__stressbond_511260_vr90_vb-1,0.188,0.29,0.072,0.032,0.0003801622140329,0.0020528894216973,0.0022561066754462,False,full_history,False
26.03438965621599,0.2656970974707056,0.2097744841753799,1.2665844395478152,-0.2310736032113247,43.23178314625565,1557,0.820952044719035,159941,纳指ETF,纳指ETF广发,0.1170523751304608,1.0,regime_mix_rm511580_rm513650_volume_guard_ag28_co27_vr91_vs90_vb01_vg30_cap08_hi04_dd02_rm06_vm16_oh25_ohh32__proxy_hybrid_breadth_blend_vr91_vs90_vb-1__edge_rc188_vg295_oc072_oh032__stressbond_511260_vr90_vb-1,0.188,0.295,0.072,0.032,0.0003768089056761,0.0020326174282858,0.0061959392315316,False,full_history,False
26.03353292612129,0.2656942309969408,0.2097797589432704,1.2665389279467665,-0.2311054342703568,43.228396839664015,1557,0.8209308620182407,159941,纳指ETF,纳指ETF广发,0.1170523751304608,1.0,regime_mix_rm511580_rm513650_volume_guard_ag28_co27_vr91_vs90_vb01_vg30_cap08_hi04_dd02_rm06_vm16_oh25_ohh32__proxy_hybrid_breadth_blend_vr91_vs90_vb-1__edge_rc192_vg295_oc072_oh030__stressbond_511260_vr90_vb-1,0.192,0.295,0.072,0.03,0.0003739424319113,0.0019871058272369,0.0028096326398951,False,full_history,False
26.03100820546097,0.2656857832187247,0.2097803442982507,1.266495124257169,-0.2311054342703571,43.22839683966404,1557,0.820925566343042,159941,纳指ETF,纳指ETF广发,0.1170523751304608,1.0,regime_mix_rm511580_rm513650_volume_guard_ag28_co27_vr91_vs90_vb01_vg30_cap08_hi04_dd02_rm06_vm16_oh25_ohh32__proxy_hybrid_breadth_blend_vr91_vs90_vb-1__edge_rc192_vg295_oc070_oh032__stressbond_511260_vr90_vb-1,0.192,0.295,0.07,0.032,0.0003654946536952,0.0019433021376396,0.0028096326399236,False,full_history,False
26.02955653560648,0.2656809255634909,0.2097774291581544,1.2664895676798,-0.2310681311298639,43.22614941862139,1557,0.8209226243012651,159941,纳指ETF,纳指ETF广发,0.1170523751304608,1.0,regime_mix_rm511580_rm513650_volume_guard_ag28_co27_vr91_vs90_vb01_vg30_cap08_hi04_dd02_rm06_vm16_oh25_ohh32__proxy_hybrid_breadth_blend_vr91_vs90_vb-1__edge_rc190_vg290_oc072_oh032__stressbond_511260_vr90_vb-1,0.19,0.29,0.072,0.032,0.0003606369984614,0.0019377455602707,0.0005622115972698,False,full_history,False
26.02855451482184,0.2656775724066844,0.2097781386458986,1.266469300002432,-0.2310895157655581,43.23008922288453,1557,0.820952044719035,159941,纳指ETF,纳指ETF广发,0.1170523751304608,1.0,regime_mix_rm511580_rm513650_volume_guard_ag28_co27_vr91_vs90_vb01_vg30_cap08_hi04_dd02_rm06_vm16_oh25_ohh32__proxy_hybrid_breadth_blend_vr91_vs90_vb-1__edge_rc190_vg295_oc072_oh032__stressbond_511260_vr90_vb-1,0.19,0.295,0.072,0.032,0.000357283841655,0.0019174778829027,0.0045020158604103,False,full_history,False
26.02271728493566,0.2656580364378385,0.2097818365820071,1.2663538501055518,-0.2311054342703566,43.228396839663915,1557,0.820952044719035,159941,纳指ETF,纳指ETF广发,0.1170523751304608,1.0,regime_mix_rm511580_rm513650_volume_guard_ag28_co27_vr91_vs90_vb01_vg30_cap08_hi04_dd02_rm06_vm16_oh25_ohh32__proxy_hybrid_breadth_blend_vr91_vs90_vb-1__edge_rc192_vg295_oc072_oh032__stressbond_511260_vr90_vb-1,0.192,0.295,0.072,0.032,0.000337747872809,0.0018020279860224,0.0028096326397957,False,full_history,False
25.92198512362616,0.2653202885650294,0.2098136936138553,1.264551822119529,-0.2311905757856697,43.22558720702412,1557,0.821172109443954,159941,纳指ETF,纳指ETF广发,0.1170523751304608,1.0,regime_mix_rm511580_rm513650_volume_guard_ag28_co27_vr91_vs90_vb01_vg30_cap08_hi04_dd02_rm06_vm16_oh25_ohh32__proxy_hybrid_breadth_blend_vr91_vs90_vb-1__stressbond_511260_vr90_vb-1_cap20,,,,,0.0,0.0,0.0,False,full_history,False
