date,action,code,theme,name,from_exposure,to_exposure,nav
2022-05-31,BUY,600938,中国海油,中国海油,0.0,1.0,0.9995
2022-06-20,BUY,159949,创业板50,创业板50ETF华安,0.0,1.0,0.8769572958397542
2022-06-20,SELL,600938,中国海油,中国海油,1.0,0.0,0.8769572958397542
2022-07-22,SELL,159949,创业板50,创业板50ETF华安,1.0,0.0,0.8813003993278201
2022-07-22,BUY,512890,红利低波ETF,红利低波ETF华泰柏瑞,0.0,0.8,0.8813003993278201
2022-07-25,BUY,513880,日经ETF,日经225ETF华安,0.0,1.0,0.8813715305428725
2022-07-25,SELL,512890,红利低波ETF,红利低波ETF华泰柏瑞,0.8,0.0,0.8813715305428725
2022-07-26,SELL,513880,日经ETF,日经225ETF华安,1.0,0.0,0.877013201848925
2022-07-26,BUY,512890,红利低波ETF,红利低波ETF华泰柏瑞,0.0,0.8,0.877013201848925
2022-07-27,BUY,513880,日经ETF,日经225ETF华安,0.0,1.0,0.8736748750146289
2022-07-27,SELL,512890,红利低波ETF,红利低波ETF华泰柏瑞,0.8,0.0,0.8736748750146289
2022-08-09,BUY,159941,纳指ETF,纳指ETF广发,0.0,1.0,0.8931813296860218
2022-08-09,SELL,513880,日经ETF,日经225ETF华安,1.0,0.0,0.8931813296860218
2022-08-29,SELL,159941,纳指ETF,纳指ETF广发,1.0,0.0,0.8636307187740883
2022-08-29,BUY,600938,中国海油,中国海油,0.0,1.0,0.8636307187740883
2022-09-01,BUY,159985,豆粕,豆粕ETF,0.0,0.8,0.8013217134583498
2022-09-01,SELL,600938,中国海油,中国海油,1.0,0.0,0.8013217134583498
2022-09-02,SELL,159985,豆粕,豆粕ETF,0.8,0.0,0.8108105122040715
2022-09-02,BUY,600938,中国海油,中国海油,0.0,1.0,0.8108105122040715
2022-09-22,SELL,600938,中国海油,中国海油,1.0,0.0,0.8431247982173723
2022-09-23,BUY,511260,十年国债ETF,十年国债ETF,0.0,1.0,0.8427032358182637
2022-09-26,BUY,159985,豆粕,豆粕ETF,0.0,0.8,0.8379054832896012
2022-09-26,SELL,511260,十年国债ETF,十年国债ETF,1.0,0.0,0.8379054832896012
2022-09-28,ADD,159985,豆粕,豆粕ETF,0.8,1.0,0.8459033588273198
2022-10-13,REDUCE,159985,豆粕,豆粕ETF,1.0,0.8,0.8510991353775924
2022-10-14,SELL,159985,豆粕,豆粕ETF,0.8,0.0,0.8626109400314362
2022-10-14,BUY,511260,十年国债ETF,十年国债ETF,0.0,1.0,0.8626109400314362
2022-10-18,BUY,159985,豆粕,豆粕ETF,0.0,1.0,0.8619141539110582
2022-10-18,SELL,511260,十年国债ETF,十年国债ETF,1.0,0.0,0.8619141539110582
2022-10-20,REDUCE,159985,豆粕,豆粕ETF,1.0,0.8,0.8648049157339942
2022-10-25,BUY,518880,黄金ETF,黄金ETF华安,0.0,1.0,0.8675986208789389
2022-10-25,SELL,159985,豆粕,豆粕ETF,0.8,0.0,0.8675986208789389
2022-10-26,REDUCE,518880,黄金ETF,黄金ETF华安,1.0,0.8,0.8668318151367751
2022-10-27,SELL,518880,黄金ETF,黄金ETF华安,0.8,0.0,0.864869946243705
2022-10-27,BUY,159985,豆粕,豆粕ETF,0.0,0.8,0.864869946243705
2022-10-28,BUY,518880,黄金ETF,黄金ETF华安,0.0,1.0,0.8582300037898216
2022-10-28,SELL,159985,豆粕,豆粕ETF,0.8,0.0,0.8582300037898216
2022-10-31,SELL,518880,黄金ETF,黄金ETF华安,1.0,0.0,0.8545395473732633
2022-10-31,BUY,159985,豆粕,豆粕ETF,0.0,0.8,0.8545395473732633
2022-11-03,BUY,518880,黄金ETF,黄金ETF华安,0.0,0.8,0.8699651188762015
2022-11-03,SELL,159985,豆粕,豆粕ETF,0.8,0.0,0.8699651188762015
2022-11-04,SELL,518880,黄金ETF,黄金ETF华安,0.8,0.0,0.8690863832285578
2022-11-04,BUY,159985,豆粕,豆粕ETF,0.0,0.8,0.8690863832285578
2022-11-08,SELL,159985,豆粕,豆粕ETF,0.8,0.0,0.8774434428491772
2022-11-08,BUY,600938,中国海油,中国海油,0.0,1.0,0.8774434428491772
2022-11-11,BUY,513880,日经ETF,日经225ETF华安,0.0,1.0,0.8794911362230342
2022-11-11,SELL,600938,中国海油,中国海油,1.0,0.0,0.8794911362230342
2022-11-14,BUY,159949,创业板50,创业板50ETF华安,0.0,1.0,0.8786116450868112
2022-11-14,SELL,513880,日经ETF,日经225ETF华安,1.0,0.0,0.8786116450868112
2022-11-16,SELL,159949,创业板50,创业板50ETF华安,1.0,0.0,0.8895828526010149
2022-11-16,BUY,513880,日经ETF,日经225ETF华安,0.0,1.0,0.8895828526010149
2022-11-28,BUY,159954,H股,H股ETF,0.0,1.0,0.9180287757401089
2022-11-28,SELL,513880,日经ETF,日经225ETF华安,1.0,0.0,0.9180287757401089
2022-12-20,SELL,159954,H股,H股ETF,1.0,0.0,0.9943504278660313
2022-12-20,BUY,159985,豆粕,豆粕ETF,0.0,0.8,0.9943504278660313
2022-12-22,BUY,159954,H股,H股ETF,0.0,1.0,1.005153294341088
2022-12-22,SELL,159985,豆粕,豆粕ETF,0.8,0.0,1.005153294341088
2023-01-10,SELL,159954,H股,H股ETF,1.0,0.0,1.0278944003628774
2023-01-10,BUY,159985,豆粕,豆粕ETF,0.0,0.8,1.0278944003628774
2023-01-11,BUY,159954,H股,H股ETF,0.0,1.0,1.0359133514744858
2023-01-11,SELL,159985,豆粕,豆粕ETF,0.8,0.0,1.0359133514744858
2023-01-13,SELL,159954,H股,H股ETF,1.0,0.0,1.030802102017547
2023-01-13,BUY,518880,黄金ETF,黄金ETF华安,0.0,0.8,1.030802102017547
2023-01-16,BUY,159949,创业板50,创业板50ETF华安,0.0,1.0,1.0345800390763924
2023-01-16,SELL,518880,黄金ETF,黄金ETF华安,0.8,0.0,1.0345800390763924
2023-02-14,SELL,159949,创业板50,创业板50ETF华安,1.0,0.0,1.0316998421461785
2023-02-14,BUY,159941,纳指ETF,纳指ETF广发,0.0,1.0,1.0316998421461785
2023-02-23,SELL,159941,纳指ETF,纳指ETF广发,1.0,0.0,1.015034345688426
2023-02-23,BUY,512890,红利低波ETF,红利低波ETF华泰柏瑞,0.0,0.8,1.015034345688426
2023-02-24,BUY,159941,纳指ETF,纳指ETF广发,0.0,1.0,1.0150490718160043
2023-02-24,SELL,512890,红利低波ETF,红利低波ETF华泰柏瑞,0.8,0.0,1.0150490718160043
2023-02-27,SELL,159941,纳指ETF,纳指ETF广发,1.0,0.0,1.0062983133727657
2023-02-27,BUY,512890,红利低波ETF,红利低波ETF华泰柏瑞,0.0,0.8,1.0062983133727657
2023-03-02,SELL,512890,红利低波ETF,红利低波ETF华泰柏瑞,0.8,0.0,1.0210717205066155
2023-03-02,BUY,600938,中国海油,中国海油,0.0,1.0,1.0210717205066155
2023-03-03,BUY,512890,红利低波ETF,红利低波ETF华泰柏瑞,0.0,0.8,1.0511167420468626
2023-03-03,SELL,600938,中国海油,中国海油,1.0,0.0,1.0511167420468626
2023-03-07,SELL,512890,红利低波ETF,红利低波ETF华泰柏瑞,0.8,0.0,1.0473546366787412
2023-03-07,BUY,600938,中国海油,中国海油,0.0,1.0,1.0473546366787412
2023-03-21,BUY,518880,黄金ETF,黄金ETF华安,0.0,0.8,0.9700732747894314
2023-03-21,SELL,600938,中国海油,中国海油,1.0,0.0,0.9700732747894314
2023-03-22,SELL,518880,黄金ETF,黄金ETF华安,0.8,0.0,0.957803174188448
2023-03-22,BUY,600938,中国海油,中国海油,0.0,1.0,0.957803174188448
2023-03-27,BUY,518880,黄金ETF,黄金ETF华安,0.0,0.8,0.93639491083073
2023-03-27,SELL,600938,中国海油,中国海油,1.0,0.0,0.93639491083073
2023-03-29,BUY,159941,纳指ETF,纳指ETF广发,0.0,1.0,0.9344971647963222
2023-03-29,SELL,518880,黄金ETF,黄金ETF华安,0.8,0.0,0.9344971647963222
2023-03-30,SELL,159941,纳指ETF,纳指ETF广发,1.0,0.0,0.9418610024549173
2023-03-30,BUY,600938,中国海油,中国海油,0.0,1.0,0.9418610024549173
2023-04-03,BUY,159941,纳指ETF,纳指ETF广发,0.0,1.0,0.9676892329374113
2023-04-03,SELL,600938,中国海油,中国海油,1.0,0.0,0.9676892329374113
2023-04-04,SELL,159941,纳指ETF,纳指ETF广发,1.0,0.0,0.9709064854521121
2023-04-04,BUY,600938,中国海油,中国海油,0.0,1.0,0.9709064854521121
2023-04-07,BUY,159941,纳指ETF,纳指ETF广发,0.0,1.0,0.9437342176539039
2023-04-07,SELL,600938,中国海油,中国海油,1.0,0.0,0.9437342176539039
2023-04-12,SELL,159941,纳指ETF,纳指ETF广发,1.0,0.0,0.9374109244524537
2023-04-12,BUY,518880,黄金ETF,黄金ETF华安,0.0,0.8,0.9374109244524537
2023-04-14,BUY,159941,纳指ETF,纳指ETF广发,0.0,1.0,0.9408814442257781
2023-04-14,SELL,518880,黄金ETF,黄金ETF华安,0.8,0.0,0.9408814442257781
2023-04-20,SELL,159941,纳指ETF,纳指ETF广发,1.0,0.0,0.9413107385290475
2023-04-20,BUY,600938,中国海油,中国海油,0.0,1.0,0.9413107385290475
2023-05-18,BUY,513880,日经ETF,日经225ETF华安,0.0,1.0,0.9201935911868039
2023-05-18,SELL,600938,中国海油,中国海油,1.0,0.0,0.9201935911868039
2023-05-23,BUY,159941,纳指ETF,纳指ETF广发,0.0,1.0,0.9136778203928612
2023-05-23,SELL,513880,日经ETF,日经225ETF华安,1.0,0.0,0.9136778203928612
2023-07-10,SELL,159941,纳指ETF,纳指ETF广发,1.0,0.0,1.0090369960614205
2023-07-10,BUY,600938,中国海油,中国海油,0.0,1.0,1.0090369960614205
2023-07-11,BUY,159941,纳指ETF,纳指ETF广发,0.0,1.0,1.003234673477792
2023-07-11,SELL,600938,中国海油,中国海油,1.0,0.0,1.003234673477792
2023-07-12,SELL,159941,纳指ETF,纳指ETF广发,1.0,0.0,1.0034360438990308
2023-07-12,BUY,600938,中国海油,中国海油,0.0,1.0,1.0034360438990308
2023-07-17,BUY,159941,纳指ETF,纳指ETF广发,0.0,1.0,1.0259307936932738
2023-07-17,SELL,600938,中国海油,中国海油,1.0,0.0,1.0259307936932738
2023-07-20,SELL,159941,纳指ETF,纳指ETF广发,1.0,0.0,1.0381062135926664
2023-07-20,BUY,600938,中国海油,中国海油,0.0,1.0,1.0381062135926664
2023-08-07,BUY,159985,豆粕,豆粕ETF,0.0,0.8,1.0323679721088144
2023-08-07,SELL,600938,中国海油,中国海油,1.0,0.0,1.0323679721088144
2023-08-11,BUY,159954,H股,H股ETF,0.0,1.0,1.0525264789764686
2023-08-11,SELL,159985,豆粕,豆粕ETF,0.8,0.0,1.0525264789764686
2023-08-14,SELL,159954,H股,H股ETF,1.0,0.0,1.0355800747766493
2023-08-14,BUY,159985,豆粕,豆粕ETF,0.0,0.8,1.0355800747766493
2023-08-17,ADD,159985,豆粕,豆粕ETF,0.8,1.0,1.054499250298679
2023-08-25,REDUCE,159985,豆粕,豆粕ETF,1.0,0.8,1.0841212026749327
2023-08-29,ADD,159985,豆粕,豆粕ETF,0.8,1.0,1.0981210174979488
2023-08-30,REDUCE,159985,豆粕,豆粕ETF,1.0,0.8,1.0956966792465443
2023-09-07,SELL,159985,豆粕,豆粕ETF,0.8,0.0,1.0951517131432784
2023-09-07,BUY,600938,中国海油,中国海油,0.0,1.0,1.0951517131432784
2023-09-08,BUY,159985,豆粕,豆粕ETF,0.0,0.8,1.074800305334167
2023-09-08,SELL,600938,中国海油,中国海油,1.0,0.0,1.074800305334167
2023-09-13,SELL,159985,豆粕,豆粕ETF,0.8,0.0,1.059062049703233
2023-09-13,BUY,600938,中国海油,中国海油,0.0,1.0,1.059062049703233
2023-10-10,BUY,511260,十年国债ETF,十年国债ETF,0.0,1.0,1.0900208795807396
2023-10-10,SELL,600938,中国海油,中国海油,1.0,0.0,1.0900208795807396
2023-10-12,SELL,511260,十年国债ETF,十年国债ETF,1.0,0.0,1.0872806677275533
2023-10-12,BUY,600938,中国海油,中国海油,0.0,1.0,1.0872806677275533
2023-10-13,BUY,511260,十年国债ETF,十年国债ETF,0.0,1.0,1.1052657334707263
2023-10-13,SELL,600938,中国海油,中国海油,1.0,0.0,1.1052657334707263
2023-10-16,SELL,511260,十年国债ETF,十年国债ETF,1.0,0.0,1.1050603320174586
2023-10-16,BUY,600938,中国海油,中国海油,0.0,1.0,1.1050603320174586
2023-10-17,BUY,511260,十年国债ETF,十年国债ETF,0.0,1.0,1.1173393447953397
2023-10-17,SELL,600938,中国海油,中国海油,1.0,0.0,1.1173393447953397
2023-10-18,SELL,511260,十年国债ETF,十年国债ETF,1.0,0.0,1.1159764440671354
2023-10-18,BUY,600938,中国海油,中国海油,0.0,1.0,1.1159764440671354
2023-10-20,BUY,512890,红利低波ETF,红利低波ETF华泰柏瑞,0.0,0.8,1.0946072786872472
2023-10-20,SELL,600938,中国海油,中国海油,1.0,0.0,1.0946072786872472
2023-10-23,SELL,512890,红利低波ETF,红利低波ETF华泰柏瑞,0.8,0.0,1.0758244272023025
2023-10-23,BUY,600938,中国海油,中国海油,0.0,1.0,1.0758244272023025
2023-10-25,BUY,518880,黄金ETF,黄金ETF华安,0.0,0.8,1.0388626754574914
2023-10-25,SELL,600938,中国海油,中国海油,1.0,0.0,1.0388626754574914
2023-10-30,ADD,518880,黄金ETF,黄金ETF华安,0.8,1.0,1.0482357289538262
2023-11-03,SELL,518880,黄金ETF,黄金ETF华安,1.0,0.0,1.0475195444646797
2023-11-03,BUY,159985,豆粕,豆粕ETF,0.0,0.8,1.0475195444646797
2023-11-10,BUY,518880,黄金ETF,黄金ETF华安,0.0,0.8,1.0434997604206917
2023-11-10,SELL,159985,豆粕,豆粕ETF,0.8,0.0,1.0434997604206917
2023-11-13,SELL,518880,黄金ETF,黄金ETF华安,0.8,0.0,1.0397343256769493
2023-11-13,BUY,159985,豆粕,豆粕ETF,0.0,0.8,1.0397343256769493
2023-11-23,BUY,513880,日经ETF,日经225ETF华安,0.0,1.0,1.0187983243563148
2023-11-23,SELL,159985,豆粕,豆粕ETF,0.8,0.0,1.0187983243563148
2023-11-24,BUY,159941,纳指ETF,纳指ETF广发,0.0,1.0,1.012586773348122
2023-11-24,SELL,513880,日经ETF,日经225ETF华安,1.0,0.0,1.012586773348122
2023-12-07,SELL,159941,纳指ETF,纳指ETF广发,1.0,0.0,0.9977692535647944
2023-12-07,BUY,518880,黄金ETF,黄金ETF华安,0.0,0.8,0.9977692535647944
2023-12-08,BUY,159941,纳指ETF,纳指ETF广发,0.0,1.0,0.9980890795312906
2023-12-08,SELL,518880,黄金ETF,黄金ETF华安,0.8,0.0,0.9980890795312906
2023-12-12,SELL,159941,纳指ETF,纳指ETF广发,1.0,0.0,1.015446008501309
2023-12-12,BUY,512890,红利低波ETF,红利低波ETF华泰柏瑞,0.0,0.8,1.015446008501309
2023-12-13,BUY,518880,黄金ETF,黄金ETF华安,0.0,0.8,1.0093685257181473
2023-12-13,SELL,512890,红利低波ETF,红利低波ETF华泰柏瑞,0.8,0.0,1.0093685257181473
2023-12-14,BUY,159941,纳指ETF,纳指ETF广发,0.0,1.0,1.0207513276928888
2023-12-14,SELL,518880,黄金ETF,黄金ETF华安,0.8,0.0,1.0207513276928888
2023-12-18,SELL,159941,纳指ETF,纳指ETF广发,1.0,0.0,1.014235326297647
2023-12-18,BUY,518880,黄金ETF,黄金ETF华安,0.0,0.8,1.014235326297647
2023-12-19,BUY,159941,纳指ETF,纳指ETF广发,0.0,1.0,1.015625520218761
2023-12-19,SELL,518880,黄金ETF,黄金ETF华安,0.8,0.0,1.015625520218761
2023-12-20,SELL,159941,纳指ETF,纳指ETF广发,1.0,0.0,1.0180529878452422
2023-12-20,BUY,518880,黄金ETF,黄金ETF华安,0.0,0.8,1.0180529878452422
2023-12-25,BUY,159941,纳指ETF,纳指ETF广发,0.0,1.0,1.0224375309053442
2023-12-25,SELL,518880,黄金ETF,黄金ETF华安,0.8,0.0,1.0224375309053442
2023-12-26,SELL,159941,纳指ETF,纳指ETF广发,1.0,0.0,1.0281645323174415
2023-12-26,BUY,600938,中国海油,中国海油,0.0,1.0,1.0281645323174415
2024-01-10,BUY,513880,日经ETF,日经225ETF华安,0.0,1.0,1.0633215624057382
2024-01-10,SELL,600938,中国海油,中国海油,1.0,0.0,1.0633215624057382
2024-01-11,SELL,513880,日经ETF,日经225ETF华安,1.0,0.0,1.1015063364889495
2024-01-11,BUY,600938,中国海油,中国海油,0.0,1.0,1.1015063364889495
2024-01-15,BUY,513880,日经ETF,日经225ETF华安,0.0,1.0,1.1199898498944123
2024-01-15,SELL,600938,中国海油,中国海油,1.0,0.0,1.1199898498944123
2024-01-18,SELL,513880,日经ETF,日经225ETF华安,1.0,0.0,1.0702604225273398
2024-01-18,BUY,600938,中国海油,中国海油,0.0,1.0,1.0702604225273398
2024-01-19,BUY,513880,日经ETF,日经225ETF华安,0.0,1.0,1.061266974407041
2024-01-19,SELL,600938,中国海油,中国海油,1.0,0.0,1.061266974407041
2024-01-24,SELL,513880,日经ETF,日经225ETF华安,1.0,0.0,1.0668894313565593
2024-01-24,BUY,600938,中国海油,中国海油,0.0,1.0,1.0668894313565593
2024-01-26,REDUCE,600938,中国海油,中国海油,1.0,0.9791720569210869,1.1557848475337509
2024-01-29,ADD,600938,中国海油,中国海油,0.9791720569210869,1.0,1.1536700604969352
2024-01-30,BUY,159941,纳指ETF,纳指ETF广发,0.0,1.0,1.1550908872132883
2024-01-30,SELL,600938,中国海油,中国海油,1.0,0.0,1.1550908872132883
2024-01-31,SELL,159941,纳指ETF,纳指ETF广发,1.0,0.0,1.127871538092837
2024-01-31,BUY,600938,中国海油,中国海油,0.0,1.0,1.127871538092837
2024-02-08,BUY,159941,纳指ETF,纳指ETF广发,0.0,1.0,1.1221498265502583
2024-02-08,SELL,600938,中国海油,中国海油,1.0,0.0,1.1221498265502583
2024-02-20,SELL,159941,纳指ETF,纳指ETF广发,1.0,0.0,1.1119505295437588
2024-02-20,BUY,600938,中国海油,中国海油,0.0,1.0,1.1119505295437588
2024-02-22,REDUCE,600938,中国海油,中国海油,1.0,0.6579335793357919,1.1492180614265657
2024-02-23,ADD,600938,中国海油,中国海油,0.6579335793357919,0.7023178807947013,1.139792215804302
2024-02-26,ADD,600938,中国海油,中国海油,0.7023178807947013,0.7306930693069298,1.1408655108307466
2024-02-27,REDUCE,600938,中国海油,中国海油,0.7306930693069298,0.5086213908092729,1.1656625975349963
2024-02-28,ADD,600938,中国海油,中国海油,0.5086213908092729,1.0,1.1512960551913076
2024-02-29,REDUCE,600938,中国海油,中国海油,1.0,0.6234567901234576,1.1561364231626652
2024-03-01,ADD,600938,中国海油,中国海油,0.6234567901234576,1.0,1.1520389956268444
2024-03-04,REDUCE,600938,中国海油,中国海油,1.0,0.1,1.235664165651554
2024-03-11,ADD,600938,中国海油,中国海油,0.1,1.0,1.245314102220501
2024-03-13,BUY,159949,创业板50,创业板50ETF华安,0.0,1.0,1.18997884080879
2024-03-13,SELL,600938,中国海油,中国海油,1.0,0.0,1.18997884080879
2024-03-14,SELL,159949,创业板50,创业板50ETF华安,1.0,0.0,1.184358592917169
2024-03-14,BUY,600938,中国海油,中国海油,0.0,1.0,1.184358592917169
2024-03-18,BUY,159949,创业板50,创业板50ETF华安,0.0,1.0,1.1652260231551448
2024-03-18,SELL,600938,中国海油,中国海油,1.0,0.0,1.1652260231551448
2024-03-19,SELL,159949,创业板50,创业板50ETF华安,1.0,0.0,1.1484833412092987
2024-03-19,BUY,600938,中国海油,中国海油,0.0,1.0,1.1484833412092987
2024-04-11,BUY,159954,H股,H股ETF,0.0,1.0,1.1857853378445185
2024-04-11,SELL,600938,中国海油,中国海油,1.0,0.0,1.1857853378445185
2024-04-12,SELL,159954,H股,H股ETF,1.0,0.0,1.1631264488358581
2024-04-12,BUY,600938,中国海油,中国海油,0.0,1.0,1.1631264488358581
2024-04-15,BUY,159954,H股,H股ETF,0.0,1.0,1.1880178290334404
2024-04-15,SELL,600938,中国海油,中国海油,1.0,0.0,1.1880178290334404
2024-04-16,SELL,159954,H股,H股ETF,1.0,0.0,1.161265026307523
2024-04-16,BUY,518880,黄金ETF,黄金ETF华安,0.0,0.8,1.161265026307523
2024-04-18,SELL,518880,黄金ETF,黄金ETF华安,0.8,0.0,1.1590290703966173
2024-04-18,BUY,600938,中国海油,中国海油,0.0,1.0,1.1590290703966173
2024-04-22,BUY,518880,黄金ETF,黄金ETF华安,0.0,0.8,1.1478518782102154
2024-04-22,SELL,600938,中国海油,中国海油,1.0,0.0,1.1478518782102154
2024-04-23,BUY,159954,H股,H股ETF,0.0,1.0,1.1242416179149617
2024-04-23,SELL,518880,黄金ETF,黄金ETF华安,0.8,0.0,1.1242416179149617
2024-05-13,REDUCE,159954,H股,H股ETF,1.0,0.958385093167702,1.2862830681087118
2024-05-14,ADD,159954,H股,H股ETF,0.958385093167702,0.9901840490797549,1.284627689932587
2024-05-15,REDUCE,159954,H股,H股ETF,0.9901840490797549,0.9620155038759692,1.2862988398237676
2024-05-16,REDUCE,159954,H股,H股ETF,0.9620155038759692,0.9080870917573873,1.3108809872282914
2024-05-17,ADD,159954,H股,H股ETF,0.9080870917573873,0.9240369799691834,1.3139664617903328
2024-05-20,ADD,159954,H股,H股ETF,0.9240369799691834,0.9418816388467375,1.323403320001258
2024-05-21,ADD,159954,H股,H股ETF,0.9418816388467375,1.0,1.2928853156842113
2024-05-22,REDUCE,159954,H股,H股ETF,1.0,0.9553846153846155,1.2996789360027134
2024-05-23,ADD,159954,H股,H股ETF,0.9553846153846155,1.0,1.2882435666195078
2024-06-05,SELL,159954,H股,H股ETF,1.0,0.0,1.2477500615559125
2024-06-05,BUY,159941,纳指ETF,纳指ETF广发,0.0,1.0,1.2477500615559125
2024-06-19,SELL,159941,纳指ETF,纳指ETF广发,1.0,0.0,1.3349325046324405
2024-06-19,BUY,600938,中国海油,中国海油,0.0,1.0,1.3349325046324405
2024-06-24,BUY,511260,十年国债ETF,十年国债ETF,0.0,0.9973168525776306,1.3742622686030066
2024-06-24,SELL,600938,中国海油,中国海油,1.0,0.0,1.3742622686030066
2024-06-25,SELL,511260,十年国债ETF,十年国债ETF,0.9973168525776306,0.0,1.3743801540402907
2024-06-25,BUY,600938,中国海油,中国海油,0.0,1.0,1.3743801540402907
2024-06-28,REDUCE,600938,中国海油,中国海油,1.0,0.9613437782464593,1.4058688145173486
2024-07-01,REDUCE,600938,中国海油,中国海油,0.9613437782464593,0.8877587758775863,1.448300925329915
2024-07-02,REDUCE,600938,中国海油,中国海油,0.8877587758775863,0.7940040947645505,1.489986369325309
2024-07-03,ADD,600938,中国海油,中国海油,0.7940040947645505,0.9356812933025405,1.4790042381620707
2024-07-04,ADD,600938,中国海油,中国海油,0.9356812933025405,0.9949720670391062,1.4894363150384309
2024-07-05,ADD,600938,中国海油,中国海油,0.9949720670391062,1.0,1.455670399648886
2024-07-08,REDUCE,600938,中国海油,中国海油,1.0,0.9506750933639758,1.4762126655295864
2024-07-09,ADD,600938,中国海油,中国海油,0.9506750933639758,0.9938775510204081,1.4689734568400843
2024-07-10,ADD,600938,中国海油,中国海油,0.9938775510204081,1.0,1.4395397632414761
2024-07-17,BUY,159941,纳指ETF,纳指ETF广发,0.0,1.0,1.3930017468262574
2024-07-17,SELL,600938,中国海油,中国海油,1.0,0.0,1.3930017468262574
2024-07-18,SELL,159941,纳指ETF,纳指ETF广发,1.0,0.0,1.3684152659947741
2024-07-18,BUY,600938,中国海油,中国海油,0.0,1.0,1.3684152659947741
2024-07-19,BUY,511260,十年国债ETF,十年国债ETF,0.0,1.0,1.3140820069299686
2024-07-19,SELL,600938,中国海油,中国海油,1.0,0.0,1.3140820069299686
2024-07-22,BUY,518880,黄金ETF,黄金ETF华安,0.0,0.8,1.3155716897290108
2024-07-22,SELL,511260,十年国债ETF,十年国债ETF,1.0,0.0,1.3155716897290108
2024-08-02,ADD,518880,黄金ETF,黄金ETF华安,0.8,1.0,1.3318351343692023
2024-08-08,SELL,518880,黄金ETF,黄金ETF华安,1.0,0.0,1.29344671038583
2024-08-09,BUY,518880,黄金ETF,黄金ETF华安,0.0,1.0,1.2927999870306373
2024-08-21,SELL,518880,黄金ETF,黄金ETF华安,1.0,0.0,1.3259181637184108
2024-08-23,BUY,518880,黄金ETF,黄金ETF华安,0.0,1.0,1.3252552046365516
2024-08-26,REDUCE,518880,黄金ETF,黄金ETF华安,1.0,0.8,1.333308393340279
2024-09-04,ADD,518880,黄金ETF,黄金ETF华安,0.8,1.0,1.31872116555224
2024-09-06,REDUCE,518880,黄金ETF,黄金ETF华安,1.0,0.8,1.331623125001771
2024-09-09,SELL,518880,黄金ETF,黄金ETF华安,0.8,0.0,1.3227078635269427
2024-09-09,BUY,513880,日经ETF,日经225ETF华安,0.0,1.0,1.3227078635269427
2024-09-11,BUY,518880,黄金ETF,黄金ETF华安,0.0,0.8,1.3215174264497684
2024-09-11,SELL,513880,日经ETF,日经225ETF华安,1.0,0.0,1.3215174264497684
2024-09-12,SELL,518880,黄金ETF,黄金ETF华安,0.8,0.0,1.318231545620756
2024-09-12,BUY,513880,日经ETF,日经225ETF华安,0.0,1.0,1.318231545620756
2024-09-18,SELL,513880,日经ETF,日经225ETF华安,1.0,0.0,1.3060028380608506
2024-09-18,BUY,159985,豆粕,豆粕ETF,0.0,0.8,1.3060028380608506
2024-09-24,BUY,159954,H股,H股ETF,0.0,1.0,1.2923021239720005
2024-09-24,SELL,159985,豆粕,豆粕ETF,0.8,0.0,1.2923021239720005
2024-09-30,BUY,510300,沪深300,沪深300ETF华泰柏瑞,0.0,0.28,1.451532207104265
2024-09-30,BUY,159949,创业板50,创业板50ETF华安,0.0,0.72,1.451532207104265
2024-09-30,SELL,159954,H股,H股ETF,1.0,0.0,1.451532207104265
2024-10-08,REDUCE,510300,沪深300,沪深300ETF华泰柏瑞,0.28,0.028000000000000004,1.6771915054525341
2024-10-08,REDUCE,159949,创业板50,创业板50ETF华安,0.72,0.072,1.6771915054525341
2024-10-09,ADD,510300,沪深300,沪深300ETF华泰柏瑞,0.028000000000000004,0.28,1.6535490365347414
2024-10-09,ADD,159949,创业板50,创业板50ETF华安,0.072,0.72,1.6535490365347414
2024-10-17,SELL,510300,沪深300,沪深300ETF华泰柏瑞,0.28,0.0,1.4958723236625096
2024-10-17,ADD,159949,创业板50,创业板50ETF华安,0.72,1.0,1.4958723236625096
2024-10-18,BUY,510300,沪深300,沪深300ETF华泰柏瑞,0.0,0.28,1.6277944952890417
2024-10-18,REDUCE,159949,创业板50,创业板50ETF华安,1.0,0.72,1.6277944952890417
2024-10-31,SELL,510300,沪深300,沪深300ETF华泰柏瑞,0.28,0.0,1.5997959709979728
2024-10-31,ADD,159949,创业板50,创业板50ETF华安,0.72,1.0,1.5997959709979728
2024-11-04,BUY,510300,沪深300,沪深300ETF华泰柏瑞,0.0,0.28,1.6175789382912615
2024-11-04,REDUCE,159949,创业板50,创业板50ETF华安,1.0,0.72,1.6175789382912615
2024-11-11,SELL,159949,创业板50,创业板50ETF华安,0.72,0.0,1.7441808026673662
2024-11-11,BUY,159941,纳指ETF,纳指ETF广发,0.0,0.72,1.7441808026673662
2024-11-15,BUY,159949,创业板50,创业板50ETF华安,0.0,0.72,1.7038562142443223
2024-11-15,SELL,159941,纳指ETF,纳指ETF广发,0.72,0.0,1.7038562142443223
2024-11-18,SELL,510300,沪深300,沪深300ETF华泰柏瑞,0.28,0.0,1.6734938169770797
2024-11-18,SELL,159949,创业板50,创业板50ETF华安,0.72,0.0,1.6734938169770797
2024-11-18,BUY,159985,豆粕,豆粕ETF,0.0,0.8,1.6734938169770797
2024-11-19,BUY,510300,沪深300,沪深300ETF华泰柏瑞,0.0,0.28,1.6789870976492494
2024-11-19,BUY,159949,创业板50,创业板50ETF华安,0.0,0.72,1.6789870976492494
2024-11-19,SELL,159985,豆粕,豆粕ETF,0.8,0.0,1.6789870976492494
2024-11-22,SELL,510300,沪深300,沪深300ETF华泰柏瑞,0.28,0.0,1.6165181498684729
2024-11-22,SELL,159949,创业板50,创业板50ETF华安,0.72,0.0,1.6165181498684729
2024-11-22,BUY,159985,豆粕,豆粕ETF,0.0,0.8,1.6165181498684729
2024-11-25,BUY,159941,纳指ETF,纳指ETF广发,0.0,1.0,1.6219432123239366
2024-11-25,SELL,159985,豆粕,豆粕ETF,0.8,0.0,1.6219432123239366
2024-11-27,BUY,510300,沪深300,沪深300ETF华泰柏瑞,0.0,0.28,1.6232415750592717
2024-11-27,SELL,159941,纳指ETF,纳指ETF广发,1.0,0.0,1.6232415750592717
2024-11-27,BUY,159985,豆粕,豆粕ETF,0.0,0.576,1.6232415750592717
2024-11-28,BUY,159941,纳指ETF,纳指ETF广发,0.0,0.72,1.6174098163461343
2024-11-28,SELL,159985,豆粕,豆粕ETF,0.576,0.0,1.6174098163461343
2024-12-02,SELL,159941,纳指ETF,纳指ETF广发,0.72,0.0,1.629738213298293
2024-12-02,BUY,159985,豆粕,豆粕ETF,0.0,0.576,1.629738213298293
2024-12-03,BUY,159941,纳指ETF,纳指ETF广发,0.0,0.72,1.6201859777086556
2024-12-03,SELL,159985,豆粕,豆粕ETF,0.576,0.0,1.6201859777086556
2024-12-20,SELL,159941,纳指ETF,纳指ETF广发,0.72,0.0,1.644245575943942
2024-12-20,BUY,600938,中国海油,中国海油,0.0,0.72,1.644245575943942
2024-12-23,BUY,159941,纳指ETF,纳指ETF广发,0.0,0.72,1.6889521573661659
2024-12-23,SELL,600938,中国海油,中国海油,0.72,0.0,1.6889521573661659
2024-12-30,SELL,510300,沪深300,沪深300ETF华泰柏瑞,0.28,0.0,1.6831111797753278
2024-12-30,SELL,159941,纳指ETF,纳指ETF广发,0.72,0.0,1.6831111797753278
2024-12-30,BUY,600938,中国海油,中国海油,0.0,1.0,1.6831111797753278
2025-01-06,SELL,600938,中国海油,中国海油,1.0,0.0,1.633899140106014
2025-01-07,BUY,511260,十年国债ETF,十年国债ETF,0.0,1.0,1.633082190535961
2025-01-08,SELL,511260,十年国债ETF,十年国债ETF,1.0,0.0,1.6320982093658662
2025-01-10,BUY,518880,黄金ETF,黄金ETF华安,0.0,0.8,1.6314453700821199
2025-01-13,SELL,518880,黄金ETF,黄金ETF华安,0.8,0.0,1.633998281451402
2025-01-14,BUY,511260,十年国债ETF,十年国债ETF,0.0,1.0,1.6331812823106764
2025-01-20,SELL,511260,十年国债ETF,十年国债ETF,1.0,0.0,1.6297272302879895
2025-01-20,BUY,600938,中国海油,中国海油,0.0,1.0,1.6297272302879895
2025-01-21,BUY,159985,豆粕,豆粕ETF,0.0,0.8,1.5899264651536789
2025-01-21,SELL,600938,中国海油,中国海油,1.0,0.0,1.5899264651536789
2025-02-10,BUY,159954,H股,H股ETF,0.0,1.0,1.610404254067063
2025-02-10,SELL,159985,豆粕,豆粕ETF,0.8,0.0,1.610404254067063
2025-03-25,SELL,159954,H股,H股ETF,1.0,0.0,1.7600139738197362
2025-03-25,BUY,518880,黄金ETF,黄金ETF华安,0.0,0.8,1.7600139738197362
2025-03-28,ADD,518880,黄金ETF,黄金ETF华安,0.8,1.0,1.7938913851091511
2025-03-31,REDUCE,518880,黄金ETF,黄金ETF华安,1.0,0.8,1.8128435450772744
2025-04-03,ADD,518880,黄金ETF,黄金ETF华安,0.8,1.0,1.8296209376581958
2025-04-29,REDUCE,518880,黄金ETF,黄金ETF华安,1.0,0.8,1.9385234370338056
2025-05-09,SELL,518880,黄金ETF,黄金ETF华安,0.8,0.0,1.939769815631558
2025-05-09,BUY,513880,日经ETF,日经225ETF华安,0.0,1.0,1.939769815631558
2025-05-13,BUY,518880,黄金ETF,黄金ETF华安,0.0,0.8,1.922185787841492
2025-05-13,SELL,513880,日经ETF,日经225ETF华安,1.0,0.0,1.922185787841492
2025-05-14,SELL,518880,黄金ETF,黄金ETF华安,0.8,0.0,1.9089309902849407
2025-05-14,BUY,513880,日经ETF,日经225ETF华安,0.0,1.0,1.9089309902849407
2025-05-15,BUY,159941,纳指ETF,纳指ETF广发,0.0,1.0,1.8999274831812083
2025-05-15,SELL,513880,日经ETF,日经225ETF华安,1.0,0.0,1.8999274831812083
2025-05-20,BUY,159949,创业板50,创业板50ETF华安,0.0,1.0,1.9028777112918045
2025-05-20,SELL,159941,纳指ETF,纳指ETF广发,1.0,0.0,1.9028777112918045
2025-05-23,SELL,159949,创业板50,创业板50ETF华安,1.0,0.0,1.8821325720141862
2025-05-23,BUY,159941,纳指ETF,纳指ETF广发,0.0,1.0,1.8821325720141862
2025-06-13,SELL,159941,纳指ETF,纳指ETF广发,1.0,0.0,1.9079971907186628
2025-06-13,BUY,600938,中国海油,中国海油,0.0,1.0,1.9079971907186628
2025-06-19,BUY,159985,豆粕,豆粕ETF,0.0,0.8,1.857357763331827
2025-06-19,SELL,600938,中国海油,中国海油,1.0,0.0,1.857357763331827
2025-06-20,SELL,159985,豆粕,豆粕ETF,0.8,0.0,1.8489989840787209
2025-06-20,BUY,600938,中国海油,中国海油,0.0,1.0,1.8489989840787209
2025-06-24,BUY,159985,豆粕,豆粕ETF,0.0,0.8,1.8100720175084715
2025-06-24,SELL,600938,中国海油,中国海油,1.0,0.0,1.8100720175084715
2025-06-25,BUY,512890,红利低波ETF,红利低波ETF华泰柏瑞,0.0,0.8,1.7895084221069624
2025-06-25,SELL,159985,豆粕,豆粕ETF,0.8,0.0,1.7895084221069624
2025-06-26,BUY,513880,日经ETF,日经225ETF华安,0.0,1.0,1.793852561827739
2025-06-26,SELL,512890,红利低波ETF,红利低波ETF华泰柏瑞,0.8,0.0,1.793852561827739
2025-06-30,BUY,159941,纳指ETF,纳指ETF广发,0.0,1.0,1.8403896041928842
2025-06-30,SELL,513880,日经ETF,日经225ETF华安,1.0,0.0,1.8403896041928842
2025-07-01,BUY,159949,创业板50,创业板50ETF华安,0.0,1.0,1.8295514207163157
2025-07-01,SELL,159941,纳指ETF,纳指ETF广发,1.0,0.0,1.8295514207163157
2025-07-24,BUY,510300,沪深300,沪深300ETF华泰柏瑞,0.0,0.28,2.0136560008376585
2025-07-24,REDUCE,159949,创业板50,创业板50ETF华安,1.0,0.72,2.0136560008376585
2025-07-28,SELL,510300,沪深300,沪深300ETF华泰柏瑞,0.28,0.0,2.0267659899280415
2025-07-28,ADD,159949,创业板50,创业板50ETF华安,0.72,0.9191536748329623,2.0267659899280415
2025-07-29,BUY,510300,沪深300,沪深300ETF华泰柏瑞,0.0,0.27013789838244756,2.062851642894477
2025-07-29,REDUCE,159949,创业板50,创业板50ETF华安,0.9191536748329623,0.6946403101262937,2.062851642894477
2025-07-30,ADD,510300,沪深300,沪深300ETF华泰柏瑞,0.27013789838244756,0.28,2.0413869620668996
2025-07-30,ADD,159949,创业板50,创业板50ETF华安,0.6946403101262937,0.72,2.0413869620668996
2025-07-31,SELL,510300,沪深300,沪深300ETF华泰柏瑞,0.28,0.0,1.9975829379155514
2025-07-31,ADD,159949,创业板50,创业板50ETF华安,0.72,1.0,1.9975829379155514
2025-08-13,REDUCE,159949,创业板50,创业板50ETF华安,1.0,0.9948118006103763,2.1554815214594614
2025-08-14,ADD,159949,创业板50,创业板50ETF华安,0.9948118006103763,1.0,2.142227871463765
2025-08-15,REDUCE,159949,创业板50,创业板50ETF华安,1.0,0.9696878147029204,2.2011723641511893
2025-08-18,REDUCE,159949,创业板50,创业板50ETF华安,0.9696878147029204,0.8733063700707792,2.260097497299661
2025-08-19,ADD,159949,创业板50,创业板50ETF华安,0.8733063700707792,0.9435643564356437,2.261678058788487
2025-08-20,BUY,510300,沪深300,沪深300ETF华泰柏瑞,0.0,0.2677310408501936,2.2700510117523334
2025-08-20,REDUCE,159949,创业板50,创业板50ETF华安,0.9435643564356437,0.6884512479004977,2.2700510117523334
2025-08-21,ADD,510300,沪深300,沪深300ETF华泰柏瑞,0.2677310408501936,0.2798547912811698,2.260181634626124
2025-08-21,ADD,159949,创业板50,创业板50ETF华安,0.6884512479004977,0.7196266061515794,2.260181634626124
2025-08-22,REDUCE,510300,沪深300,沪深300ETF华泰柏瑞,0.2798547912811698,0.2606522258776235,2.3377783498072335
2025-08-22,REDUCE,159949,创业板50,创业板50ETF华安,0.7196266061515794,0.6702485808281745,2.3377783498072335
2025-08-25,REDUCE,510300,沪深300,沪深300ETF华泰柏瑞,0.2606522258776235,0.22415513134522314,2.3925644748688537
2025-08-25,REDUCE,159949,创业板50,创业板50ETF华安,0.6702485808281745,0.5763989091734308,2.3925644748688537
2025-08-26,ADD,510300,沪深300,沪深300ETF华泰柏瑞,0.22415513134522314,0.25368827412007733,2.3809048230442538
2025-08-26,ADD,159949,创业板50,创业板50ETF华安,0.5763989091734308,0.6523412763087703,2.3809048230442538
2025-08-27,ADD,510300,沪深300,沪深300ETF华泰柏瑞,0.25368827412007733,0.2602308240996338,2.362221403539713
2025-08-27,ADD,159949,创业板50,创业板50ETF华安,0.6523412763087703,0.6691649762562011,2.362221403539713
2025-08-28,REDUCE,510300,沪深300,沪深300ETF华泰柏瑞,0.2602308240996338,0.19001843380214692,2.448063147027527
2025-08-28,REDUCE,159949,创业板50,创业板50ETF华安,0.6691649762562011,0.48861882977694915,2.448063147027527
2025-08-29,REDUCE,510300,沪深300,沪深300ETF华泰柏瑞,0.19001843380214692,0.0962513131817162,2.482088479203545
2025-08-29,REDUCE,159949,创业板50,创业板50ETF华安,0.48861882977694915,0.2475033767529845,2.482088479203545
2025-09-01,REDUCE,510300,沪深300,沪深300ETF华泰柏瑞,0.0962513131817162,0.07700829330994294,2.4974301154652876
2025-09-01,REDUCE,159949,创业板50,创业板50ETF华安,0.2475033767529845,0.19802132565413896,2.4974301154652876
2025-09-02,ADD,510300,沪深300,沪深300ETF华泰柏瑞,0.07700829330994294,0.28,2.4817695537123723
2025-09-02,ADD,159949,创业板50,创业板50ETF华安,0.19802132565413896,0.72,2.4817695537123723
2025-09-03,REDUCE,510300,沪深300,沪深300ETF华泰柏瑞,0.28,0.14114708101679505,2.4990172880206982
2025-09-03,REDUCE,159949,创业板50,创业板50ETF华安,0.72,0.36294963690033005,2.4990172880206982
2025-09-04,ADD,510300,沪深300,沪深300ETF华泰柏瑞,0.14114708101679505,0.28,2.447656831397721
2025-09-04,ADD,159949,创业板50,创业板50ETF华安,0.36294963690033005,0.72,2.447656831397721
2025-09-05,REDUCE,510300,沪深300,沪深300ETF华泰柏瑞,0.28,0.04342433227719707,2.6051837916949507
2025-09-05,REDUCE,159949,创业板50,创业板50ETF华安,0.72,0.11166256871279244,2.6051837916949507
2025-09-08,ADD,510300,沪深300,沪深300ETF华泰柏瑞,0.04342433227719707,0.07159615594493328,2.5990261247316586
2025-09-08,ADD,159949,创业板50,创业板50ETF华安,0.11166256871279244,0.18410440100125697,2.5990261247316586
2025-09-09,ADD,510300,沪深300,沪深300ETF华泰柏瑞,0.07159615594493328,0.28,2.5867943237471285
2025-09-09,ADD,159949,创业板50,创业板50ETF华安,0.18410440100125697,0.72,2.5867943237471285
2025-09-11,REDUCE,510300,沪深300,沪深300ETF华泰柏瑞,0.28,0.028000000000000004,2.7403516382970117
2025-09-11,REDUCE,159949,创业板50,创业板50ETF华安,0.72,0.072,2.7403516382970117
2025-09-15,ADD,510300,沪深300,沪深300ETF华泰柏瑞,0.028000000000000004,0.03296945753169235,2.7405434437964407
2025-09-15,ADD,159949,创业板50,创业板50ETF华安,0.072,0.08477860508149461,2.7405434437964407
2025-09-16,ADD,510300,沪深300,沪深300ETF华泰柏瑞,0.03296945753169235,0.04094904452897773,2.7429156251030156
2025-09-16,ADD,159949,创业板50,创业板50ETF华安,0.08477860508149461,0.10529754307451415,2.7429156251030156
2025-09-17,ADD,510300,沪深300,沪深300ETF华泰柏瑞,0.04094904452897773,0.06592263090449836,2.748962277769711
2025-09-17,ADD,159949,创业板50,创业板50ETF华安,0.10529754307451415,0.1695153366115672,2.748962277769711
2025-09-18,ADD,510300,沪深300,沪深300ETF华泰柏瑞,0.06592263090449836,0.08054761683654789,2.738721424090068
2025-09-18,ADD,159949,创业板50,创业板50ETF华安,0.1695153366115672,0.20712244329398025,2.738721424090068
2025-09-19,ADD,510300,沪深300,沪深300ETF华泰柏瑞,0.08054761683654789,0.14873362823926034,2.7388680829669183
2025-09-19,ADD,159949,创业板50,创业板50ETF华安,0.20712244329398025,0.3824579011866694,2.7388680829669183
2025-09-22,ADD,510300,沪深300,沪深300ETF华泰柏瑞,0.14873362823926034,0.20990203366790694,2.747814365050141
2025-09-22,ADD,159949,创业板50,创业板50ETF华安,0.3824579011866694,0.5397480865746178,2.747814365050141
2025-09-23,REDUCE,510300,沪深300,沪深300ETF华泰柏瑞,0.20990203366790694,0.19301332703994414,2.758222619016195
2025-09-23,REDUCE,159949,创业板50,创业板50ETF华安,0.5397480865746178,0.49631998381699916,2.758222619016195
2025-09-24,REDUCE,510300,沪深300,沪深300ETF华泰柏瑞,0.19301332703994414,0.13828963366062735,2.7895694078798323
2025-09-24,REDUCE,159949,创业板50,创业板50ETF华安,0.49631998381699916,0.3556019151273275,2.7895694078798323
2025-09-25,REDUCE,510300,沪深300,沪深300ETF华泰柏瑞,0.13828963366062735,0.0769903771480893,2.8083873201956226
2025-09-25,REDUCE,159949,创业板50,创业板50ETF华安,0.3556019151273275,0.1979752555236582,2.8083873201956226
2025-09-26,ADD,510300,沪深300,沪深300ETF华泰柏瑞,0.0769903771480893,0.28,2.791539708728229
2025-09-26,ADD,159949,创业板50,创业板50ETF华安,0.1979752555236582,0.72,2.791539708728229
2025-09-29,REDUCE,510300,沪深300,沪深300ETF华泰柏瑞,0.28,0.23497708541432105,2.8675643144980776
2025-09-29,REDUCE,159949,创业板50,创业板50ETF华安,0.72,0.6042267910653969,2.8675643144980776
2025-09-30,REDUCE,510300,沪深300,沪深300ETF华泰柏瑞,0.23497708541432105,0.22640749291491055,2.8671214675677708
2025-09-30,REDUCE,159949,创业板50,创业板50ETF华安,0.6042267910653969,0.5821906960669128,2.8671214675677708
2025-10-09,REDUCE,510300,沪深300,沪深300ETF华泰柏瑞,0.22640749291491055,0.17761769058096508,2.883655324163409
2025-10-09,REDUCE,159949,创业板50,创业板50ETF华安,0.5821906960669128,0.45673120435105297,2.883655324163409
2025-10-10,ADD,510300,沪深300,沪深300ETF华泰柏瑞,0.17761769058096508,0.28,2.8062477924030604
2025-10-10,ADD,159949,创业板50,创业板50ETF华安,0.45673120435105297,0.72,2.8062477924030604
2025-10-13,SELL,159949,创业板50,创业板50ETF华安,0.72,0.0,2.766658342569527
2025-10-13,BUY,513880,日经ETF,日经225ETF华安,0.0,0.72,2.766658342569527
2025-10-27,REDUCE,510300,沪深300,沪深300ETF华泰柏瑞,0.28,0.2727357841323596,3.0058697658996385
2025-10-27,REDUCE,513880,日经ETF,日经225ETF华安,0.72,0.7013205877689246,3.0058697658996385
2025-10-28,REDUCE,510300,沪深300,沪深300ETF华泰柏瑞,0.2727357841323596,0.2716714137915526,3.009917417066389
2025-10-28,REDUCE,513880,日经ETF,日经225ETF华安,0.7013205877689246,0.6985836354639922,3.009917417066389
2025-10-29,REDUCE,510300,沪深300,沪深300ETF华泰柏瑞,0.2716714137915526,0.2566236048344721,3.0892944999176355
2025-10-29,REDUCE,513880,日经ETF,日经225ETF华安,0.6985836354639922,0.6598892695743568,3.0892944999176355
2025-10-30,ADD,510300,沪深300,沪深300ETF华泰柏瑞,0.2566236048344721,0.2602716216659201,3.0731663877958146
2025-10-30,ADD,513880,日经ETF,日经225ETF华安,0.6598892695743568,0.6692698842837945,3.0731663877958146
2025-10-31,REDUCE,510300,沪深300,沪深300ETF华泰柏瑞,0.2602716216659201,0.24570997833935118,3.1223703218937415
2025-10-31,REDUCE,513880,日经ETF,日经225ETF华安,0.6692698842837945,0.631825658586903,3.1223703218937415
2025-11-03,REDUCE,510300,沪深300,沪深300ETF华泰柏瑞,0.24570997833935118,0.13994075943936407,3.158715955062948
2025-11-03,REDUCE,513880,日经ETF,日经225ETF华安,0.631825658586903,0.35984766712979327,3.158715955062948
2025-11-04,ADD,510300,沪深300,沪深300ETF华泰柏瑞,0.13994075943936407,0.28,3.0893561249571464
2025-11-04,ADD,513880,日经ETF,日经225ETF华安,0.35984766712979327,0.72,3.0893561249571464
2025-11-13,SELL,513880,日经ETF,日经225ETF华安,0.72,0.0,3.1135541294695623
2025-11-13,BUY,600938,中国海油,中国海油,0.0,0.72,3.1135541294695623
2025-11-21,REDUCE,510300,沪深300,沪深300ETF华泰柏瑞,0.28,0.27,3.063438240502063
2025-11-21,ADD,600938,中国海油,中国海油,0.72,0.73,3.063438240502063
2025-11-24,SELL,510300,沪深300,沪深300ETF华泰柏瑞,0.27,0.0,2.9910073823931493
2025-11-24,ADD,600938,中国海油,中国海油,0.73,1.0,2.9910073823931493
2025-11-26,BUY,159985,豆粕,豆粕ETF,0.0,0.8,2.9684044342670473
2025-11-26,SELL,600938,中国海油,中国海油,1.0,0.0,2.9684044342670473
2025-12-01,BUY,512890,红利低波ETF,红利低波ETF华泰柏瑞,0.0,0.8,2.931795046082007
2025-12-01,SELL,159985,豆粕,豆粕ETF,0.8,0.0,2.931795046082007
2025-12-02,SELL,512890,红利低波ETF,红利低波ETF华泰柏瑞,0.8,0.0,2.9233513310910717
2025-12-02,BUY,600938,中国海油,中国海油,0.0,1.0,2.9233513310910717
2025-12-05,BUY,510300,沪深300,沪深300ETF华泰柏瑞,0.0,0.28,2.940699888456886
2025-12-05,REDUCE,600938,中国海油,中国海油,1.0,0.72,2.940699888456886
2025-12-08,SELL,510300,沪深300,沪深300ETF华泰柏瑞,0.28,0.0,2.915028853133519
2025-12-08,BUY,518880,黄金ETF,黄金ETF华安,0.0,0.8,2.915028853133519
2025-12-08,SELL,600938,中国海油,中国海油,0.72,0.0,2.915028853133519
2025-12-11,ADD,518880,黄金ETF,黄金ETF华安,0.8,1.0,2.9147563869107533
2025-12-17,REDUCE,518880,黄金ETF,黄金ETF华安,1.0,0.8,2.978448773209978
2025-12-18,ADD,518880,黄金ETF,黄金ETF华安,0.8,1.0,2.980198207166312
2025-12-19,REDUCE,518880,黄金ETF,黄金ETF华安,1.0,0.8,2.9783011853133217
2025-12-23,BUY,159949,创业板50,创业板50ETF华安,0.0,1.0,3.0588133716625734
2025-12-23,SELL,518880,黄金ETF,黄金ETF华安,0.8,0.0,3.0588133716625734
2026-01-06,BUY,510300,沪深300,沪深300ETF华泰柏瑞,0.0,0.27,3.143930931371339
2026-01-06,REDUCE,159949,创业板50,创业板50ETF华安,1.0,0.73,3.143930931371339
2026-01-09,SELL,510300,沪深300,沪深300ETF华泰柏瑞,0.27,0.0,3.128480088094718
2026-01-09,ADD,159949,创业板50,创业板50ETF华安,0.73,1.0,3.128480088094718
2026-01-12,BUY,510300,沪深300,沪深300ETF华泰柏瑞,0.0,0.27,3.1755379189325166
2026-01-12,REDUCE,159949,创业板50,创业板50ETF华安,1.0,0.73,3.1755379189325166
2026-01-14,SELL,159949,创业板50,创业板50ETF华安,0.73,0.0,3.1362652819291297
2026-01-14,BUY,518880,黄金ETF,黄金ETF华安,0.0,0.584,3.1362652819291297
2026-01-15,SELL,510300,沪深300,沪深300ETF华泰柏瑞,0.27,0.0,3.1269185785676883
2026-01-15,ADD,518880,黄金ETF,黄金ETF华安,0.584,0.8,3.1269185785676883
2026-01-21,SELL,518880,黄金ETF,黄金ETF华安,0.8,0.0,3.252920378234773
2026-01-21,BUY,600938,中国海油,中国海油,0.0,1.0,3.252920378234773
2026-01-26,REDUCE,600938,中国海油,中国海油,1.0,0.955510204081633,3.564810292230029
2026-01-27,REDUCE,600938,中国海油,中国海油,0.955510204081633,0.9067132867132865,3.5410037515657695
2026-01-28,REDUCE,600938,中国海油,中国海油,0.9067132867132865,0.15409052572392506,3.76323858709612
2026-01-29,REDUCE,600938,中国海油,中国海油,0.15409052572392506,0.117477876106194,3.776982130218897
2026-01-30,ADD,600938,中国海油,中国海油,0.117477876106194,1.0,3.7644287618204237
2026-02-24,REDUCE,600938,中国海油,中国海油,1.0,0.1,3.942226274263889
2026-02-25,BUY,510300,沪深300,沪深300ETF华泰柏瑞,0.0,0.28,3.931646332733889
2026-02-25,ADD,600938,中国海油,中国海油,0.1,0.72,3.931646332733889
2026-02-26,SELL,510300,沪深300,沪深300ETF华泰柏瑞,0.28,0.0,3.855730767720082
2026-02-26,ADD,600938,中国海油,中国海油,0.72,1.0,3.855730767720082
2026-03-02,REDUCE,600938,中国海油,中国海油,1.0,0.1,4.287285145020274
2026-03-05,ADD,600938,中国海油,中国海油,0.1,1.0,4.310123657087722
2026-03-09,REDUCE,600938,中国海油,中国海油,1.0,0.1,4.490106673737604
2026-03-10,ADD,600938,中国海油,中国海油,0.1,1.0,4.463465215829892
2026-03-12,REDUCE,600938,中国海油,中国海油,1.0,0.7930069930069926,4.683105851618994
2026-03-13,ADD,600938,中国海油,中国海油,0.7930069930069926,1.0,4.596030002102553
2026-04-07,BUY,159985,豆粕,豆粕ETF,0.0,0.8,4.347128564989798
2026-04-07,SELL,600938,中国海油,中国海油,1.0,0.0,4.347128564989798
2026-04-08,BUY,159949,创业板50,创业板50ETF华安,0.0,1.0,4.319545092895929
2026-04-08,SELL,159985,豆粕,豆粕ETF,0.8,0.0,4.319545092895929
2026-04-22,REDUCE,159949,创业板50,创业板50ETF华安,1.0,0.9573653471771577,4.91899854018709
2026-04-23,ADD,159949,创业板50,创业板50ETF华安,0.9573653471771577,1.0,4.890195086430568
2026-04-27,SELL,159949,创业板50,创业板50ETF华安,1.0,0.0,4.760040663360955
2026-04-27,BUY,159941,纳指ETF,纳指ETF广发,0.0,1.0,4.760040663360955
2026-04-28,SELL,159941,纳指ETF,纳指ETF广发,1.0,0.0,4.778237149841653
2026-04-28,BUY,513880,日经ETF,日经225ETF华安,0.0,1.0,4.778237149841653
2026-04-29,BUY,159949,创业板50,创业板50ETF华安,0.0,1.0,4.755751327960045
2026-04-29,SELL,513880,日经ETF,日经225ETF华安,1.0,0.0,4.755751327960045
2026-04-30,SELL,159949,创业板50,创业板50ETF华安,1.0,0.0,4.734844883453732
2026-04-30,BUY,159941,纳指ETF,纳指ETF广发,0.0,1.0,4.734844883453732
2026-05-06,BUY,159949,创业板50,创业板50ETF华安,0.0,0.9642995480955456,4.860144956528476
2026-05-06,SELL,159941,纳指ETF,纳指ETF广发,1.0,0.0,4.860144956528476
2026-05-07,SELL,159949,创业板50,创业板50ETF华安,0.9642995480955456,0.0,4.930810388768734
2026-05-07,BUY,159941,纳指ETF,纳指ETF广发,0.0,0.8454545454545425,4.930810388768734
2026-05-08,REDUCE,159941,纳指ETF,纳指ETF广发,0.8454545454545425,0.563157894736839,4.938250107948154
2026-05-11,BUY,159949,创业板50,创业板50ETF华安,0.0,0.275382568196939,5.002968215449323
2026-05-11,SELL,159941,纳指ETF,纳指ETF广发,0.563157894736839,0.0,5.002968215449323
2026-05-12,ADD,159949,创业板50,创业板50ETF华安,0.275382568196939,0.49999999999999933,5.001676690470626
2026-05-13,REDUCE,159949,创业板50,创业板50ETF华安,0.49999999999999933,0.1,5.076203263516886
2026-05-14,ADD,159949,创业板50,创业板50ETF华安,0.1,0.16599326599326697,5.0661134737657925
2026-05-15,ADD,159949,创业板50,创业板50ETF华安,0.16599326599326697,1.0,5.0578265638596696
2026-05-21,SELL,159949,创业板50,创业板50ETF华安,1.0,0.0,4.913897714917701
2026-05-21,BUY,159941,纳指ETF,纳指ETF广发,0.0,1.0,4.913897714917701
2026-05-25,BUY,159949,创业板50,创业板50ETF华安,0.0,0.9909307875894988,5.173167863011459
2026-05-25,SELL,159941,纳指ETF,纳指ETF广发,1.0,0.0,5.173167863011459
2026-05-26,BUY,510300,沪深300,沪深300ETF华泰柏瑞,0.0,0.27,5.218303330524183
2026-05-26,SELL,159949,创业板50,创业板50ETF华安,0.9909307875894988,0.0,5.218303330524183
2026-05-26,BUY,159941,纳指ETF,纳指ETF广发,0.0,0.73,5.218303330524183
2026-05-29,SELL,510300,沪深300,沪深300ETF华泰柏瑞,0.27,0.0,5.391539599457163
2026-05-29,ADD,159941,纳指ETF,纳指ETF广发,0.73,0.7799999999999978,5.391539599457163
2026-06-01,REDUCE,159941,纳指ETF,纳指ETF广发,0.7799999999999978,0.2850746268656705,5.563939287466406
