total_return,annualized_return,annualized_volatility,sharpe_rf0,max_drawdown,max_drawdown_integral,trade_count,avg_exposure,latest_holding_code,latest_holding_theme,latest_holding_name,latest_momentum,latest_exposure,strategy,risk_cap,enter_days,exit_days,annualized_diff,sharpe_diff,max_drawdown_integral_diff,is_valid_change,drawdown_integral_definition,drawdown_integral_recomputed
18.110113849330887,0.2347060350675354,0.2015201121345638,1.1646779697641885,-0.2175205568349622,39.147066788858126,1566,0.8128408355398647,159941,纳指ETF,纳指ETF广发,0.1170523751304612,1.0,regime_mix_rm511580_rm513650_volume_guard_ag28_co27_vr91_vs90_vb01_vg30_cap08_hi04_dd02_rm06_vm16_oh25_ohh32__proxy_hybrid_breadth_blend_vr91_vs90_vb-1__edge_rc186_vg283_oc066_oh030__stressbond_511260_vr90_vb-1__prs_rc184_en01_ex01,0.184,1.0,1.0,1.3901190423437626e-05,8.641262218223034e-05,-0.0094003845698438,True,full_history,False
18.43363599344147,0.2361882073812478,0.2005213880623285,1.177870399080984,-0.2199083098678507,39.658810394865434,1571,0.8128408355398647,159941,纳指ETF,纳指ETF广发,0.1170523751304612,1.0,regime_mix_rm511580_rm513650_volume_guard_ag28_co27_vr91_vs90_vb01_vg30_cap08_hi04_dd02_rm06_vm16_oh25_ohh32__proxy_hybrid_breadth_blend_vr91_vs90_vb-1__edge_rc186_vg283_oc066_oh030__stressbond_511260_vr90_vb-1__prs_rc184_en01_ex02,0.184,1.0,2.0,0.0014960735041358,0.0132788419389777,0.5023432214374637,False,full_history,False
18.430121349759723,0.2361722290048828,0.2005252013719669,1.1777683173437736,-0.2199458831682208,39.66443769393037,1571,0.8128408355398647,159941,纳指ETF,纳指ETF广发,0.1170523751304612,1.0,regime_mix_rm511580_rm513650_volume_guard_ag28_co27_vr91_vs90_vb01_vg30_cap08_hi04_dd02_rm06_vm16_oh25_ohh32__proxy_hybrid_breadth_blend_vr91_vs90_vb-1__edge_rc186_vg283_oc066_oh030__stressbond_511260_vr90_vb-1__prs_rc186_en01_ex02,0.186,1.0,2.0,0.0014800951277709,0.0131767602017673,0.507970520502397,False,full_history,False
18.42660492113788,0.236156239827779,0.2005290604751467,1.17766591669165,-0.2199834591908674,39.67006582031901,1571,0.8128408355398647,159941,纳指ETF,纳指ETF广发,0.1170523751304612,1.0,regime_mix_rm511580_rm513650_volume_guard_ag28_co27_vr91_vs90_vb01_vg30_cap08_hi04_dd02_rm06_vm16_oh25_ohh32__proxy_hybrid_breadth_blend_vr91_vs90_vb-1__edge_rc186_vg283_oc066_oh030__stressbond_511260_vr90_vb-1__prs_rc188_en01_ex02,0.188,1.0,2.0,0.001464105950667,0.0130743595496438,0.5135986468910403,False,full_history,False
18.2544178677819,0.2353700001292413,0.2025992761426654,1.1617514366808477,-0.2335657674972615,41.39382018023609,1521,0.8128408355398647,159941,纳指ETF,纳指ETF广发,0.1170523751304612,1.0,regime_mix_rm511580_rm513650_volume_guard_ag28_co27_vr91_vs90_vb01_vg30_cap08_hi04_dd02_rm06_vm16_oh25_ohh32__proxy_hybrid_breadth_blend_vr91_vs90_vb-1__edge_rc186_vg283_oc066_oh030__stressbond_511260_vr90_vb-1__prs_rc184_en02_ex01,0.184,2.0,1.0,0.0006778662521293,-0.0028401204611585,2.237353006808121,False,full_history,False
18.251679607440785,0.235357444039407,0.2026012161711674,1.1616783378070423,-0.2335690966030685,41.39489708355653,1521,0.8128408355398647,159941,纳指ETF,纳指ETF广发,0.1170523751304612,1.0,regime_mix_rm511580_rm513650_volume_guard_ag28_co27_vr91_vs90_vb01_vg30_cap08_hi04_dd02_rm06_vm16_oh25_ohh32__proxy_hybrid_breadth_blend_vr91_vs90_vb-1__edge_rc186_vg283_oc066_oh030__stressbond_511260_vr90_vb-1__prs_rc186_en02_ex01,0.186,2.0,1.0,0.000665310162295,-0.0029132193349639,2.238429910128559,False,full_history,False
18.248940395428097,0.2353448819264931,0.2026031816213871,1.1616050648518037,-0.2335724277929286,41.39597466074754,1521,0.8128408355398647,159941,纳指ETF,纳指ETF广发,0.1170523751304612,1.0,regime_mix_rm511580_rm513650_volume_guard_ag28_co27_vr91_vs90_vb01_vg30_cap08_hi04_dd02_rm06_vm16_oh25_ohh32__proxy_hybrid_breadth_blend_vr91_vs90_vb-1__edge_rc186_vg283_oc066_oh030__stressbond_511260_vr90_vb-1__prs_rc188_en02_ex01,0.188,2.0,1.0,0.0006527480493812,-0.0029864922902027,2.239507487319571,False,full_history,False
18.243501279986,0.2353199330499975,0.2020972966761891,1.1643893160384002,-0.2318572720765899,41.065028383723785,1523,0.8128408355398647,159941,纳指ETF,纳指ETF广发,0.1170523751304612,1.0,regime_mix_rm511580_rm513650_volume_guard_ag28_co27_vr91_vs90_vb01_vg30_cap08_hi04_dd02_rm06_vm16_oh25_ohh32__proxy_hybrid_breadth_blend_vr91_vs90_vb-1__edge_rc186_vg283_oc066_oh030__stressbond_511260_vr90_vb-1__prs_rc184_en02_ex02,0.184,2.0,2.0,0.0006277991728855,-0.000202241103606,1.9085612102958152,False,full_history,False
18.240666649892148,0.2353069281865709,0.2020997521426599,1.1643108202352983,-0.2318568191731975,41.064376789380894,1523,0.8128408355398647,159941,纳指ETF,纳指ETF广发,0.1170523751304612,1.0,regime_mix_rm511580_rm513650_volume_guard_ag28_co27_vr91_vs90_vb01_vg30_cap08_hi04_dd02_rm06_vm16_oh25_ohh32__proxy_hybrid_breadth_blend_vr91_vs90_vb-1__edge_rc186_vg283_oc066_oh030__stressbond_511260_vr90_vb-1__prs_rc186_en02_ex02,0.186,2.0,2.0,0.0006147943094589,-0.0002807369067077,1.9079096159529243,False,full_history,False
18.23783085074537,0.2352939161794589,0.2021022375848369,1.164232118314321,-0.2318563691382987,41.06372602888827,1523,0.8128408355398647,159941,纳指ETF,纳指ETF广发,0.1170523751304612,1.0,regime_mix_rm511580_rm513650_volume_guard_ag28_co27_vr91_vs90_vb01_vg30_cap08_hi04_dd02_rm06_vm16_oh25_ohh32__proxy_hybrid_breadth_blend_vr91_vs90_vb-1__edge_rc186_vg283_oc066_oh030__stressbond_511260_vr90_vb-1__prs_rc188_en02_ex02,0.188,2.0,2.0,0.0006017823023469,-0.0003594388276852,1.9072588554602987,False,full_history,False
18.107103370435624,0.2346921338771119,0.2015231283773547,1.1645915571420062,-0.2175721892708921,39.15646717342797,1566,0.8128408355398647,159941,纳指ETF,纳指ETF广发,0.1170523751304612,1.0,regime_mix_rm511580_rm513650_volume_guard_ag28_co27_vr91_vs90_vb01_vg30_cap08_hi04_dd02_rm06_vm16_oh25_ohh32__proxy_hybrid_breadth_blend_vr91_vs90_vb-1__edge_rc186_vg283_oc066_oh030__stressbond_511260_vr90_vb-1,,,,0.0,0.0,0.0,False,full_history,False
18.107103370435624,0.2346921338771119,0.2015231283773547,1.1645915571420062,-0.2175721892708921,39.15646717342797,1566,0.8128408355398647,159941,纳指ETF,纳指ETF广发,0.1170523751304612,1.0,regime_mix_rm511580_rm513650_volume_guard_ag28_co27_vr91_vs90_vb01_vg30_cap08_hi04_dd02_rm06_vm16_oh25_ohh32__proxy_hybrid_breadth_blend_vr91_vs90_vb-1__edge_rc186_vg283_oc066_oh030__stressbond_511260_vr90_vb-1__prs_rc186_en01_ex01,0.186,1.0,1.0,0.0,0.0,0.0,False,full_history,False
18.104091432718736,0.2346782239150824,0.2015261815520337,1.1645048901722423,-0.2176238222952999,39.165868014877134,1566,0.8128408355398647,159941,纳指ETF,纳指ETF广发,0.1170523751304612,1.0,regime_mix_rm511580_rm513650_volume_guard_ag28_co27_vr91_vs90_vb01_vg30_cap08_hi04_dd02_rm06_vm16_oh25_ohh32__proxy_hybrid_breadth_blend_vr91_vs90_vb-1__edge_rc186_vg283_oc066_oh030__stressbond_511260_vr90_vb-1__prs_rc188_en01_ex01,0.188,1.0,1.0,-1.3909962029545753e-05,-8.666696976389332e-05,0.0094008414491639,False,full_history,False
18.10231810765173,0.2346700332566724,0.2031910720795105,1.1549229543158468,-0.2327524451494786,41.1256867099064,1506,0.8128408355398647,159941,纳指ETF,纳指ETF广发,0.1170523751304612,1.0,regime_mix_rm511580_rm513650_volume_guard_ag28_co27_vr91_vs90_vb01_vg30_cap08_hi04_dd02_rm06_vm16_oh25_ohh32__proxy_hybrid_breadth_blend_vr91_vs90_vb-1__edge_rc186_vg283_oc066_oh030__stressbond_511260_vr90_vb-1__prs_rc184_en03_ex01,0.184,3.0,1.0,-2.210062043950245e-05,-0.0096686028261594,1.969219536478434,False,full_history,False
18.097952111074576,0.2346498645217825,0.2031924133309234,1.154816071501778,-0.2327747117833554,41.13300685264638,1506,0.8128408355398647,159941,纳指ETF,纳指ETF广发,0.1170523751304612,1.0,regime_mix_rm511580_rm513650_volume_guard_ag28_co27_vr91_vs90_vb01_vg30_cap08_hi04_dd02_rm06_vm16_oh25_ohh32__proxy_hybrid_breadth_blend_vr91_vs90_vb-1__edge_rc186_vg283_oc066_oh030__stressbond_511260_vr90_vb-1__prs_rc186_en03_ex01,0.186,3.0,1.0,-4.2269355329471736e-05,-0.0097754856402281,1.976539679218412,False,full_history,False
18.093586250645057,0.2346296921342865,0.2031937708645517,1.154709079594226,-0.2327969794044316,41.14032730874911,1506,0.8128408355398647,159941,纳指ETF,纳指ETF广发,0.1170523751304612,1.0,regime_mix_rm511580_rm513650_volume_guard_ag28_co27_vr91_vs90_vb01_vg30_cap08_hi04_dd02_rm06_vm16_oh25_ohh32__proxy_hybrid_breadth_blend_vr91_vs90_vb-1__edge_rc186_vg283_oc066_oh030__stressbond_511260_vr90_vb-1__prs_rc188_en03_ex01,0.188,3.0,1.0,-6.244174282543646e-05,-0.0098824775477803,1.9838601353211376,False,full_history,False
17.91138058679933,0.2337839711419334,0.2027084536887252,1.153301536703186,-0.2331289489896518,41.24598157707112,1509,0.8128408355398647,159941,纳指ETF,纳指ETF广发,0.1170523751304612,1.0,regime_mix_rm511580_rm513650_volume_guard_ag28_co27_vr91_vs90_vb01_vg30_cap08_hi04_dd02_rm06_vm16_oh25_ohh32__proxy_hybrid_breadth_blend_vr91_vs90_vb-1__edge_rc186_vg283_oc066_oh030__stressbond_511260_vr90_vb-1__prs_rc184_en03_ex02,0.184,3.0,2.0,-0.0009081627351785,-0.0112900204388202,2.0895144036431503,False,full_history,False
17.90906699234494,0.2337731838573655,0.2027104397388564,1.153237022022773,-0.2331424490476932,41.250500754063424,1509,0.8128408355398647,159941,纳指ETF,纳指ETF广发,0.1170523751304612,1.0,regime_mix_rm511580_rm513650_volume_guard_ag28_co27_vr91_vs90_vb01_vg30_cap08_hi04_dd02_rm06_vm16_oh25_ohh32__proxy_hybrid_breadth_blend_vr91_vs90_vb-1__edge_rc186_vg283_oc066_oh030__stressbond_511260_vr90_vb-1__prs_rc186_en03_ex02,0.186,3.0,2.0,-0.0009189500197464,-0.0113545351192332,2.094033580635454,False,full_history,False
17.90675250829967,0.2337623911987036,0.202712448203345,1.153172354586788,-0.2331559506006875,41.255020406684466,1509,0.8128408355398647,159941,纳指ETF,纳指ETF广发,0.1170523751304612,1.0,regime_mix_rm511580_rm513650_volume_guard_ag28_co27_vr91_vs90_vb01_vg30_cap08_hi04_dd02_rm06_vm16_oh25_ohh32__proxy_hybrid_breadth_blend_vr91_vs90_vb-1__edge_rc186_vg283_oc066_oh030__stressbond_511260_vr90_vb-1__prs_rc188_en03_ex02,0.188,3.0,2.0,-0.0009297426784082,-0.0114192025552182,2.098553233256496,False,full_history,False
16.762101349176447,0.2282683232134079,0.2014965019259089,1.1328649432204192,-0.2247791732445666,40.33138183190631,1521,0.8128408355398647,159941,纳指ETF,纳指ETF广发,0.1170523751304612,1.0,regime_mix_rm511580_rm513650_volume_guard_ag28_co27_vr91_vs90_vb01_vg30_cap08_hi04_dd02_rm06_vm16_oh25_ohh32__proxy_hybrid_breadth_blend_vr91_vs90_vb-1__edge_rc186_vg283_oc066_oh030__stressbond_511260_vr90_vb-1__prs_rc188_en02_ex03,0.188,2.0,3.0,-0.006423810663704,-0.031726613921587,1.1749146584783432,False,full_history,False
16.761108457890373,0.2282634164375261,0.2014936210249443,1.1328567885991176,-0.2247665574518056,40.33158287820271,1521,0.8128408355398647,159941,纳指ETF,纳指ETF广发,0.1170523751304612,1.0,regime_mix_rm511580_rm513650_volume_guard_ag28_co27_vr91_vs90_vb01_vg30_cap08_hi04_dd02_rm06_vm16_oh25_ohh32__proxy_hybrid_breadth_blend_vr91_vs90_vb-1__edge_rc186_vg283_oc066_oh030__stressbond_511260_vr90_vb-1__prs_rc186_en02_ex03,0.186,2.0,3.0,-0.0064287174395858,-0.0317347685428885,1.1751157047747398,False,full_history,False
16.76011390171946,0.2282585011785929,0.201490775535225,1.132848392549307,-0.2247539448061478,40.33178477732406,1521,0.8128408355398647,159941,纳指ETF,纳指ETF广发,0.1170523751304612,1.0,regime_mix_rm511580_rm513650_volume_guard_ag28_co27_vr91_vs90_vb01_vg30_cap08_hi04_dd02_rm06_vm16_oh25_ohh32__proxy_hybrid_breadth_blend_vr91_vs90_vb-1__edge_rc186_vg283_oc066_oh030__stressbond_511260_vr90_vb-1__prs_rc184_en02_ex03,0.184,2.0,3.0,-0.006433632698519,-0.0317431645926993,1.1753176038960902,False,full_history,False
16.439505462632784,0.2266605244632225,0.2021184247872043,1.1214243565466964,-0.2259790022005868,40.49313388251575,1507,0.8128408355398647,159941,纳指ETF,纳指ETF广发,0.1170523751304612,1.0,regime_mix_rm511580_rm513650_volume_guard_ag28_co27_vr91_vs90_vb01_vg30_cap08_hi04_dd02_rm06_vm16_oh25_ohh32__proxy_hybrid_breadth_blend_vr91_vs90_vb-1__edge_rc186_vg283_oc066_oh030__stressbond_511260_vr90_vb-1__prs_rc188_en03_ex03,0.188,3.0,3.0,-0.0080316094138894,-0.0431672005953098,1.3366667090877795,False,full_history,False
16.438053186201678,0.2266532241642191,0.2021160489593252,1.1214014192897266,-0.2259520490663136,40.48817036456366,1507,0.8128408355398647,159941,纳指ETF,纳指ETF广发,0.1170523751304612,1.0,regime_mix_rm511580_rm513650_volume_guard_ag28_co27_vr91_vs90_vb01_vg30_cap08_hi04_dd02_rm06_vm16_oh25_ohh32__proxy_hybrid_breadth_blend_vr91_vs90_vb-1__edge_rc186_vg283_oc066_oh030__stressbond_511260_vr90_vb-1__prs_rc186_en03_ex03,0.186,3.0,3.0,-0.0080389097128927,-0.0431901378522796,1.3317031911356878,False,full_history,False
16.436599698129847,0.2266459172092803,0.2021137009479873,1.1213782942285844,-0.2259250971987559,40.48320732335725,1507,0.8128408355398647,159941,纳指ETF,纳指ETF广发,0.1170523751304612,1.0,regime_mix_rm511580_rm513650_volume_guard_ag28_co27_vr91_vs90_vb01_vg30_cap08_hi04_dd02_rm06_vm16_oh25_ohh32__proxy_hybrid_breadth_blend_vr91_vs90_vb-1__edge_rc186_vg283_oc066_oh030__stressbond_511260_vr90_vb-1__prs_rc184_en03_ex03,0.184,3.0,3.0,-0.0080462166678316,-0.0432132629134218,1.3267401499292788,False,full_history,False
15.98620196717154,0.2243539823227818,0.2018722074012092,1.1113663698980187,-0.2265893076199756,40.681850915313184,1513,0.8128408355398647,159941,纳指ETF,纳指ETF广发,0.1170523751304612,1.0,regime_mix_rm511580_rm513650_volume_guard_ag28_co27_vr91_vs90_vb01_vg30_cap08_hi04_dd02_rm06_vm16_oh25_ohh32__proxy_hybrid_breadth_blend_vr91_vs90_vb-1__edge_rc186_vg283_oc066_oh030__stressbond_511260_vr90_vb-1__prs_rc188_en03_ex05,0.188,3.0,5.0,-0.0103381515543301,-0.0532251872439875,1.5253837418852143,False,full_history,False
15.983369359580491,0.2243393903134489,0.2018697010509708,1.1113078839741517,-0.2265772587497521,40.68149314082498,1513,0.8128408355398647,159941,纳指ETF,纳指ETF广发,0.1170523751304612,1.0,regime_mix_rm511580_rm513650_volume_guard_ag28_co27_vr91_vs90_vb01_vg30_cap08_hi04_dd02_rm06_vm16_oh25_ohh32__proxy_hybrid_breadth_blend_vr91_vs90_vb-1__edge_rc186_vg283_oc066_oh030__stressbond_511260_vr90_vb-1__prs_rc186_en03_ex05,0.186,3.0,5.0,-0.010352743563663,-0.0532836731678547,1.5250259673970137,False,full_history,False
15.98053581206204,0.2243247912010015,0.2018672250003574,1.1112491946159382,-0.2265652120386014,40.68113598022465,1513,0.8128408355398647,159941,纳指ETF,纳指ETF广发,0.1170523751304612,1.0,regime_mix_rm511580_rm513650_volume_guard_ag28_co27_vr91_vs90_vb01_vg30_cap08_hi04_dd02_rm06_vm16_oh25_ohh32__proxy_hybrid_breadth_blend_vr91_vs90_vb-1__edge_rc186_vg283_oc066_oh030__stressbond_511260_vr90_vb-1__prs_rc184_en03_ex05,0.184,3.0,5.0,-0.0103673426761103,-0.053342362526068,1.524668806796683,False,full_history,False
15.848415275088282,0.2236415504195894,0.1994580461650435,1.1212460701361475,-0.2175895410014415,50.34953341319544,1571,0.8128408355398647,159941,纳指ETF,纳指ETF广发,0.1170523751304612,1.0,regime_mix_rm511580_rm513650_volume_guard_ag28_co27_vr91_vs90_vb01_vg30_cap08_hi04_dd02_rm06_vm16_oh25_ohh32__proxy_hybrid_breadth_blend_vr91_vs90_vb-1__edge_rc186_vg283_oc066_oh030__stressbond_511260_vr90_vb-1__prs_rc188_en01_ex03,0.188,1.0,3.0,-0.0110505834575225,-0.0433454870058584,11.193066239767468,False,full_history,False
15.8454165211891,0.2236259851654463,0.1994534940552071,1.1211936207221742,-0.2176822040834285,50.38833253678072,1571,0.8128408355398647,159941,纳指ETF,纳指ETF广发,0.1170523751304612,1.0,regime_mix_rm511580_rm513650_volume_guard_ag28_co27_vr91_vs90_vb01_vg30_cap08_hi04_dd02_rm06_vm16_oh25_ohh32__proxy_hybrid_breadth_blend_vr91_vs90_vb-1__edge_rc186_vg283_oc066_oh030__stressbond_511260_vr90_vb-1__prs_rc186_en01_ex03,0.186,1.0,3.0,-0.0110661487116656,-0.043397936419832,11.231865363352746,False,full_history,False
15.842415770100152,0.2236104069691091,0.199448997554573,1.121140791434287,-0.2177748629571997,50.42714034191521,1571,0.8128408355398647,159941,纳指ETF,纳指ETF广发,0.1170523751304612,1.0,regime_mix_rm511580_rm513650_volume_guard_ag28_co27_vr91_vs90_vb01_vg30_cap08_hi04_dd02_rm06_vm16_oh25_ohh32__proxy_hybrid_breadth_blend_vr91_vs90_vb-1__edge_rc186_vg283_oc066_oh030__stressbond_511260_vr90_vb-1__prs_rc184_en01_ex03,0.184,1.0,3.0,-0.0110817269080027,-0.0434507657077192,11.270673168487242,False,full_history,False
15.705358512430417,0.2228961220969725,0.2011594030756973,1.1080571859377388,-0.2473081370644126,44.955659241854335,1527,0.8128408355398647,159941,纳指ETF,纳指ETF广发,0.1170523751304612,1.0,regime_mix_rm511580_rm513650_volume_guard_ag28_co27_vr91_vs90_vb01_vg30_cap08_hi04_dd02_rm06_vm16_oh25_ohh32__proxy_hybrid_breadth_blend_vr91_vs90_vb-1__edge_rc186_vg283_oc066_oh030__stressbond_511260_vr90_vb-1__prs_rc188_en02_ex05,0.188,2.0,5.0,-0.0117960117801394,-0.0565343712042674,5.799192068426365,False,full_history,False
15.701581312906256,0.2228763599724565,0.2011563768122992,1.1079756133230836,-0.2473640175728161,44.971350747854416,1527,0.8128408355398647,159941,纳指ETF,纳指ETF广发,0.1170523751304612,1.0,regime_mix_rm511580_rm513650_volume_guard_ag28_co27_vr91_vs90_vb01_vg30_cap08_hi04_dd02_rm06_vm16_oh25_ohh32__proxy_hybrid_breadth_blend_vr91_vs90_vb-1__edge_rc186_vg283_oc066_oh030__stressbond_511260_vr90_vb-1__prs_rc186_en02_ex05,0.186,2.0,5.0,-0.0118157739046553,-0.0566159438189226,5.814883574426446,False,full_history,False
15.697803193383372,0.2228565888826297,0.201153389505805,1.1078937791212229,-0.2474198994853662,44.98704243033663,1527,0.8128408355398647,159941,纳指ETF,纳指ETF广发,0.1170523751304612,1.0,regime_mix_rm511580_rm513650_volume_guard_ag28_co27_vr91_vs90_vb01_vg30_cap08_hi04_dd02_rm06_vm16_oh25_ohh32__proxy_hybrid_breadth_blend_vr91_vs90_vb-1__edge_rc186_vg283_oc066_oh030__stressbond_511260_vr90_vb-1__prs_rc184_en02_ex05,0.184,2.0,5.0,-0.0118355449944822,-0.0566977780207833,5.830575256908659,False,full_history,False
13.702479959403512,0.2117857179809537,0.1981779815903513,1.068664219311359,-0.2356740593376031,43.529514295535414,1565,0.8128408355398647,159941,纳指ETF,纳指ETF广发,0.1170523751304612,1.0,regime_mix_rm511580_rm513650_volume_guard_ag28_co27_vr91_vs90_vb01_vg30_cap08_hi04_dd02_rm06_vm16_oh25_ohh32__proxy_hybrid_breadth_blend_vr91_vs90_vb-1__edge_rc186_vg283_oc066_oh030__stressbond_511260_vr90_vb-1__prs_rc188_en01_ex05,0.188,1.0,5.0,-0.0229064158961582,-0.0959273378306475,4.373047122107444,False,full_history,False
13.6947658560594,0.2117402703925015,0.1981724609593035,1.0684646563277238,-0.2356935383633498,43.53894991517021,1565,0.8128408355398647,159941,纳指ETF,纳指ETF广发,0.1170523751304612,1.0,regime_mix_rm511580_rm513650_volume_guard_ag28_co27_vr91_vs90_vb01_vg30_cap08_hi04_dd02_rm06_vm16_oh25_ohh32__proxy_hybrid_breadth_blend_vr91_vs90_vb-1__edge_rc186_vg283_oc066_oh030__stressbond_511260_vr90_vb-1__prs_rc186_en01_ex05,0.186,1.0,5.0,-0.0229518634846104,-0.0961269008142824,4.382482741742237,False,full_history,False
13.687053150810913,0.2116948088885413,0.1981670073994878,1.0682646504409414,-0.2357130241180648,43.5483865612552,1565,0.8128408355398647,159941,纳指ETF,纳指ETF广发,0.1170523751304612,1.0,regime_mix_rm511580_rm513650_volume_guard_ag28_co27_vr91_vs90_vb01_vg30_cap08_hi04_dd02_rm06_vm16_oh25_ohh32__proxy_hybrid_breadth_blend_vr91_vs90_vb-1__edge_rc186_vg283_oc066_oh030__stressbond_511260_vr90_vb-1__prs_rc184_en01_ex05,0.184,1.0,5.0,-0.0229973249885706,-0.0963269067010648,4.39191938782723,False,full_history,False
